-- phpMyAdmin SQL Dump
-- version 5.2.1
-- https://www.phpmyadmin.net/
--
-- 主機： 127.0.0.1
-- 產生時間： 2025-04-08 03:59:51
-- 伺服器版本： 8.0.40
-- PHP 版本： 8.2.12

SET SQL_MODE = "NO_AUTO_VALUE_ON_ZERO";
START TRANSACTION;
SET time_zone = "+00:00";


/*!40101 SET @OLD_CHARACTER_SET_CLIENT=@@CHARACTER_SET_CLIENT */;
/*!40101 SET @OLD_CHARACTER_SET_RESULTS=@@CHARACTER_SET_RESULTS */;
/*!40101 SET @OLD_COLLATION_CONNECTION=@@COLLATION_CONNECTION */;
/*!40101 SET NAMES utf8mb4 */;

--
-- 資料庫： `pet_proj`
--
DROP DATABASE IF EXISTS `pet_proj`;
CREATE DATABASE IF NOT EXISTS `pet_proj` DEFAULT CHARACTER SET utf8mb4 COLLATE utf8mb4_0900_ai_ci;
USE `pet_proj`;

-- --------------------------------------------------------

--
-- 資料表結構 `admin_operation_logs`
--

CREATE TABLE `admin_operation_logs` (
  `id` int NOT NULL,
  `admin_id` int NOT NULL,
  `action_type` varchar(50) NOT NULL COMMENT '操作類型：登入、登出、新增、修改、刪除等',
  `module` varchar(50) NOT NULL COMMENT '操作模組：會員、寵物、商品、文章等',
  `target_id` int DEFAULT NULL COMMENT '操作對象ID',
  `details` text NOT NULL COMMENT '詳細操作內容',
  `ip_address` varchar(45) DEFAULT NULL COMMENT '操作者IP地址',
  `created_at` timestamp NOT NULL DEFAULT CURRENT_TIMESTAMP COMMENT '操作時間'
) ENGINE=InnoDB DEFAULT CHARSET=utf8mb4 COLLATE=utf8mb4_0900_ai_ci COMMENT='管理員操作日誌';

--
-- 傾印資料表的資料 `admin_operation_logs`
--

INSERT INTO `admin_operation_logs` (`id`, `admin_id`, `action_type`, `module`, `target_id`, `details`, `ip_address`, `created_at`) VALUES
(1, 1, 'LOGIN', 'SYSTEM', NULL, '管理員登入系統', '192.168.1.100', '2024-03-15 09:00:00'),
(2, 1, 'UPDATE', 'MEMBER', 25, '更新會員資料：修改聯絡電話', '192.168.1.100', '2024-03-15 09:15:23'),
(3, 1, 'DELETE', 'MEMBER', 30, '刪除停用會員帳號', '192.168.1.100', '2024-03-15 09:30:45'),
(4, 1, 'LOGOUT', 'SYSTEM', NULL, '管理員登出系統', '192.168.1.100', '2024-03-15 17:30:00'),
(5, 2, 'LOGIN', 'SYSTEM', NULL, '管理員登入系統', '192.168.1.101', '2024-03-15 08:30:00'),
(6, 2, 'CREATE', 'PET', 101, '新增寵物資料：米克斯成年貓', '192.168.1.101', '2024-03-15 08:45:12'),
(7, 2, 'UPDATE', 'PET', 95, '更新寵物狀態：已完成結紮手術', '192.168.1.101', '2024-03-15 10:20:33'),
(8, 2, 'UPDATE', 'PET', 88, '更新寵物狀態：已被領養', '192.168.1.101', '2024-03-15 14:15:27'),
(9, 2, 'LOGOUT', 'SYSTEM', NULL, '管理員登出系統', '192.168.1.101', '2024-03-15 18:00:00'),
(10, 3, 'LOGIN', 'SYSTEM', NULL, '管理員登入系統', '192.168.1.102', '2024-03-15 09:15:00'),
(11, 3, 'CREATE', 'DONATION', 156, '新增捐款記錄：台幣 5000 元', '192.168.1.102', '2024-03-15 09:45:18'),
(12, 3, 'UPDATE', 'DONATION', 155, '更新捐款狀態：已開立收據', '192.168.1.102', '2024-03-15 11:30:42'),
(13, 3, 'LOGOUT', 'SYSTEM', NULL, '管理員登出系統', '192.168.1.102', '2024-03-15 17:45:00'),
(14, 4, 'LOGIN', 'SYSTEM', NULL, '管理員登入系統', '192.168.1.103', '2024-03-15 08:00:00'),
(15, 4, 'CREATE', 'PRODUCT', 89, '新增商品：優質貓砂 10kg裝', '192.168.1.103', '2024-03-15 08:30:15'),
(16, 4, 'UPDATE', 'PRODUCT', 75, '更新商品庫存：補貨 50 件', '192.168.1.103', '2024-03-15 09:20:44'),
(17, 4, 'UPDATE', 'PRODUCT', 82, '更新商品價格：調整為 299 元', '192.168.1.103', '2024-03-15 13:45:30'),
(18, 4, 'DELETE', 'PRODUCT', 70, '下架已售罄商品', '192.168.1.103', '2024-03-15 15:30:22'),
(19, 4, 'LOGOUT', 'SYSTEM', NULL, '管理員登出系統', '192.168.1.103', '2024-03-15 17:15:00'),
(20, 5, 'LOGIN', 'SYSTEM', NULL, '管理員登入系統', '192.168.1.104', '2024-03-15 09:30:00'),
(21, 5, 'CREATE', 'POST', 45, '發布新文章：寵物健康檢查指南', '192.168.1.104', '2024-03-15 10:15:33'),
(22, 5, 'UPDATE', 'POST', 42, '更新文章內容：補充疫苗資訊', '192.168.1.104', '2024-03-15 11:45:21'),
(23, 5, 'DELETE', 'POST', 38, '刪除過期活動文章', '192.168.1.104', '2024-03-15 14:30:17'),
(24, 5, 'LOGOUT', 'SYSTEM', NULL, '管理員登出系統', '192.168.1.104', '2024-03-15 18:15:00'),
(25, 1, 'LOGIN', 'SYSTEM', NULL, '管理員登入系統', '192.168.1.100', '2025-03-17 05:35:59'),
(26, 1, 'UPDATE', 'MEMBER', 28, '更新會員等級：升級為 VIP', '192.168.1.100', '2025-03-17 06:35:59'),
(27, 2, 'LOGIN', 'SYSTEM', NULL, '管理員登入系統', '192.168.1.101', '2025-03-17 04:35:59'),
(28, 2, 'CREATE', 'PET', 102, '新增寵物資料：米克斯幼犬', '192.168.1.101', '2025-03-17 07:05:59'),
(29, 4, 'LOGIN', 'SYSTEM', NULL, '管理員登入系統', '192.168.1.103', '2025-03-17 03:35:59'),
(30, 4, 'UPDATE', 'PRODUCT', 90, '更新商品促銷資訊', '192.168.1.103', '2025-03-17 07:20:59');

-- --------------------------------------------------------

--
-- 資料表結構 `bank_transfer_details`
--

CREATE TABLE `bank_transfer_details` (
  `id` int NOT NULL,
  `donation_id` int NOT NULL,
  `transfer_date` date NOT NULL,
  `transfer_amount` int NOT NULL,
  `donor_name` varchar(80) CHARACTER SET utf8mb4 COLLATE utf8mb4_general_ci NOT NULL,
  `account_last_5` varchar(5) CHARACTER SET utf8mb4 COLLATE utf8mb4_general_ci DEFAULT NULL,
  `reconciliation_status` varchar(20) CHARACTER SET utf8mb4 COLLATE utf8mb4_general_ci NOT NULL DEFAULT '未核對'
) ENGINE=InnoDB DEFAULT CHARSET=utf8mb4 COLLATE=utf8mb4_general_ci;

-- --------------------------------------------------------

--
-- 資料表結構 `bans`
--

CREATE TABLE `bans` (
  `id` int NOT NULL,
  `user_id` int NOT NULL,
  `banned_by` int NOT NULL,
  `reason` text CHARACTER SET utf8mb4 COLLATE utf8mb4_general_ci,
  `ban_until` timestamp NULL DEFAULT NULL,
  `created_at` timestamp NULL DEFAULT CURRENT_TIMESTAMP
) ENGINE=InnoDB DEFAULT CHARSET=utf8mb4 COLLATE=utf8mb4_general_ci;

--
-- 傾印資料表的資料 `bans`
--

INSERT INTO `bans` (`id`, `user_id`, `banned_by`, `reason`, `ban_until`, `created_at`) VALUES
(1, 15, 5, '違反社群規範', '2025-02-03 03:32:55', '2025-01-15 17:28:49'),
(2, 8, 1, '違反社群規範', '2025-02-02 03:32:55', '2025-01-15 17:28:49'),
(3, 19, 1, '違反社群規範', '2025-01-25 03:32:55', '2025-01-15 17:28:49'),
(4, 3, 1, '違反社群規範', '2025-01-23 03:32:55', '2025-01-15 17:28:49'),
(5, 3, 6, '違反社群規範', '2025-02-08 03:32:55', '2025-01-15 17:28:49'),
(6, 2, 17, '違反社群規範', '2025-02-05 03:32:55', '2025-01-15 17:28:49'),
(7, 6, 16, '違反社群規範', '2025-01-28 03:32:55', '2025-01-15 17:28:49'),
(8, 2, 8, '違反社群規範', '2025-01-17 03:32:55', '2025-01-15 17:28:49'),
(11, 9, 14, '違反社群規範', '2025-01-18 03:32:55', '2025-01-15 17:28:49'),
(12, 11, 16, '違反社群規範', '2025-01-20 03:32:55', '2025-01-15 17:28:49'),
(13, 14, 10, '違反社群規範', '2025-02-03 03:32:55', '2025-01-15 17:28:49'),
(14, 6, 7, '違反社群規範', '2025-02-10 03:32:55', '2025-01-15 17:28:49'),
(15, 14, 5, '違反社群規範', '2025-02-07 03:32:55', '2025-01-15 17:28:49'),
(16, 12, 3, '違反社群規範', '2025-01-15 03:32:55', '2025-01-15 17:28:49'),
(17, 18, 14, '違反社群規範', '2025-02-07 03:32:55', '2025-01-15 17:28:49'),
(18, 4, 5, '違反社群規範', '2025-02-02 03:32:55', '2025-01-15 17:28:49'),
(19, 2, 12, '違反社群規範', '2025-02-06 03:32:55', '2025-01-15 17:28:49'),
(20, 6, 14, '違反社群規範', '2025-01-13 03:32:55', '2025-01-15 17:28:49');

-- --------------------------------------------------------

--
-- 資料表結構 `bookmarks`
--

CREATE TABLE `bookmarks` (
  `id` int NOT NULL,
  `user_id` int NOT NULL,
  `post_id` int NOT NULL,
  `created_at` timestamp NULL DEFAULT CURRENT_TIMESTAMP
) ENGINE=InnoDB DEFAULT CHARSET=utf8mb4 COLLATE=utf8mb4_general_ci;

--
-- 傾印資料表的資料 `bookmarks`
--

INSERT INTO `bookmarks` (`id`, `user_id`, `post_id`, `created_at`) VALUES
(1, 1, 167, '2025-01-15 17:28:49'),
(2, 9, 180, '2025-01-15 17:28:49'),
(5, 10, 24, '2025-01-15 17:28:49'),
(6, 18, 81, '2025-01-15 17:28:49'),
(8, 14, 152, '2025-01-15 17:28:49'),
(9, 8, 157, '2025-01-15 17:28:49'),
(10, 13, 27, '2025-01-15 17:28:49'),
(11, 2, 79, '2025-01-15 17:28:49'),
(12, 10, 39, '2025-01-15 17:28:49'),
(13, 12, 100, '2025-01-15 17:28:49'),
(14, 2, 87, '2025-01-15 17:28:49'),
(15, 3, 151, '2025-01-15 17:28:49'),
(16, 6, 49, '2025-01-15 17:28:49'),
(17, 2, 35, '2025-01-15 17:28:49'),
(18, 6, 149, '2025-01-15 17:28:49'),
(19, 14, 152, '2025-01-15 17:28:49'),
(20, 2, 135, '2025-01-15 17:28:49');

-- --------------------------------------------------------

--
-- 資料表結構 `cases`
--

CREATE TABLE `cases` (
  `id` int NOT NULL,
  `title` varchar(255) CHARACTER SET utf8mb4 COLLATE utf8mb4_general_ci NOT NULL,
  `content` text CHARACTER SET utf8mb4 COLLATE utf8mb4_general_ci NOT NULL
) ENGINE=InnoDB DEFAULT CHARSET=utf8mb4 COLLATE=utf8mb4_general_ci;

--
-- 傾印資料表的資料 `cases`
--

INSERT INTO `cases` (`id`, `title`, `content`) VALUES
(1, '高雄浪喵遭橡皮圈勒喉頭腫如皮球', '台灣動物緊急救援小組前往高雄路竹救援一隻頭部明顯腫脹的浪貓，這隻貓咪的脖子被一條橡皮圈緊繞，陷入深層，阻礙血液循環，頭腫如皮球一般。台灣動物緊急救援小組救援團隊成功誘捕貓咪後，立即送往動物醫院進行醫療與安置。\n\n台灣動物緊急救援小組救援過許多因橡皮筋造成勒傷的案例，多數為流浪貓狗覓食將頭伸入便當盒中造成，在長期的摩擦與橡皮筋會越束越緊的特性之下，造成被勒住的部位被摩擦甚至嵌入皮肉中，甚至造成開放的傷口或切開氣管，嚴重者甚至會喪命。希望大家在外食用便當時，可將橡皮筋直接丟棄或採斜對角方式綑綁，減少悲劇發生的機率。'),
(2, '巨瘤吞半邊臉的小黃狗', '台灣動物緊急救援小組前往高雄六龜救援一隻臉部腫瘤的浪犬，這隻狗兒臉上有一顆巨大腫瘤，幾乎吞噬半張左臉，且相當虛弱。台灣動物緊急救援小組救援團隊順利救援病犬後立即送往動物醫院檢查治療。'),
(3, '新北市流浪貓救援，傷勢嚴重獲醫治', '一隻流浪貓在新北市被發現傷勢嚴重，經過動物救援小組的協助，將貓咪送到醫院治療，並且進行了手術。經過一段時間的醫療照護，貓咪康復，並被送到愛心家庭。'),
(4, '高雄流浪狗救援，成功治療並安置', '在高雄的街頭，一隻流浪狗因為受傷無法行動，動物救援小組及時發現並提供了醫療幫助。經過救援，狗狗被治療並安置在安養中心。'),
(5, '台南市救援傷貓，獲得醫治與康復', '台南市一隻傷貓被發現後，動物救援小組迅速將牠送往醫院治療。經過醫療照護後，貓咪成功康復，並由領養家庭接走。'),
(6, '台中市救援受傷流浪狗，成功醫治', '一隻流浪狗在台中市被發現受傷，動物救援小組立即提供醫療幫助，並將狗狗送往醫院進行治療。經過康復，狗狗被領養家庭接走。'),
(7, '彰化狗狗被釘入刺，救援醫療成功', '一隻狗狗被不明物體釘入傷口，幸好在動物救援小組的幫助下，成功移除異物並進行醫療處置，狗狗迅速康復。'),
(8, '高雄流浪貓傷勢嚴重，獲救助及安置', '在高雄，一隻流浪貓遭遇重傷，被動物救援小組救助後，送醫進行醫療。經過治療後，貓咪得以康復並成功找到領養家庭。');

-- --------------------------------------------------------

--
-- 資料表結構 `case_images`
--

CREATE TABLE `case_images` (
  `id` int NOT NULL,
  `case_id` int DEFAULT NULL,
  `image_url` varchar(255) CHARACTER SET utf8mb4 COLLATE utf8mb4_general_ci NOT NULL
) ENGINE=InnoDB DEFAULT CHARSET=utf8mb4 COLLATE=utf8mb4_general_ci;

--
-- 傾印資料表的資料 `case_images`
--

INSERT INTO `case_images` (`id`, `case_id`, `image_url`) VALUES
(1, 1, 'https://www.savedogs.org/upload/ckeditor/forum_photos/followup/2024-12-29/R01.jpg'),
(2, 1, 'https://www.savedogs.org/upload/ckeditor/forum_photos/followup/2024-12-29/R03.jpg'),
(3, 1, 'https://www.savedogs.org/upload/ckeditor/forum_photos/followup/2024-12-29/R04.jpg'),
(4, 2, 'https://www.savedogs.org/upload/ckeditor/forum_photos/followup/2025-02-12/R01.jpg'),
(5, 2, 'https://www.savedogs.org/upload/ckeditor/forum_photos/followup/2025-02-12/R02.jpg'),
(6, 2, 'https://www.savedogs.org/upload/ckeditor/forum_photos/followup/2025-02-12/R03.jpg'),
(7, 3, 'https://www.savedogs.org/upload/ckeditor/forum_photos/followup/2024-06-06/R00.jpg'),
(8, 3, 'https://www.savedogs.org/upload/ckeditor/forum_photos/followup/2024-06-06/R01.jpg'),
(9, 3, 'https://www.savedogs.org/upload/ckeditor/forum_photos/followup/2024-06-06/R02.jpg'),
(10, 4, 'https://www.savedogs.org/upload/ckeditor/forum_photos/followup/2024-08-06/R01.jpg'),
(11, 4, 'https://www.savedogs.org/upload/ckeditor/forum_photos/followup/2024-08-06/R02.jpg'),
(12, 5, 'https://www.savedogs.org/upload/ckeditor/forum_photos/followup/2024-08-02/R00.jpg'),
(13, 5, 'https://www.savedogs.org/upload/ckeditor/forum_photos/followup/2024-08-02/R01.jpg'),
(14, 5, 'https://www.savedogs.org/upload/ckeditor/forum_photos/followup/2024-08-02/R02.jpg'),
(15, 6, 'https://www.savedogs.org/upload/ckeditor/forum_photos/followup/2024-07-18/R00.jpg'),
(16, 6, 'https://www.savedogs.org/upload/ckeditor/forum_photos/followup/2024-07-18/R01.jpg'),
(17, 7, 'https://www.savedogs.org/upload/ckeditor/forum_photos/followup/2024-10-18/R02.jpg'),
(18, 7, 'https://www.savedogs.org/upload/ckeditor/forum_photos/followup/2024-10-18/R01.jpg'),
(19, 8, 'https://www.savedogs.org/upload/ckeditor/forum_photos/followup/2024-10-18/R03.jpg'),
(20, 8, 'https://www.savedogs.org/upload/ckeditor/forum_photos/followup/2024-10-18/R01.jpg'),
(21, 8, 'https://www.savedogs.org/upload/ckeditor/forum_photos/followup/2024-10-18/R02.jpg');

-- --------------------------------------------------------

--
-- 資料表結構 `categories`
--

CREATE TABLE `categories` (
  `category_id` int NOT NULL,
  `category_name` varchar(255) CHARACTER SET utf8mb4 COLLATE utf8mb4_general_ci NOT NULL,
  `category_tag` varchar(20) CHARACTER SET utf8mb4 COLLATE utf8mb4_general_ci NOT NULL,
  `category_description` text CHARACTER SET utf8mb4 COLLATE utf8mb4_general_ci,
  `parent_id` int DEFAULT NULL,
  `created_at` datetime NOT NULL DEFAULT CURRENT_TIMESTAMP,
  `updated_at` datetime NOT NULL DEFAULT CURRENT_TIMESTAMP ON UPDATE CURRENT_TIMESTAMP
) ENGINE=InnoDB DEFAULT CHARSET=utf8mb4 COLLATE=utf8mb4_general_ci;

--
-- 傾印資料表的資料 `categories`
--

INSERT INTO `categories` (`category_id`, `category_name`, `category_tag`, `category_description`, `parent_id`, `created_at`, `updated_at`) VALUES
(1, '寵物飼料(乾糧)', 'dry_food', '各類動物的乾糧飼料', NULL, '2025-01-16 03:08:30', '2025-03-11 15:42:59'),
(2, '寵物罐頭(濕糧)', 'wet_food', '各類動物的罐頭與濕糧', NULL, '2025-01-16 03:08:30', '2025-03-11 15:42:59'),
(3, '寵物零食', 'pet_snacks', '各類動物的零食與獎勳食品', NULL, '2025-01-16 03:08:30', '2025-03-11 15:42:59'),
(4, '日常用品', 'daily_supplies', '寵物的日常用品與配件', NULL, '2025-01-16 03:08:30', '2025-03-11 15:42:59'),
(5, '寵物美容', 'pet_grooming', '寵物的美容與清潔用品', NULL, '2025-01-16 03:08:30', '2025-03-11 15:42:59'),
(6, '狗乾糧', 'dog_dry_food', '狗專用乾糧', 1, '2025-01-16 13:44:17', '2025-03-11 15:42:59'),
(7, '貓乾糧', 'cat_dry_food', '貓專用乾糧', 1, '2025-01-16 15:22:09', '2025-03-11 15:42:59'),
(8, '狗罐頭', 'dog_wet_food', '狗專用罐頭與濕糧', 2, '2025-01-16 15:22:26', '2025-03-11 15:42:59'),
(9, '貓罐頭', 'cat_wet_food', '貓專用罐頭與濕糧', 2, '2025-01-16 15:22:34', '2025-03-11 15:42:59'),
(10, '狗零食', 'dog_snacks', '狗專用零食與獎勳食品', 3, '2025-03-11 15:42:59', '2025-03-11 15:42:59'),
(11, '貓零食', 'cat_snacks', '貓專用零食與獎勳食品', 3, '2025-03-11 15:42:59', '2025-03-11 15:42:59'),
(12, '狗日常用品', 'dog_supplies', '狗的日常用品，如狗窩、牽繩', 4, '2025-03-11 15:42:59', '2025-03-11 15:42:59'),
(13, '貓日常用品', 'cat_supplies', '貓的日常用品，如貓砂盆、貓抓板', 4, '2025-03-11 15:42:59', '2025-03-11 15:42:59'),
(14, '狗美容用品', 'dog_grooming', '狗的美容與清潔用品', 5, '2025-03-11 15:42:59', '2025-03-11 15:42:59'),
(15, '貓美容用品', 'cat_grooming', '貓的美容與清潔用品', 5, '2025-03-11 15:42:59', '2025-03-11 15:42:59');

-- --------------------------------------------------------

--
-- 資料表結構 `chat_messages`
--

CREATE TABLE `chat_messages` (
  `id` int NOT NULL,
  `room_id` int NOT NULL,
  `user_id` int NOT NULL,
  `message` text CHARACTER SET utf8mb4 COLLATE utf8mb4_general_ci NOT NULL,
  `message_type` enum('text','image','video','system') CHARACTER SET utf8mb4 COLLATE utf8mb4_general_ci DEFAULT 'text',
  `reply_to` int DEFAULT NULL,
  `created_at` timestamp NULL DEFAULT CURRENT_TIMESTAMP
) ENGINE=InnoDB DEFAULT CHARSET=utf8mb4 COLLATE=utf8mb4_general_ci;

-- --------------------------------------------------------

--
-- 資料表結構 `chat_rooms`
--

CREATE TABLE `chat_rooms` (
  `id` int NOT NULL,
  `name` varchar(255) CHARACTER SET utf8mb4 COLLATE utf8mb4_general_ci NOT NULL,
  `created_at` timestamp NULL DEFAULT CURRENT_TIMESTAMP
) ENGINE=InnoDB DEFAULT CHARSET=utf8mb4 COLLATE=utf8mb4_general_ci;

-- --------------------------------------------------------

--
-- 資料表結構 `chat_users`
--

CREATE TABLE `chat_users` (
  `id` int NOT NULL,
  `user_id` int NOT NULL,
  `room_id` int NOT NULL,
  `last_read_message_id` int DEFAULT NULL,
  `joined_at` timestamp NULL DEFAULT CURRENT_TIMESTAMP
) ENGINE=InnoDB DEFAULT CHARSET=utf8mb4 COLLATE=utf8mb4_general_ci;

-- --------------------------------------------------------

--
-- 資料表結構 `comments`
--

CREATE TABLE `comments` (
  `id` int NOT NULL,
  `body` text CHARACTER SET utf8mb4 COLLATE utf8mb4_general_ci NOT NULL,
  `post_id` int NOT NULL,
  `user_id` int NOT NULL,
  `likes_count` int DEFAULT '0',
  `status` enum('已留言','被檢舉','已刪除') CHARACTER SET utf8mb4 COLLATE utf8mb4_general_ci NOT NULL DEFAULT '已留言',
  `created_at` timestamp NULL DEFAULT CURRENT_TIMESTAMP,
  `updated_at` timestamp NULL DEFAULT CURRENT_TIMESTAMP ON UPDATE CURRENT_TIMESTAMP
) ENGINE=InnoDB DEFAULT CHARSET=utf8mb4 COLLATE=utf8mb4_general_ci;

--
-- 傾印資料表的資料 `comments`
--

INSERT INTO `comments` (`id`, `body`, `post_id`, `user_id`, `likes_count`, `status`, `created_at`, `updated_at`) VALUES
(1, '這隻寵物真的太可愛了！', 128, 8, 5, '已留言', '2025-01-15 17:28:48', '2025-01-15 17:28:48'),
(2, '這隻寵物真的太可愛了！', 33, 3, 7, '已留言', '2025-01-15 17:28:48', '2025-01-15 17:28:48'),
(3, '這隻寵物真的太可愛了！', 67, 9, 1, '已留言', '2025-01-15 17:28:48', '2025-01-15 17:28:48'),
(4, '這隻寵物真的太可愛了！', 143, 18, 8, '已留言', '2025-01-15 17:28:48', '2025-01-15 17:28:48'),
(6, '這隻寵物真的太可愛了！', 135, 11, 17, '已留言', '2025-01-15 17:28:48', '2025-01-15 17:28:48'),
(7, '這隻寵物真的太可愛了！', 85, 8, 18, '已留言', '2025-01-15 17:28:48', '2025-01-15 17:28:48'),
(8, '這隻寵物真的太可愛了！', 141, 10, 13, '已留言', '2025-01-15 17:28:48', '2025-01-15 17:28:48'),
(9, '這隻寵物真的太可愛了！', 40, 15, 6, '已留言', '2025-01-15 17:28:48', '2025-01-15 17:28:48'),
(10, '這隻寵物真的太可愛了！', 145, 2, 13, '已留言', '2025-01-15 17:28:48', '2025-01-15 17:28:48'),
(11, '這隻寵物真的太可愛了！', 109, 11, 18, '已留言', '2025-01-15 17:28:48', '2025-01-15 17:28:48'),
(12, '這隻寵物真的太可愛了！', 80, 9, 7, '已留言', '2025-01-15 17:28:48', '2025-01-15 17:28:48'),
(13, '這隻寵物真的太可愛了！', 40, 11, 9, '已留言', '2025-01-15 17:28:48', '2025-01-15 17:28:48'),
(14, '這隻寵物真的太可愛了！', 29, 9, 3, '已留言', '2025-01-15 17:28:48', '2025-01-15 17:28:48'),
(15, '這隻寵物真的太可愛了！', 36, 1, 8, '已留言', '2025-01-15 17:28:48', '2025-01-15 17:28:48'),
(16, '這隻寵物真的太可愛了！', 172, 19, 2, '已留言', '2025-01-15 17:28:48', '2025-01-15 17:28:48'),
(18, '這隻寵物真的太可愛了！', 166, 17, 2, '已留言', '2025-01-15 17:28:48', '2025-01-15 17:28:48'),
(20, '這隻寵物真的太可愛了！', 149, 9, 14, '已留言', '2025-01-15 17:28:48', '2025-01-15 17:28:48'),
(21, '這隻寵物真的太可愛了！', 80, 5, 13, '已留言', '2025-01-15 17:28:48', '2025-01-15 17:28:48'),
(22, '這隻寵物真的太可愛了！', 15, 13, 3, '已留言', '2025-01-15 17:28:48', '2025-01-15 17:28:48'),
(23, '這隻寵物真的太可愛了！', 86, 9, 13, '已留言', '2025-01-15 17:28:48', '2025-01-15 17:28:48'),
(24, '這隻寵物真的太可愛了！', 66, 9, 13, '已留言', '2025-01-15 17:28:48', '2025-01-15 17:28:48'),
(27, '這隻寵物真的太可愛了！', 28, 13, 18, '已留言', '2025-01-15 17:28:48', '2025-01-15 17:28:48'),
(28, '這隻寵物真的太可愛了！', 28, 7, 9, '已留言', '2025-01-15 17:28:48', '2025-01-15 17:28:48'),
(29, '這隻寵物真的太可愛了！', 135, 3, 7, '已留言', '2025-01-15 17:28:48', '2025-01-15 17:28:48'),
(30, '這隻寵物真的太可愛了！', 65, 12, 6, '已留言', '2025-01-15 17:28:48', '2025-01-15 17:28:48'),
(31, '這隻寵物真的太可愛了！', 152, 7, 17, '已留言', '2025-01-15 17:28:48', '2025-01-15 17:28:48'),
(32, '這隻寵物真的太可愛了！', 58, 7, 19, '已留言', '2025-01-15 17:28:48', '2025-01-15 17:28:48'),
(33, '這隻寵物真的太可愛了！', 141, 10, 1, '已留言', '2025-01-15 17:28:48', '2025-01-15 17:28:48'),
(34, '這隻寵物真的太可愛了！', 77, 4, 13, '已留言', '2025-01-15 17:28:48', '2025-01-15 17:28:48'),
(35, '這隻寵物真的太可愛了！', 4, 2, 16, '已留言', '2025-01-15 17:28:48', '2025-01-15 17:28:48'),
(36, '這隻寵物真的太可愛了！', 200, 5, 7, '已留言', '2025-01-15 17:28:48', '2025-01-15 17:28:48'),
(37, '這隻寵物真的太可愛了！', 33, 19, 2, '已留言', '2025-01-15 17:28:48', '2025-01-15 17:28:48'),
(40, '這隻寵物真的太可愛了！', 79, 11, 9, '已留言', '2025-01-15 17:28:48', '2025-01-15 17:28:48'),
(41, '這隻寵物真的太可愛了！', 178, 17, 1, '已留言', '2025-01-15 17:28:48', '2025-01-15 17:28:48'),
(42, '這隻寵物真的太可愛了！', 131, 18, 8, '已留言', '2025-01-15 17:28:48', '2025-01-15 17:28:48'),
(43, '這隻寵物真的太可愛了！', 164, 19, 13, '已留言', '2025-01-15 17:28:48', '2025-01-15 17:28:48'),
(44, '這隻寵物真的太可愛了！', 67, 4, 19, '已留言', '2025-01-15 17:28:48', '2025-01-15 17:28:48'),
(46, '這隻寵物真的太可愛了！', 125, 3, 16, '已留言', '2025-01-15 17:28:48', '2025-01-15 17:28:48'),
(47, '這隻寵物真的太可愛了！', 193, 13, 19, '已留言', '2025-01-15 17:28:48', '2025-01-15 17:28:48'),
(48, '這隻寵物真的太可愛了！', 171, 3, 6, '已留言', '2025-01-15 17:28:48', '2025-01-15 17:28:48'),
(50, '這隻寵物真的太可愛了！', 90, 17, 4, '已留言', '2025-01-15 17:28:48', '2025-01-15 17:28:48'),
(51, '這隻寵物真的太可愛了！', 12, 18, 7, '已留言', '2025-01-15 17:28:48', '2025-01-15 17:28:48'),
(52, '這隻寵物真的太可愛了！', 117, 16, 7, '已留言', '2025-01-15 17:28:48', '2025-01-15 17:28:48'),
(53, '這隻寵物真的太可愛了！', 70, 6, 1, '已留言', '2025-01-15 17:28:48', '2025-01-15 17:28:48'),
(54, '這隻寵物真的太可愛了！', 97, 8, 3, '已留言', '2025-01-15 17:28:48', '2025-01-15 17:28:48'),
(55, '這隻寵物真的太可愛了！', 66, 4, 11, '已留言', '2025-01-15 17:28:48', '2025-01-15 17:28:48'),
(57, '這隻寵物真的太可愛了！', 59, 9, 3, '已留言', '2025-01-15 17:28:48', '2025-01-15 17:28:48'),
(58, '這隻寵物真的太可愛了！', 75, 10, 4, '已留言', '2025-01-15 17:28:48', '2025-01-15 17:28:48'),
(59, '這隻寵物真的太可愛了！', 98, 19, 3, '已留言', '2025-01-15 17:28:48', '2025-01-15 17:28:48'),
(61, '這隻寵物真的太可愛了！', 75, 5, 10, '已留言', '2025-01-15 17:28:48', '2025-01-15 17:28:48'),
(62, '這隻寵物真的太可愛了！', 14, 14, 11, '已留言', '2025-01-15 17:28:48', '2025-01-15 17:28:48'),
(63, '這隻寵物真的太可愛了！', 45, 10, 10, '已留言', '2025-01-15 17:28:48', '2025-01-15 17:28:48'),
(64, '這隻寵物真的太可愛了！', 196, 16, 12, '已留言', '2025-01-15 17:28:48', '2025-01-15 17:28:48'),
(65, '這隻寵物真的太可愛了！', 109, 7, 4, '已留言', '2025-01-15 17:28:48', '2025-01-15 17:28:48'),
(66, '這隻寵物真的太可愛了！', 74, 5, 7, '已留言', '2025-01-15 17:28:48', '2025-01-15 17:28:48'),
(67, '這隻寵物真的太可愛了！', 58, 5, 8, '已留言', '2025-01-15 17:28:48', '2025-01-15 17:28:48'),
(68, '這隻寵物真的太可愛了！', 183, 8, 7, '已留言', '2025-01-15 17:28:48', '2025-01-15 17:28:48'),
(69, '這隻寵物真的太可愛了！', 7, 10, 14, '已留言', '2025-01-15 17:28:48', '2025-01-15 17:28:48'),
(70, '這隻寵物真的太可愛了！', 32, 13, 19, '已留言', '2025-01-15 17:28:48', '2025-01-15 17:28:48'),
(71, '這隻寵物真的太可愛了！', 14, 11, 2, '已留言', '2025-01-15 17:28:48', '2025-01-15 17:28:48'),
(72, '這隻寵物真的太可愛了！', 184, 10, 4, '已留言', '2025-01-15 17:28:48', '2025-01-15 17:28:48'),
(73, '這隻寵物真的太可愛了！', 81, 2, 14, '已留言', '2025-01-15 17:28:48', '2025-01-15 17:28:48'),
(74, '這隻寵物真的太可愛了！', 180, 11, 18, '已留言', '2025-01-15 17:28:48', '2025-01-15 17:28:48'),
(75, '這隻寵物真的太可愛了！', 44, 13, 6, '已留言', '2025-01-15 17:28:48', '2025-01-15 17:28:48'),
(76, '這隻寵物真的太可愛了！', 199, 1, 20, '已留言', '2025-01-15 17:28:48', '2025-01-15 17:28:48'),
(77, '這隻寵物真的太可愛了！', 87, 1, 3, '已留言', '2025-01-15 17:28:48', '2025-01-15 17:28:48'),
(78, '這隻寵物真的太可愛了！', 196, 4, 5, '已留言', '2025-01-15 17:28:48', '2025-01-15 17:28:48'),
(79, '這隻寵物真的太可愛了！', 16, 13, 20, '已留言', '2025-01-15 17:28:48', '2025-01-15 17:28:48'),
(80, '這隻寵物真的太可愛了！', 105, 16, 16, '已留言', '2025-01-15 17:28:48', '2025-01-15 17:28:48'),
(82, '這隻寵物真的太可愛了！', 102, 19, 10, '已留言', '2025-01-15 17:28:48', '2025-01-15 17:28:48'),
(83, '這隻寵物真的太可愛了！', 57, 6, 15, '已留言', '2025-01-15 17:28:48', '2025-01-15 17:28:48'),
(84, '這隻寵物真的太可愛了！', 86, 14, 10, '已留言', '2025-01-15 17:28:48', '2025-01-15 17:28:48'),
(85, '這隻寵物真的太可愛了！', 144, 16, 17, '已留言', '2025-01-15 17:28:48', '2025-01-15 17:28:48'),
(86, '這隻寵物真的太可愛了！', 102, 4, 14, '已留言', '2025-01-15 17:28:48', '2025-01-15 17:28:48'),
(87, '這隻寵物真的太可愛了！', 101, 16, 14, '已留言', '2025-01-15 17:28:48', '2025-01-15 17:28:48'),
(88, '這隻寵物真的太可愛了！', 37, 12, 0, '已留言', '2025-01-15 17:28:48', '2025-01-15 17:28:48'),
(89, '這隻寵物真的太可愛了！', 109, 6, 4, '已留言', '2025-01-15 17:28:48', '2025-01-15 17:28:48'),
(90, '這隻寵物真的太可愛了！', 33, 15, 10, '已留言', '2025-01-15 17:28:48', '2025-01-15 17:28:48'),
(91, '這隻寵物真的太可愛了！', 158, 6, 14, '已留言', '2025-01-15 17:28:48', '2025-01-15 17:28:48'),
(92, '這隻寵物真的太可愛了！', 136, 13, 2, '已留言', '2025-01-15 17:28:48', '2025-01-15 17:28:48'),
(93, '這隻寵物真的太可愛了！', 88, 4, 9, '已留言', '2025-01-15 17:28:48', '2025-01-15 17:28:48'),
(94, '這隻寵物真的太可愛了！', 83, 1, 8, '已留言', '2025-01-15 17:28:48', '2025-01-15 17:28:48'),
(95, '這隻寵物真的太可愛了！', 72, 19, 3, '已留言', '2025-01-15 17:28:48', '2025-01-15 17:28:48'),
(96, '這隻寵物真的太可愛了！', 76, 2, 18, '已留言', '2025-01-15 17:28:48', '2025-01-15 17:28:48'),
(97, '這隻寵物真的太可愛了！', 182, 11, 14, '已留言', '2025-01-15 17:28:48', '2025-01-15 17:28:48'),
(98, '這隻寵物真的太可愛了！', 84, 4, 2, '已留言', '2025-01-15 17:28:48', '2025-01-15 17:28:48'),
(99, '這隻寵物真的太可愛了！', 139, 8, 10, '已留言', '2025-01-15 17:28:48', '2025-01-15 17:28:48'),
(100, '這隻寵物真的太可愛了！', 60, 18, 2, '已留言', '2025-01-15 17:28:48', '2025-01-15 17:28:48'),
(101, '這隻寵物真的太可愛了！', 178, 18, 13, '已留言', '2025-01-15 17:28:48', '2025-01-15 17:28:48'),
(102, '這隻寵物真的太可愛了！', 110, 11, 2, '已留言', '2025-01-15 17:28:48', '2025-01-15 17:28:48'),
(103, '這隻寵物真的太可愛了！', 18, 18, 10, '已留言', '2025-01-15 17:28:48', '2025-01-15 17:28:48'),
(104, '這隻寵物真的太可愛了！', 16, 7, 10, '已留言', '2025-01-15 17:28:48', '2025-01-15 17:28:48'),
(106, '這隻寵物真的太可愛了！', 200, 5, 13, '已留言', '2025-01-15 17:28:48', '2025-01-15 17:28:48'),
(107, '這隻寵物真的太可愛了！', 7, 7, 15, '已留言', '2025-01-15 17:28:48', '2025-01-15 17:28:48'),
(108, '這隻寵物真的太可愛了！', 89, 2, 19, '已留言', '2025-01-15 17:28:48', '2025-01-15 17:28:48'),
(109, '這隻寵物真的太可愛了！', 191, 19, 19, '已留言', '2025-01-15 17:28:48', '2025-01-15 17:28:48'),
(110, '這隻寵物真的太可愛了！', 184, 11, 5, '已留言', '2025-01-15 17:28:48', '2025-01-15 17:28:48'),
(111, '這隻寵物真的太可愛了！', 153, 8, 17, '已留言', '2025-01-15 17:28:48', '2025-01-15 17:28:48'),
(113, '這隻寵物真的太可愛了！', 59, 18, 16, '已留言', '2025-01-15 17:28:48', '2025-01-15 17:28:48'),
(114, '這隻寵物真的太可愛了！', 130, 19, 8, '已留言', '2025-01-15 17:28:48', '2025-01-15 17:28:48'),
(115, '這隻寵物真的太可愛了！', 199, 11, 11, '已留言', '2025-01-15 17:28:48', '2025-01-15 17:28:48'),
(116, '這隻寵物真的太可愛了！', 119, 3, 3, '已留言', '2025-01-15 17:28:48', '2025-01-15 17:28:48'),
(117, '這隻寵物真的太可愛了！', 133, 9, 9, '已留言', '2025-01-15 17:28:48', '2025-01-15 17:28:48'),
(118, '這隻寵物真的太可愛了！', 133, 15, 3, '已留言', '2025-01-15 17:28:48', '2025-01-15 17:28:48'),
(120, '這隻寵物真的太可愛了！', 53, 16, 0, '已留言', '2025-01-15 17:28:48', '2025-01-15 17:28:48'),
(122, '這隻寵物真的太可愛了！', 78, 4, 16, '已留言', '2025-01-15 17:28:48', '2025-01-15 17:28:48'),
(123, '這隻寵物真的太可愛了！', 86, 15, 14, '已留言', '2025-01-15 17:28:48', '2025-01-15 17:28:48'),
(124, '這隻寵物真的太可愛了！', 14, 11, 1, '已留言', '2025-01-15 17:28:48', '2025-01-15 17:28:48'),
(126, '這隻寵物真的太可愛了！', 34, 15, 18, '已留言', '2025-01-15 17:28:48', '2025-01-15 17:28:48'),
(127, '這隻寵物真的太可愛了！', 12, 1, 9, '已留言', '2025-01-15 17:28:48', '2025-01-15 17:28:48'),
(129, '這隻寵物真的太可愛了！', 164, 6, 4, '已留言', '2025-01-15 17:28:48', '2025-01-15 17:28:48'),
(130, '這隻寵物真的太可愛了！', 57, 4, 16, '已留言', '2025-01-15 17:28:48', '2025-01-15 17:28:48'),
(131, '這隻寵物真的太可愛了！', 18, 15, 17, '已留言', '2025-01-15 17:28:48', '2025-01-15 17:28:48'),
(133, '這隻寵物真的太可愛了！', 115, 1, 4, '已留言', '2025-01-15 17:28:48', '2025-01-15 17:28:48'),
(134, '這隻寵物真的太可愛了！', 141, 18, 18, '已留言', '2025-01-15 17:28:48', '2025-01-15 17:28:48'),
(135, '這隻寵物真的太可愛了！', 78, 18, 18, '已留言', '2025-01-15 17:28:48', '2025-01-15 17:28:48'),
(136, '這隻寵物真的太可愛了！', 94, 1, 14, '已留言', '2025-01-15 17:28:48', '2025-01-15 17:28:48'),
(137, '這隻寵物真的太可愛了！', 57, 19, 19, '已留言', '2025-01-15 17:28:48', '2025-01-15 17:28:48'),
(138, '這隻寵物真的太可愛了！', 189, 14, 14, '已留言', '2025-01-15 17:28:48', '2025-01-15 17:28:48'),
(139, '這隻寵物真的太可愛了！', 34, 8, 16, '已留言', '2025-01-15 17:28:48', '2025-01-15 17:28:48'),
(140, '這隻寵物真的太可愛了！', 25, 8, 6, '已留言', '2025-01-15 17:28:48', '2025-01-15 17:28:48'),
(141, '這隻寵物真的太可愛了！', 156, 16, 3, '已留言', '2025-01-15 17:28:48', '2025-01-15 17:28:48'),
(142, '這隻寵物真的太可愛了！', 131, 2, 7, '已留言', '2025-01-15 17:28:48', '2025-01-15 17:28:48'),
(143, '這隻寵物真的太可愛了！', 28, 6, 17, '已留言', '2025-01-15 17:28:48', '2025-01-15 17:28:48'),
(144, '這隻寵物真的太可愛了！', 10, 3, 16, '已留言', '2025-01-15 17:28:48', '2025-01-15 17:28:48'),
(145, '這隻寵物真的太可愛了！', 179, 10, 2, '已留言', '2025-01-15 17:28:48', '2025-01-15 17:28:48'),
(146, '這隻寵物真的太可愛了！', 12, 4, 8, '已留言', '2025-01-15 17:28:48', '2025-01-15 17:28:48'),
(148, '這隻寵物真的太可愛了！', 50, 3, 18, '已留言', '2025-01-15 17:28:48', '2025-01-15 17:28:48'),
(150, '這隻寵物真的太可愛了！', 151, 9, 14, '已留言', '2025-01-15 17:28:48', '2025-01-15 17:28:48'),
(151, '這隻寵物真的太可愛了！', 92, 19, 7, '已留言', '2025-01-15 17:28:48', '2025-01-15 17:28:48'),
(152, '這隻寵物真的太可愛了！', 12, 12, 7, '已留言', '2025-01-15 17:28:48', '2025-01-15 17:28:48'),
(153, '這隻寵物真的太可愛了！', 117, 15, 16, '已留言', '2025-01-15 17:28:48', '2025-01-15 17:28:48'),
(154, '這隻寵物真的太可愛了！', 42, 19, 12, '已留言', '2025-01-15 17:28:48', '2025-01-15 17:28:48'),
(155, '這隻寵物真的太可愛了！', 4, 10, 16, '已留言', '2025-01-15 17:28:48', '2025-01-15 17:28:48'),
(156, '這隻寵物真的太可愛了！', 121, 7, 10, '已留言', '2025-01-15 17:28:48', '2025-01-15 17:28:48'),
(157, '這隻寵物真的太可愛了！', 23, 14, 7, '已留言', '2025-01-15 17:28:48', '2025-01-15 17:28:48'),
(158, '這隻寵物真的太可愛了！', 32, 7, 2, '已留言', '2025-01-15 17:28:48', '2025-01-15 17:28:48'),
(159, '這隻寵物真的太可愛了！', 34, 13, 18, '已留言', '2025-01-15 17:28:48', '2025-01-15 17:28:48'),
(160, '這隻寵物真的太可愛了！', 173, 8, 9, '已留言', '2025-01-15 17:28:48', '2025-01-15 17:28:48'),
(161, '這隻寵物真的太可愛了！', 186, 6, 11, '已留言', '2025-01-15 17:28:48', '2025-01-15 17:28:48'),
(162, '這隻寵物真的太可愛了！', 144, 1, 1, '已留言', '2025-01-15 17:28:48', '2025-01-15 17:28:48'),
(163, '這隻寵物真的太可愛了！', 50, 5, 5, '已留言', '2025-01-15 17:28:48', '2025-01-15 17:28:48'),
(164, '這隻寵物真的太可愛了！', 120, 13, 10, '已留言', '2025-01-15 17:28:48', '2025-01-15 17:28:48'),
(165, '這隻寵物真的太可愛了！', 193, 19, 2, '已留言', '2025-01-15 17:28:48', '2025-01-15 17:28:48'),
(166, '這隻寵物真的太可愛了！', 17, 4, 17, '已留言', '2025-01-15 17:28:48', '2025-01-15 17:28:48'),
(167, '這隻寵物真的太可愛了！', 85, 12, 17, '已留言', '2025-01-15 17:28:48', '2025-01-15 17:28:48'),
(168, '這隻寵物真的太可愛了！', 25, 6, 7, '已留言', '2025-01-15 17:28:48', '2025-01-15 17:28:48'),
(170, '這隻寵物真的太可愛了！', 8, 7, 20, '已留言', '2025-01-15 17:28:48', '2025-01-15 17:28:48'),
(171, '這隻寵物真的太可愛了！', 164, 11, 11, '已留言', '2025-01-15 17:28:48', '2025-01-15 17:28:48'),
(172, '這隻寵物真的太可愛了！', 148, 6, 2, '已留言', '2025-01-15 17:28:48', '2025-01-15 17:28:48'),
(177, '這隻寵物真的太可愛了！', 39, 2, 8, '已留言', '2025-01-15 17:28:48', '2025-01-15 17:28:48'),
(178, '這隻寵物真的太可愛了！', 77, 7, 8, '已留言', '2025-01-15 17:28:48', '2025-01-15 17:28:48'),
(179, '這隻寵物真的太可愛了！', 144, 16, 7, '已留言', '2025-01-15 17:28:48', '2025-01-15 17:28:48'),
(180, '這隻寵物真的太可愛了！', 150, 3, 10, '已留言', '2025-01-15 17:28:48', '2025-01-15 17:28:48'),
(181, '這隻寵物真的太可愛了！', 90, 17, 19, '已留言', '2025-01-15 17:28:48', '2025-01-15 17:28:48'),
(182, '這隻寵物真的太可愛了！', 178, 11, 4, '已留言', '2025-01-15 17:28:48', '2025-01-15 17:28:48'),
(183, '這隻寵物真的太可愛了！', 41, 18, 3, '已留言', '2025-01-15 17:28:48', '2025-01-15 17:28:48'),
(184, '這隻寵物真的太可愛了！', 30, 5, 19, '已留言', '2025-01-15 17:28:48', '2025-01-15 17:28:48'),
(186, '這隻寵物真的太可愛了！', 22, 11, 19, '已留言', '2025-01-15 17:28:48', '2025-01-15 17:28:48'),
(188, '這隻寵物真的太可愛了！', 124, 14, 15, '已留言', '2025-01-15 17:28:48', '2025-01-15 17:28:48'),
(189, '這隻寵物真的太可愛了！', 105, 1, 13, '已留言', '2025-01-15 17:28:48', '2025-01-15 17:28:48'),
(190, '這隻寵物真的太可愛了！', 4, 3, 17, '已留言', '2025-01-15 17:28:48', '2025-01-15 17:28:48'),
(191, '這隻寵物真的太可愛了！', 131, 6, 0, '已留言', '2025-01-15 17:28:48', '2025-01-15 17:28:48'),
(192, '這隻寵物真的太可愛了！', 58, 2, 14, '已留言', '2025-01-15 17:28:48', '2025-01-15 17:28:48'),
(193, '這隻寵物真的太可愛了！', 111, 14, 9, '已留言', '2025-01-15 17:28:48', '2025-01-15 17:28:48'),
(194, '這隻寵物真的太可愛了！', 72, 13, 17, '已留言', '2025-01-15 17:28:48', '2025-01-15 17:28:48'),
(195, '這隻寵物真的太可愛了！', 167, 3, 18, '已留言', '2025-01-15 17:28:48', '2025-01-15 17:28:48'),
(196, '這隻寵物真的太可愛了！', 66, 16, 19, '已留言', '2025-01-15 17:28:48', '2025-01-15 17:28:48'),
(198, '這隻寵物真的太可愛了！', 194, 9, 3, '已留言', '2025-01-15 17:28:48', '2025-01-15 17:28:48'),
(200, '這隻寵物真的太可愛了！', 104, 2, 20, '已留言', '2025-01-15 17:28:48', '2025-01-15 17:28:48'),
(201, '這隻寵物真的太可愛了！', 200, 19, 7, '已留言', '2025-01-15 17:28:48', '2025-01-15 17:28:48'),
(202, '這隻寵物真的太可愛了！', 137, 18, 2, '已留言', '2025-01-15 17:28:48', '2025-01-15 17:28:48'),
(203, '這隻寵物真的太可愛了！', 164, 1, 20, '已留言', '2025-01-15 17:28:48', '2025-01-15 17:28:48'),
(204, '這隻寵物真的太可愛了！', 119, 18, 17, '已留言', '2025-01-15 17:28:48', '2025-01-15 17:28:48'),
(205, '這隻寵物真的太可愛了！', 191, 2, 1, '已留言', '2025-01-15 17:28:48', '2025-01-15 17:28:48'),
(206, '這隻寵物真的太可愛了！', 56, 15, 12, '已留言', '2025-01-15 17:28:48', '2025-01-15 17:28:48'),
(207, '這隻寵物真的太可愛了！', 115, 7, 10, '已留言', '2025-01-15 17:28:48', '2025-01-15 17:28:48'),
(208, '這隻寵物真的太可愛了！', 166, 10, 2, '已留言', '2025-01-15 17:28:48', '2025-01-15 17:28:48'),
(209, '這隻寵物真的太可愛了！', 2, 10, 20, '已留言', '2025-01-15 17:28:48', '2025-01-15 17:28:48'),
(210, '這隻寵物真的太可愛了！', 109, 14, 16, '已留言', '2025-01-15 17:28:48', '2025-01-15 17:28:48'),
(211, '這隻寵物真的太可愛了！', 46, 1, 5, '已留言', '2025-01-15 17:28:48', '2025-01-15 17:28:48'),
(212, '這隻寵物真的太可愛了！', 199, 14, 10, '已留言', '2025-01-15 17:28:48', '2025-01-15 17:28:48'),
(213, '這隻寵物真的太可愛了！', 150, 8, 6, '已留言', '2025-01-15 17:28:48', '2025-01-15 17:28:48'),
(214, '這隻寵物真的太可愛了！', 196, 3, 5, '已留言', '2025-01-15 17:28:48', '2025-01-15 17:28:48'),
(215, '這隻寵物真的太可愛了！', 160, 16, 0, '已留言', '2025-01-15 17:28:48', '2025-01-15 17:28:48'),
(216, '這隻寵物真的太可愛了！', 61, 18, 3, '已留言', '2025-01-15 17:28:48', '2025-01-15 17:28:48'),
(217, '這隻寵物真的太可愛了！', 120, 4, 20, '已留言', '2025-01-15 17:28:48', '2025-01-15 17:28:48'),
(218, '這隻寵物真的太可愛了！', 100, 4, 4, '已留言', '2025-01-15 17:28:48', '2025-01-15 17:28:48'),
(220, '這隻寵物真的太可愛了！', 55, 18, 10, '已留言', '2025-01-15 17:28:48', '2025-01-15 17:28:48'),
(221, '這隻寵物真的太可愛了！', 191, 13, 14, '已留言', '2025-01-15 17:28:48', '2025-01-15 17:28:48'),
(222, '這隻寵物真的太可愛了！', 35, 7, 14, '已留言', '2025-01-15 17:28:48', '2025-01-15 17:28:48'),
(224, '這隻寵物真的太可愛了！', 178, 3, 0, '已留言', '2025-01-15 17:28:48', '2025-01-15 17:28:48'),
(225, '這隻寵物真的太可愛了！', 194, 7, 0, '已留言', '2025-01-15 17:28:48', '2025-01-15 17:28:48'),
(226, '這隻寵物真的太可愛了！', 151, 4, 17, '已留言', '2025-01-15 17:28:48', '2025-01-15 17:28:48'),
(227, '這隻寵物真的太可愛了！', 178, 14, 1, '已留言', '2025-01-15 17:28:48', '2025-01-15 17:28:48'),
(228, '這隻寵物真的太可愛了！', 175, 2, 2, '已留言', '2025-01-15 17:28:48', '2025-01-15 17:28:48'),
(229, '這隻寵物真的太可愛了！', 53, 19, 1, '已留言', '2025-01-15 17:28:48', '2025-01-15 17:28:48'),
(230, '這隻寵物真的太可愛了！', 116, 12, 3, '已留言', '2025-01-15 17:28:48', '2025-01-15 17:28:48'),
(231, '這隻寵物真的太可愛了！', 122, 5, 13, '已留言', '2025-01-15 17:28:48', '2025-01-15 17:28:48'),
(232, '這隻寵物真的太可愛了！', 123, 1, 13, '已留言', '2025-01-15 17:28:48', '2025-01-15 17:28:48'),
(234, '這隻寵物真的太可愛了！', 85, 19, 11, '已留言', '2025-01-15 17:28:48', '2025-01-15 17:28:48'),
(235, '這隻寵物真的太可愛了！', 82, 11, 11, '已留言', '2025-01-15 17:28:48', '2025-01-15 17:28:48'),
(236, '這隻寵物真的太可愛了！', 53, 13, 18, '已留言', '2025-01-15 17:28:48', '2025-01-15 17:28:48'),
(237, '這隻寵物真的太可愛了！', 126, 4, 0, '已留言', '2025-01-15 17:28:48', '2025-01-15 17:28:48'),
(238, '這隻寵物真的太可愛了！', 71, 12, 12, '已留言', '2025-01-15 17:28:48', '2025-01-15 17:28:48'),
(239, '這隻寵物真的太可愛了！', 33, 8, 14, '已留言', '2025-01-15 17:28:48', '2025-01-15 17:28:48'),
(240, '這隻寵物真的太可愛了！', 28, 19, 12, '已留言', '2025-01-15 17:28:48', '2025-01-15 17:28:48'),
(241, '這隻寵物真的太可愛了！', 105, 11, 16, '已留言', '2025-01-15 17:28:48', '2025-01-15 17:28:48'),
(242, '這隻寵物真的太可愛了！', 107, 7, 3, '已留言', '2025-01-15 17:28:48', '2025-01-15 17:28:48'),
(243, '這隻寵物真的太可愛了！', 123, 16, 13, '已留言', '2025-01-15 17:28:48', '2025-01-15 17:28:48'),
(245, '這隻寵物真的太可愛了！', 29, 13, 2, '已留言', '2025-01-15 17:28:48', '2025-01-15 17:28:48'),
(246, '這隻寵物真的太可愛了！', 174, 2, 15, '已留言', '2025-01-15 17:28:48', '2025-01-15 17:28:48'),
(247, '這隻寵物真的太可愛了！', 50, 3, 8, '已留言', '2025-01-15 17:28:48', '2025-01-15 17:28:48'),
(248, '這隻寵物真的太可愛了！', 31, 14, 19, '已留言', '2025-01-15 17:28:48', '2025-01-15 17:28:48'),
(249, '這隻寵物真的太可愛了！', 37, 8, 0, '已留言', '2025-01-15 17:28:48', '2025-01-15 17:28:48'),
(250, '這隻寵物真的太可愛了！', 24, 19, 3, '已留言', '2025-01-15 17:28:48', '2025-01-15 17:28:48'),
(251, '這隻寵物真的太可愛了！', 35, 10, 2, '已留言', '2025-01-15 17:28:48', '2025-01-15 17:28:48'),
(253, '這隻寵物真的太可愛了！', 198, 15, 5, '已留言', '2025-01-15 17:28:48', '2025-01-15 17:28:48'),
(254, '這隻寵物真的太可愛了！', 100, 16, 3, '已留言', '2025-01-15 17:28:48', '2025-01-15 17:28:48'),
(255, '這隻寵物真的太可愛了！', 136, 6, 13, '已留言', '2025-01-15 17:28:48', '2025-01-15 17:28:48'),
(256, '這隻寵物真的太可愛了！', 141, 1, 11, '已留言', '2025-01-15 17:28:48', '2025-01-15 17:28:48'),
(257, '這隻寵物真的太可愛了！', 154, 1, 7, '已留言', '2025-01-15 17:28:48', '2025-01-15 17:28:48'),
(258, '這隻寵物真的太可愛了！', 162, 12, 9, '已留言', '2025-01-15 17:28:48', '2025-01-15 17:28:48'),
(259, '這隻寵物真的太可愛了！', 98, 7, 16, '已留言', '2025-01-15 17:28:48', '2025-01-15 17:28:48'),
(261, '這隻寵物真的太可愛了！', 115, 2, 18, '已留言', '2025-01-15 17:28:48', '2025-01-15 17:28:48'),
(262, '這隻寵物真的太可愛了！', 43, 1, 19, '已留言', '2025-01-15 17:28:48', '2025-01-15 17:28:48'),
(263, '這隻寵物真的太可愛了！', 53, 16, 0, '已留言', '2025-01-15 17:28:48', '2025-01-15 17:28:48'),
(264, '這隻寵物真的太可愛了！', 83, 2, 7, '已留言', '2025-01-15 17:28:48', '2025-01-15 17:28:48'),
(265, '這隻寵物真的太可愛了！', 53, 1, 11, '已留言', '2025-01-15 17:28:48', '2025-01-15 17:28:48'),
(266, '這隻寵物真的太可愛了！', 61, 18, 19, '已留言', '2025-01-15 17:28:48', '2025-01-15 17:28:48'),
(267, '這隻寵物真的太可愛了！', 174, 4, 11, '已留言', '2025-01-15 17:28:48', '2025-01-15 17:28:48'),
(268, '這隻寵物真的太可愛了！', 22, 18, 13, '已留言', '2025-01-15 17:28:48', '2025-01-15 17:28:48'),
(269, '這隻寵物真的太可愛了！', 147, 2, 8, '已留言', '2025-01-15 17:28:48', '2025-01-15 17:28:48'),
(270, '這隻寵物真的太可愛了！', 103, 12, 15, '已留言', '2025-01-15 17:28:48', '2025-01-15 17:28:48'),
(271, '這隻寵物真的太可愛了！', 148, 3, 4, '已留言', '2025-01-15 17:28:48', '2025-01-15 17:28:48'),
(272, '這隻寵物真的太可愛了！', 47, 6, 0, '已留言', '2025-01-15 17:28:48', '2025-01-15 17:28:48'),
(273, '這隻寵物真的太可愛了！', 61, 18, 7, '已留言', '2025-01-15 17:28:48', '2025-01-15 17:28:48'),
(274, '這隻寵物真的太可愛了！', 131, 13, 5, '已留言', '2025-01-15 17:28:48', '2025-01-15 17:28:48'),
(276, '這隻寵物真的太可愛了！', 4, 8, 4, '已留言', '2025-01-15 17:28:48', '2025-01-15 17:28:48'),
(277, '這隻寵物真的太可愛了！', 113, 1, 0, '已留言', '2025-01-15 17:28:48', '2025-01-15 17:28:48'),
(278, '這隻寵物真的太可愛了！', 81, 4, 11, '已留言', '2025-01-15 17:28:48', '2025-01-15 17:28:48'),
(279, '這隻寵物真的太可愛了！', 78, 18, 10, '已留言', '2025-01-15 17:28:48', '2025-01-15 17:28:48'),
(280, '這隻寵物真的太可愛了！', 163, 13, 8, '已留言', '2025-01-15 17:28:48', '2025-01-15 17:28:48'),
(281, '這隻寵物真的太可愛了！', 2, 5, 8, '已留言', '2025-01-15 17:28:48', '2025-01-15 17:28:48'),
(282, '這隻寵物真的太可愛了！', 163, 5, 8, '已留言', '2025-01-15 17:28:48', '2025-01-15 17:28:48'),
(283, '這隻寵物真的太可愛了！', 13, 19, 13, '已留言', '2025-01-15 17:28:48', '2025-01-15 17:28:48'),
(284, '這隻寵物真的太可愛了！', 197, 13, 5, '已留言', '2025-01-15 17:28:48', '2025-01-15 17:28:48'),
(285, '這隻寵物真的太可愛了！', 94, 13, 20, '已留言', '2025-01-15 17:28:48', '2025-01-15 17:28:48'),
(287, '這隻寵物真的太可愛了！', 5, 18, 2, '已留言', '2025-01-15 17:28:48', '2025-01-15 17:28:48'),
(288, '這隻寵物真的太可愛了！', 141, 8, 4, '已留言', '2025-01-15 17:28:48', '2025-01-15 17:28:48'),
(289, '這隻寵物真的太可愛了！', 36, 17, 15, '已留言', '2025-01-15 17:28:48', '2025-01-15 17:28:48'),
(290, '這隻寵物真的太可愛了！', 13, 12, 5, '已留言', '2025-01-15 17:28:48', '2025-01-15 17:28:48'),
(291, '這隻寵物真的太可愛了！', 97, 6, 16, '已留言', '2025-01-15 17:28:48', '2025-01-15 17:28:48'),
(292, '這隻寵物真的太可愛了！', 179, 10, 7, '已留言', '2025-01-15 17:28:48', '2025-01-15 17:28:48'),
(293, '這隻寵物真的太可愛了！', 149, 14, 19, '已留言', '2025-01-15 17:28:48', '2025-01-15 17:28:48'),
(294, '這隻寵物真的太可愛了！', 32, 2, 6, '已留言', '2025-01-15 17:28:48', '2025-01-15 17:28:48'),
(295, '這隻寵物真的太可愛了！', 26, 15, 11, '已留言', '2025-01-15 17:28:48', '2025-01-15 17:28:48'),
(296, '這隻寵物真的太可愛了！', 115, 12, 13, '已留言', '2025-01-15 17:28:48', '2025-01-15 17:28:48'),
(297, '這隻寵物真的太可愛了！', 141, 3, 10, '已留言', '2025-01-15 17:28:48', '2025-01-15 17:28:48'),
(298, '這隻寵物真的太可愛了！', 11, 15, 4, '已留言', '2025-01-15 17:28:48', '2025-01-15 17:28:48'),
(299, '這隻寵物真的太可愛了！', 183, 5, 13, '已留言', '2025-01-15 17:28:48', '2025-01-15 17:28:48'),
(301, '這隻寵物真的太可愛了！', 2, 13, 3, '已留言', '2025-01-15 17:28:48', '2025-01-15 17:28:48'),
(302, '這隻寵物真的太可愛了！', 120, 8, 3, '已留言', '2025-01-15 17:28:48', '2025-01-15 17:28:48'),
(303, '這隻寵物真的太可愛了！', 34, 16, 19, '已留言', '2025-01-15 17:28:48', '2025-01-15 17:28:48'),
(304, '這隻寵物真的太可愛了！', 168, 6, 17, '已留言', '2025-01-15 17:28:48', '2025-01-15 17:28:48'),
(305, '這隻寵物真的太可愛了！', 26, 13, 11, '已留言', '2025-01-15 17:28:48', '2025-01-15 17:28:48'),
(307, '這隻寵物真的太可愛了！', 155, 19, 16, '已留言', '2025-01-15 17:28:48', '2025-01-15 17:28:48'),
(308, '這隻寵物真的太可愛了！', 116, 1, 13, '已留言', '2025-01-15 17:28:48', '2025-01-15 17:28:48'),
(309, '這隻寵物真的太可愛了！', 129, 14, 6, '已留言', '2025-01-15 17:28:48', '2025-01-15 17:28:48'),
(310, '這隻寵物真的太可愛了！', 97, 17, 10, '已留言', '2025-01-15 17:28:48', '2025-01-15 17:28:48'),
(311, '這隻寵物真的太可愛了！', 38, 7, 13, '已留言', '2025-01-15 17:28:48', '2025-01-15 17:28:48'),
(312, '這隻寵物真的太可愛了！', 79, 7, 14, '已留言', '2025-01-15 17:28:48', '2025-01-15 17:28:48'),
(313, '這隻寵物真的太可愛了！', 40, 10, 16, '已留言', '2025-01-15 17:28:48', '2025-01-15 17:28:48'),
(314, '這隻寵物真的太可愛了！', 185, 13, 18, '已留言', '2025-01-15 17:28:48', '2025-01-15 17:28:48'),
(315, '這隻寵物真的太可愛了！', 198, 16, 16, '已留言', '2025-01-15 17:28:48', '2025-01-15 17:28:48'),
(316, '這隻寵物真的太可愛了！', 189, 6, 8, '已留言', '2025-01-15 17:28:48', '2025-01-15 17:28:48'),
(317, '這隻寵物真的太可愛了！', 103, 13, 2, '已留言', '2025-01-15 17:28:48', '2025-01-15 17:28:48'),
(318, '這隻寵物真的太可愛了！', 31, 10, 0, '已留言', '2025-01-15 17:28:48', '2025-01-15 17:28:48'),
(319, '這隻寵物真的太可愛了！', 87, 19, 3, '已留言', '2025-01-15 17:28:48', '2025-01-15 17:28:48'),
(320, '這隻寵物真的太可愛了！', 148, 9, 11, '已留言', '2025-01-15 17:28:48', '2025-01-15 17:28:48'),
(321, '這隻寵物真的太可愛了！', 8, 10, 0, '已留言', '2025-01-15 17:28:48', '2025-01-15 17:28:48'),
(322, '這隻寵物真的太可愛了！', 129, 1, 4, '已留言', '2025-01-15 17:28:48', '2025-01-15 17:28:48'),
(323, '這隻寵物真的太可愛了！', 60, 10, 1, '已留言', '2025-01-15 17:28:48', '2025-01-15 17:28:48'),
(324, '這隻寵物真的太可愛了！', 154, 13, 3, '已留言', '2025-01-15 17:28:48', '2025-01-15 17:28:48'),
(325, '這隻寵物真的太可愛了！', 172, 14, 19, '已留言', '2025-01-15 17:28:48', '2025-01-15 17:28:48'),
(326, '這隻寵物真的太可愛了！', 49, 11, 8, '已留言', '2025-01-15 17:28:48', '2025-01-15 17:28:48'),
(327, '這隻寵物真的太可愛了！', 151, 14, 19, '已留言', '2025-01-15 17:28:48', '2025-01-15 17:28:48'),
(328, '這隻寵物真的太可愛了！', 94, 10, 3, '已留言', '2025-01-15 17:28:48', '2025-01-15 17:28:48'),
(330, '這隻寵物真的太可愛了！', 104, 7, 18, '已留言', '2025-01-15 17:28:48', '2025-01-15 17:28:48'),
(331, '這隻寵物真的太可愛了！', 16, 5, 12, '已留言', '2025-01-15 17:28:48', '2025-01-15 17:28:48'),
(332, '這隻寵物真的太可愛了！', 171, 9, 9, '已留言', '2025-01-15 17:28:48', '2025-01-15 17:28:48'),
(333, '這隻寵物真的太可愛了！', 180, 17, 7, '已留言', '2025-01-15 17:28:48', '2025-01-15 17:28:48'),
(334, '這隻寵物真的太可愛了！', 141, 5, 17, '已留言', '2025-01-15 17:28:48', '2025-01-15 17:28:48'),
(335, '這隻寵物真的太可愛了！', 134, 10, 17, '已留言', '2025-01-15 17:28:48', '2025-01-15 17:28:48'),
(336, '這隻寵物真的太可愛了！', 154, 2, 0, '已留言', '2025-01-15 17:28:48', '2025-01-15 17:28:48'),
(337, '這隻寵物真的太可愛了！', 125, 6, 2, '已留言', '2025-01-15 17:28:48', '2025-01-15 17:28:48'),
(338, '這隻寵物真的太可愛了！', 112, 6, 2, '已留言', '2025-01-15 17:28:48', '2025-01-15 17:28:48'),
(339, '這隻寵物真的太可愛了！', 29, 13, 15, '已留言', '2025-01-15 17:28:48', '2025-01-15 17:28:48'),
(340, '這隻寵物真的太可愛了！', 94, 18, 18, '已留言', '2025-01-15 17:28:48', '2025-01-15 17:28:48'),
(341, '這隻寵物真的太可愛了！', 61, 13, 5, '已留言', '2025-01-15 17:28:48', '2025-01-15 17:28:48'),
(342, '這隻寵物真的太可愛了！', 119, 14, 18, '已留言', '2025-01-15 17:28:48', '2025-01-15 17:28:48'),
(343, '這隻寵物真的太可愛了！', 150, 4, 20, '已留言', '2025-01-15 17:28:48', '2025-01-15 17:28:48'),
(344, '這隻寵物真的太可愛了！', 82, 5, 20, '已留言', '2025-01-15 17:28:48', '2025-01-15 17:28:48'),
(345, '這隻寵物真的太可愛了！', 151, 16, 15, '已留言', '2025-01-15 17:28:48', '2025-01-15 17:28:48'),
(346, '這隻寵物真的太可愛了！', 13, 3, 14, '已留言', '2025-01-15 17:28:48', '2025-01-15 17:28:48'),
(347, '這隻寵物真的太可愛了！', 89, 9, 8, '已留言', '2025-01-15 17:28:48', '2025-01-15 17:28:48'),
(348, '這隻寵物真的太可愛了！', 25, 8, 12, '已留言', '2025-01-15 17:28:48', '2025-01-15 17:28:48'),
(349, '這隻寵物真的太可愛了！', 191, 17, 14, '已留言', '2025-01-15 17:28:48', '2025-01-15 17:28:48'),
(350, '這隻寵物真的太可愛了！', 53, 9, 5, '已留言', '2025-01-15 17:28:48', '2025-01-15 17:28:48'),
(351, '這隻寵物真的太可愛了！', 123, 6, 3, '已留言', '2025-01-15 17:28:48', '2025-01-15 17:28:48'),
(352, '這隻寵物真的太可愛了！', 24, 15, 14, '已留言', '2025-01-15 17:28:48', '2025-01-15 17:28:48'),
(353, '這隻寵物真的太可愛了！', 176, 8, 11, '已留言', '2025-01-15 17:28:48', '2025-01-15 17:28:48'),
(354, '這隻寵物真的太可愛了！', 191, 5, 2, '已留言', '2025-01-15 17:28:48', '2025-01-15 17:28:48'),
(355, '這隻寵物真的太可愛了！', 181, 16, 13, '已留言', '2025-01-15 17:28:48', '2025-01-15 17:28:48'),
(356, '這隻寵物真的太可愛了！', 112, 13, 3, '已留言', '2025-01-15 17:28:48', '2025-01-15 17:28:48'),
(357, '這隻寵物真的太可愛了！', 20, 9, 9, '已留言', '2025-01-15 17:28:48', '2025-01-15 17:28:48'),
(358, '這隻寵物真的太可愛了！', 29, 16, 9, '已留言', '2025-01-15 17:28:48', '2025-01-15 17:28:48'),
(360, '這隻寵物真的太可愛了！', 157, 15, 15, '已留言', '2025-01-15 17:28:48', '2025-01-15 17:28:48'),
(361, '這隻寵物真的太可愛了！', 16, 1, 6, '已留言', '2025-01-15 17:28:48', '2025-01-15 17:28:48'),
(362, '這隻寵物真的太可愛了！', 144, 18, 15, '已留言', '2025-01-15 17:28:48', '2025-01-15 17:28:48'),
(363, '這隻寵物真的太可愛了！', 42, 9, 4, '已留言', '2025-01-15 17:28:48', '2025-01-15 17:28:48'),
(364, '這隻寵物真的太可愛了！', 16, 12, 12, '已留言', '2025-01-15 17:28:48', '2025-01-15 17:28:48'),
(365, '這隻寵物真的太可愛了！', 168, 5, 2, '已留言', '2025-01-15 17:28:48', '2025-01-15 17:28:48'),
(366, '這隻寵物真的太可愛了！', 140, 19, 14, '已留言', '2025-01-15 17:28:48', '2025-01-15 17:28:48'),
(367, '這隻寵物真的太可愛了！', 12, 5, 13, '已留言', '2025-01-15 17:28:48', '2025-01-15 17:28:48'),
(368, '這隻寵物真的太可愛了！', 180, 9, 4, '已留言', '2025-01-15 17:28:48', '2025-01-15 17:28:48'),
(370, '這隻寵物真的太可愛了！', 133, 12, 18, '已留言', '2025-01-15 17:28:48', '2025-01-15 17:28:48'),
(371, '這隻寵物真的太可愛了！', 173, 15, 14, '已留言', '2025-01-15 17:28:48', '2025-01-15 17:28:48'),
(372, '這隻寵物真的太可愛了！', 159, 4, 9, '已留言', '2025-01-15 17:28:48', '2025-01-15 17:28:48'),
(374, '這隻寵物真的太可愛了！', 109, 11, 18, '已留言', '2025-01-15 17:28:48', '2025-01-15 17:28:48'),
(375, '這隻寵物真的太可愛了！', 137, 4, 1, '已留言', '2025-01-15 17:28:48', '2025-01-15 17:28:48'),
(379, '這隻寵物真的太可愛了！', 75, 12, 8, '已留言', '2025-01-15 17:28:48', '2025-01-15 17:28:48'),
(380, '這隻寵物真的太可愛了！', 97, 8, 7, '已留言', '2025-01-15 17:28:48', '2025-01-15 17:28:48'),
(382, '這隻寵物真的太可愛了！', 181, 1, 3, '已留言', '2025-01-15 17:28:48', '2025-01-15 17:28:48'),
(384, '這隻寵物真的太可愛了！', 148, 18, 0, '已留言', '2025-01-15 17:28:48', '2025-01-15 17:28:48'),
(385, '這隻寵物真的太可愛了！', 74, 6, 0, '已留言', '2025-01-15 17:28:48', '2025-01-15 17:28:48'),
(386, '這隻寵物真的太可愛了！', 62, 11, 14, '已留言', '2025-01-15 17:28:48', '2025-01-15 17:28:48'),
(387, '這隻寵物真的太可愛了！', 92, 12, 12, '已留言', '2025-01-15 17:28:48', '2025-01-15 17:28:48'),
(388, '這隻寵物真的太可愛了！', 168, 7, 18, '已留言', '2025-01-15 17:28:48', '2025-01-15 17:28:48'),
(389, '這隻寵物真的太可愛了！', 170, 10, 4, '已留言', '2025-01-15 17:28:48', '2025-01-15 17:28:48'),
(390, '這隻寵物真的太可愛了！', 173, 6, 20, '已留言', '2025-01-15 17:28:48', '2025-01-15 17:28:48'),
(393, '這隻寵物真的太可愛了！', 65, 2, 0, '已留言', '2025-01-15 17:28:48', '2025-01-15 17:28:48'),
(394, '這隻寵物真的太可愛了！', 53, 7, 18, '已留言', '2025-01-15 17:28:48', '2025-01-15 17:28:48'),
(395, '這隻寵物真的太可愛了！', 115, 16, 18, '已留言', '2025-01-15 17:28:48', '2025-01-15 17:28:48'),
(396, '這隻寵物真的太可愛了！', 70, 10, 18, '已留言', '2025-01-15 17:28:48', '2025-01-15 17:28:48'),
(397, '這隻寵物真的太可愛了！', 142, 19, 2, '已留言', '2025-01-15 17:28:48', '2025-01-15 17:28:48'),
(398, '這隻寵物真的太可愛了！', 135, 17, 9, '已留言', '2025-01-15 17:28:48', '2025-01-15 17:28:48'),
(399, '這隻寵物真的太可愛了！', 181, 17, 8, '已留言', '2025-01-15 17:28:48', '2025-01-15 17:28:48'),
(400, '這隻寵物真的太可愛了！', 169, 1, 6, '已留言', '2025-01-15 17:28:48', '2025-01-15 17:28:48'),
(401, '這隻寵物真的太可愛了！', 30, 10, 3, '已留言', '2025-01-15 17:28:48', '2025-01-15 17:28:48'),
(402, '這隻寵物真的太可愛了！', 136, 3, 3, '已留言', '2025-01-15 17:28:48', '2025-01-15 17:28:48'),
(403, '這隻寵物真的太可愛了！', 5, 14, 10, '已留言', '2025-01-15 17:28:48', '2025-01-15 17:28:48'),
(404, '這隻寵物真的太可愛了！', 193, 9, 0, '已留言', '2025-01-15 17:28:48', '2025-01-15 17:28:48'),
(405, '這隻寵物真的太可愛了！', 18, 14, 18, '已留言', '2025-01-15 17:28:48', '2025-01-15 17:28:48'),
(406, '這隻寵物真的太可愛了！', 178, 6, 11, '已留言', '2025-01-15 17:28:48', '2025-01-15 17:28:48'),
(407, '這隻寵物真的太可愛了！', 162, 18, 16, '已留言', '2025-01-15 17:28:48', '2025-01-15 17:28:48'),
(408, '這隻寵物真的太可愛了！', 71, 2, 0, '已留言', '2025-01-15 17:28:48', '2025-01-15 17:28:48'),
(409, '這隻寵物真的太可愛了！', 66, 8, 20, '已留言', '2025-01-15 17:28:48', '2025-01-15 17:28:48'),
(410, '這隻寵物真的太可愛了！', 148, 16, 17, '已留言', '2025-01-15 17:28:48', '2025-01-15 17:28:48'),
(411, '這隻寵物真的太可愛了！', 99, 11, 11, '已留言', '2025-01-15 17:28:48', '2025-01-15 17:28:48'),
(413, '這隻寵物真的太可愛了！', 189, 9, 1, '已留言', '2025-01-15 17:28:48', '2025-01-15 17:28:48'),
(414, '這隻寵物真的太可愛了！', 21, 13, 0, '已留言', '2025-01-15 17:28:48', '2025-01-15 17:28:48'),
(415, '這隻寵物真的太可愛了！', 116, 15, 7, '已留言', '2025-01-15 17:28:48', '2025-01-15 17:28:48'),
(416, '這隻寵物真的太可愛了！', 120, 2, 15, '已留言', '2025-01-15 17:28:48', '2025-01-15 17:28:48'),
(417, '這隻寵物真的太可愛了！', 29, 2, 17, '已留言', '2025-01-15 17:28:48', '2025-01-15 17:28:48'),
(418, '這隻寵物真的太可愛了！', 114, 6, 15, '已留言', '2025-01-15 17:28:48', '2025-01-15 17:28:48'),
(419, '這隻寵物真的太可愛了！', 151, 2, 16, '已留言', '2025-01-15 17:28:48', '2025-01-15 17:28:48'),
(420, '這隻寵物真的太可愛了！', 23, 9, 7, '已留言', '2025-01-15 17:28:48', '2025-01-15 17:28:48'),
(422, '這隻寵物真的太可愛了！', 97, 13, 5, '已留言', '2025-01-15 17:28:48', '2025-01-15 17:28:48'),
(423, '這隻寵物真的太可愛了！', 145, 11, 19, '已留言', '2025-01-15 17:28:48', '2025-01-15 17:28:48'),
(424, '這隻寵物真的太可愛了！', 145, 10, 10, '已留言', '2025-01-15 17:28:48', '2025-01-15 17:28:48'),
(425, '這隻寵物真的太可愛了！', 36, 12, 15, '已留言', '2025-01-15 17:28:48', '2025-01-15 17:28:48'),
(426, '這隻寵物真的太可愛了！', 93, 1, 0, '已留言', '2025-01-15 17:28:48', '2025-01-15 17:28:48'),
(427, '這隻寵物真的太可愛了！', 59, 13, 0, '已留言', '2025-01-15 17:28:48', '2025-01-15 17:28:48'),
(428, '這隻寵物真的太可愛了！', 168, 1, 19, '已留言', '2025-01-15 17:28:48', '2025-01-15 17:28:48'),
(429, '這隻寵物真的太可愛了！', 197, 2, 0, '已留言', '2025-01-15 17:28:48', '2025-01-15 17:28:48'),
(430, '這隻寵物真的太可愛了！', 85, 12, 8, '已留言', '2025-01-15 17:28:48', '2025-01-15 17:28:48'),
(431, '這隻寵物真的太可愛了！', 38, 6, 15, '已留言', '2025-01-15 17:28:48', '2025-01-15 17:28:48'),
(432, '這隻寵物真的太可愛了！', 49, 15, 10, '已留言', '2025-01-15 17:28:48', '2025-01-15 17:28:48'),
(433, '這隻寵物真的太可愛了！', 21, 10, 7, '已留言', '2025-01-15 17:28:48', '2025-01-15 17:28:48'),
(434, '這隻寵物真的太可愛了！', 100, 13, 17, '已留言', '2025-01-15 17:28:48', '2025-01-15 17:28:48'),
(435, '這隻寵物真的太可愛了！', 156, 2, 2, '已留言', '2025-01-15 17:28:48', '2025-01-15 17:28:48'),
(436, '這隻寵物真的太可愛了！', 13, 10, 15, '已留言', '2025-01-15 17:28:48', '2025-01-15 17:28:48'),
(437, '這隻寵物真的太可愛了！', 129, 18, 0, '已留言', '2025-01-15 17:28:48', '2025-01-15 17:28:48'),
(438, '這隻寵物真的太可愛了！', 187, 14, 15, '已留言', '2025-01-15 17:28:48', '2025-01-15 17:28:48'),
(439, '這隻寵物真的太可愛了！', 108, 7, 20, '已留言', '2025-01-15 17:28:48', '2025-01-15 17:28:48'),
(440, '這隻寵物真的太可愛了！', 87, 12, 18, '已留言', '2025-01-15 17:28:48', '2025-01-15 17:28:48'),
(441, '這隻寵物真的太可愛了！', 112, 15, 8, '已留言', '2025-01-15 17:28:48', '2025-01-15 17:28:48'),
(442, '這隻寵物真的太可愛了！', 28, 9, 12, '已留言', '2025-01-15 17:28:48', '2025-01-15 17:28:48'),
(443, '這隻寵物真的太可愛了！', 92, 13, 1, '已留言', '2025-01-15 17:28:48', '2025-01-15 17:28:48'),
(444, '這隻寵物真的太可愛了！', 107, 11, 16, '已留言', '2025-01-15 17:28:48', '2025-01-15 17:28:48'),
(445, '這隻寵物真的太可愛了！', 119, 16, 5, '已留言', '2025-01-15 17:28:48', '2025-01-15 17:28:48'),
(446, '這隻寵物真的太可愛了！', 167, 3, 3, '已留言', '2025-01-15 17:28:48', '2025-01-15 17:28:48'),
(447, '這隻寵物真的太可愛了！', 55, 6, 14, '已留言', '2025-01-15 17:28:48', '2025-01-15 17:28:48'),
(448, '這隻寵物真的太可愛了！', 90, 16, 18, '已留言', '2025-01-15 17:28:48', '2025-01-15 17:28:48'),
(449, '這隻寵物真的太可愛了！', 11, 14, 17, '已留言', '2025-01-15 17:28:48', '2025-01-15 17:28:48'),
(450, '這隻寵物真的太可愛了！', 170, 19, 19, '已留言', '2025-01-15 17:28:48', '2025-01-15 17:28:48'),
(451, '這隻寵物真的太可愛了！', 151, 17, 8, '已留言', '2025-01-15 17:28:48', '2025-01-15 17:28:48'),
(452, '這隻寵物真的太可愛了！', 86, 11, 12, '已留言', '2025-01-15 17:28:48', '2025-01-15 17:28:48'),
(454, '這隻寵物真的太可愛了！', 187, 4, 6, '已留言', '2025-01-15 17:28:48', '2025-01-15 17:28:48'),
(455, '這隻寵物真的太可愛了！', 152, 17, 0, '已留言', '2025-01-15 17:28:48', '2025-01-15 17:28:48'),
(456, '這隻寵物真的太可愛了！', 191, 18, 17, '已留言', '2025-01-15 17:28:48', '2025-01-15 17:28:48'),
(458, '這隻寵物真的太可愛了！', 152, 17, 17, '已留言', '2025-01-15 17:28:48', '2025-01-15 17:28:48'),
(459, '這隻寵物真的太可愛了！', 117, 7, 14, '已留言', '2025-01-15 17:28:48', '2025-01-15 17:28:48'),
(460, '這隻寵物真的太可愛了！', 189, 1, 15, '已留言', '2025-01-15 17:28:48', '2025-01-15 17:28:48'),
(461, '這隻寵物真的太可愛了！', 113, 11, 16, '已留言', '2025-01-15 17:28:48', '2025-01-15 17:28:48'),
(462, '這隻寵物真的太可愛了！', 86, 10, 4, '已留言', '2025-01-15 17:28:48', '2025-01-15 17:28:48'),
(463, '這隻寵物真的太可愛了！', 157, 15, 15, '已留言', '2025-01-15 17:28:48', '2025-01-15 17:28:48'),
(464, '這隻寵物真的太可愛了！', 32, 19, 11, '已留言', '2025-01-15 17:28:48', '2025-01-15 17:28:48'),
(466, '這隻寵物真的太可愛了！', 112, 13, 11, '已留言', '2025-01-15 17:28:48', '2025-01-15 17:28:48'),
(467, '這隻寵物真的太可愛了！', 29, 14, 19, '已留言', '2025-01-15 17:28:48', '2025-01-15 17:28:48'),
(469, '這隻寵物真的太可愛了！', 8, 7, 8, '已留言', '2025-01-15 17:28:48', '2025-01-15 17:28:48'),
(470, '這隻寵物真的太可愛了！', 17, 10, 0, '已留言', '2025-01-15 17:28:48', '2025-01-15 17:28:48'),
(471, '這隻寵物真的太可愛了！', 96, 5, 0, '已留言', '2025-01-15 17:28:48', '2025-01-15 17:28:48'),
(472, '這隻寵物真的太可愛了！', 181, 4, 15, '已留言', '2025-01-15 17:28:48', '2025-01-15 17:28:48'),
(473, '這隻寵物真的太可愛了！', 38, 4, 13, '已留言', '2025-01-15 17:28:48', '2025-01-15 17:28:48'),
(475, '這隻寵物真的太可愛了！', 34, 7, 1, '已留言', '2025-01-15 17:28:48', '2025-01-15 17:28:48'),
(476, '這隻寵物真的太可愛了！', 50, 5, 6, '已留言', '2025-01-15 17:28:48', '2025-01-15 17:28:48'),
(477, '這隻寵物真的太可愛了！', 29, 6, 9, '已留言', '2025-01-15 17:28:48', '2025-01-15 17:28:48'),
(478, '這隻寵物真的太可愛了！', 75, 11, 19, '已留言', '2025-01-15 17:28:48', '2025-01-15 17:28:48'),
(479, '這隻寵物真的太可愛了！', 182, 19, 20, '已留言', '2025-01-15 17:28:48', '2025-01-15 17:28:48'),
(480, '這隻寵物真的太可愛了！', 16, 12, 7, '已留言', '2025-01-15 17:28:48', '2025-01-15 17:28:48'),
(481, '這隻寵物真的太可愛了！', 94, 16, 17, '已留言', '2025-01-15 17:28:48', '2025-01-15 17:28:48'),
(482, '這隻寵物真的太可愛了！', 199, 17, 7, '已留言', '2025-01-15 17:28:48', '2025-01-15 17:28:48'),
(484, '這隻寵物真的太可愛了！', 50, 19, 8, '已留言', '2025-01-15 17:28:48', '2025-01-15 17:28:48'),
(485, '這隻寵物真的太可愛了！', 1, 3, 6, '已留言', '2025-01-15 17:28:48', '2025-01-15 17:28:48'),
(486, '這隻寵物真的太可愛了！', 44, 18, 14, '已留言', '2025-01-15 17:28:48', '2025-01-15 17:28:48'),
(487, '這隻寵物真的太可愛了！', 146, 16, 14, '已留言', '2025-01-15 17:28:48', '2025-01-15 17:28:48'),
(488, '這隻寵物真的太可愛了！', 102, 15, 8, '已留言', '2025-01-15 17:28:48', '2025-01-15 17:28:48'),
(489, '這隻寵物真的太可愛了！', 4, 13, 6, '已留言', '2025-01-15 17:28:48', '2025-01-15 17:28:48'),
(490, '這隻寵物真的太可愛了！', 65, 7, 12, '已留言', '2025-01-15 17:28:48', '2025-01-15 17:28:48'),
(491, '這隻寵物真的太可愛了！', 78, 17, 3, '已留言', '2025-01-15 17:28:48', '2025-01-15 17:28:48'),
(492, '這隻寵物真的太可愛了！', 129, 8, 16, '已留言', '2025-01-15 17:28:48', '2025-01-15 17:28:48'),
(493, '這隻寵物真的太可愛了！', 81, 5, 14, '已留言', '2025-01-15 17:28:48', '2025-01-15 17:28:48'),
(494, '這隻寵物真的太可愛了！', 5, 2, 15, '已留言', '2025-01-15 17:28:48', '2025-01-15 17:28:48'),
(495, '這隻寵物真的太可愛了！', 93, 8, 14, '已留言', '2025-01-15 17:28:48', '2025-01-15 17:28:48'),
(496, '這隻寵物真的太可愛了！', 85, 4, 11, '已留言', '2025-01-15 17:28:48', '2025-01-15 17:28:48'),
(498, '這隻寵物真的太可愛了！', 1, 11, 5, '已留言', '2025-01-15 17:28:48', '2025-01-15 17:28:48'),
(499, '這隻寵物真的太可愛了！', 189, 12, 11, '已留言', '2025-01-15 17:28:48', '2025-01-15 17:28:48'),
(500, '這隻寵物真的太可愛了！', 190, 12, 9, '已刪除', '2025-01-15 17:28:48', '2025-01-15 23:28:52');

-- --------------------------------------------------------

--
-- 資料表結構 `donations`
--

CREATE TABLE `donations` (
  `id` int NOT NULL,
  `donation_type` varchar(20) CHARACTER SET utf8mb4 COLLATE utf8mb4_general_ci NOT NULL,
  `pet_id` int DEFAULT NULL,
  `amount` int NOT NULL,
  `donation_mode` varchar(20) CHARACTER SET utf8mb4 COLLATE utf8mb4_general_ci NOT NULL,
  `payment_method` enum('ATM','Credit','CVS','CreditPeriod') CHARACTER SET utf8mb4 COLLATE utf8mb4_general_ci NOT NULL,
  `create_datetime` datetime NOT NULL DEFAULT CURRENT_TIMESTAMP,
  `user_id` int DEFAULT NULL,
  `donor_name` varchar(80) CHARACTER SET utf8mb4 COLLATE utf8mb4_general_ci NOT NULL,
  `donor_phone` varchar(10) CHARACTER SET utf8mb4 COLLATE utf8mb4_general_ci NOT NULL,
  `donor_email` varchar(80) CHARACTER SET utf8mb4 COLLATE utf8mb4_general_ci NOT NULL,
  `trade_no` varchar(50) CHARACTER SET utf8mb4 COLLATE utf8mb4_general_ci DEFAULT NULL,
  `transaction_status` varchar(20) CHARACTER SET utf8mb4 COLLATE utf8mb4_general_ci NOT NULL DEFAULT 'pending',
  `retry_trade_no` varchar(50) CHARACTER SET utf8mb4 COLLATE utf8mb4_general_ci DEFAULT NULL
) ENGINE=InnoDB DEFAULT CHARSET=utf8mb4 COLLATE=utf8mb4_general_ci;

--
-- 傾印資料表的資料 `donations`
--

INSERT INTO `donations` (`id`, `donation_type`, `pet_id`, `amount`, `donation_mode`, `payment_method`, `create_datetime`, `user_id`, `donor_name`, `donor_phone`, `donor_email`, `trade_no`, `transaction_status`, `retry_trade_no`) VALUES
(1011, '線上認養', 14, 235, '一次性付清', 'Credit', '2025-03-26 13:34:09', 1, '宋德鶴', '0912345678', 'song1@gmail.com', 'od2025040103160423583', '付款失敗', NULL),
(1012, '醫療救援', NULL, 1490, '一次性付清', 'Credit', '2025-03-31 00:21:24', 1, '宋德鶴', '0912345678', 'song1@gmail.com', 'od2025040103160450071', '已付款', NULL),
(1013, '醫療救援', NULL, 1692, '定期定額', 'CreditPeriod', '2025-03-24 08:08:56', 1, '宋德鶴', '0912345678', 'song1@gmail.com', 'od2025040103160482097', '已付款', NULL),
(1014, '醫療救援', NULL, 1918, '一次性付清', 'Credit', '2025-03-05 15:37:24', 1, '宋德鶴', '0912345678', 'song1@gmail.com', 'od2025040103160450707', '付款失敗', NULL),
(1015, '線上認養', 89, 2457, '一次性付清', 'CreditPeriod', '2025-03-21 10:24:08', 1, '宋德鶴', '0912345678', 'song1@gmail.com', 'od2025040103160439688', '付款失敗', NULL),
(1016, '捐給我們', NULL, 767, '一次性付清', 'ATM', '2025-03-15 09:30:15', 1, '宋德鶴', '0912345678', 'song1@gmail.com', 'od2025040103160498968', '未付款', NULL),
(1017, '醫療救援', NULL, 2745, '一次性付清', 'CreditPeriod', '2025-04-01 04:11:47', 1, '宋德鶴', '0912345678', 'song1@gmail.com', 'od2025040103160492009', '付款失敗', NULL),
(1018, '捐給我們', NULL, 2242, '定期定額', 'CreditPeriod', '2025-03-25 19:46:59', 2, '金城武', '0987123456', 'chin2@gmail.com', 'od2025040103160475587', '已付款', NULL),
(1019, '捐給我們', NULL, 1546, '一次性付清', 'CreditPeriod', '2025-03-22 17:07:10', 2, '金城武', '0987123456', 'chin2@gmail.com', 'od2025040103160479414', '付款失敗', NULL),
(1020, '捐給我們', NULL, 2260, '一次性付清', 'Credit', '2025-03-28 10:19:54', 2, '金城武', '0987123456', 'chin2@gmail.com', 'od2025040103160499283', '付款失敗', NULL),
(1021, '線上認養', 32, 827, '一次性付清', 'ATM', '2025-03-08 04:40:26', 2, '金城武', '0987123456', 'chin2@gmail.com', 'od2025040103160419113', '已付款', NULL),
(1022, '捐給我們', NULL, 1256, '一次性付清', 'Credit', '2025-03-04 11:06:31', 2, '金城武', '0987123456', 'chin2@gmail.com', 'od2025040103160409704', '已付款', NULL),
(1023, '線上認養', 17, 2061, '一次性付清', 'ATM', '2025-03-10 07:32:31', 2, '金城武', '0987123456', 'chin2@gmail.com', 'od2025040103160449104', '未付款', NULL),
(1024, '醫療救援', NULL, 1941, '一次性付清', 'CVS', '2025-03-31 21:22:39', 2, '金城武', '0987123456', 'chin2@gmail.com', 'od2025040103160463819', '未付款', NULL),
(1025, '捐給我們', NULL, 2235, '一次性付清', 'Credit', '2025-03-19 04:15:52', 2, '金城武', '0987123456', 'chin2@gmail.com', 'od2025040103160444988', '付款失敗', NULL),
(1026, '醫療救援', NULL, 2406, '一次性付清', 'CVS', '2025-03-11 12:49:54', 3, '張三', '0933123456', 'chang3@example.com', 'od2025040103160419417', '未付款', NULL),
(1027, '醫療救援', NULL, 2525, '一次性付清', 'ATM', '2025-03-10 00:40:48', 3, '張三', '0933123456', 'chang3@example.com', 'od2025040103160495269', '已付款', NULL),
(1028, '捐給我們', NULL, 558, '一次性付清', 'Credit', '2025-03-23 01:01:29', 3, '張三', '0933123456', 'chang3@example.com', 'od2025040103160443404', '付款失敗', NULL),
(1029, '線上認養', 34, 1777, '一次性付清', 'Credit', '2025-03-18 01:48:32', 3, '張三', '0933123456', 'chang3@example.com', 'od2025040103160453647', '付款失敗', NULL),
(1030, '線上認養', 19, 730, '一次性付清', 'CreditPeriod', '2025-03-07 09:41:35', 3, '張三', '0933123456', 'chang3@example.com', 'od2025040103160415535', '付款失敗', NULL),
(1031, '線上認養', 12, 2483, '定期定額', 'CreditPeriod', '2025-03-29 05:51:56', 3, '張三', '0933123456', 'chang3@example.com', 'od2025040103160424721', '已付款', NULL),
(1032, '線上認養', 89, 1386, '一次性付清', 'Credit', '2025-03-09 23:48:42', 4, '李四', '0966987654', 'lee4@example.com', 'od2025040103160410470', '付款失敗', NULL),
(1033, '醫療救援', NULL, 611, '一次性付清', 'CVS', '2025-03-17 20:32:59', 4, '李四', '0966987654', 'lee4@example.com', 'od2025040103160419286', '未付款', NULL),
(1034, '醫療救援', NULL, 2122, '一次性付清', 'ATM', '2025-03-09 01:50:23', 4, '李四', '0966987654', 'lee4@example.com', 'od2025040103160431115', '未付款', NULL),
(1035, '醫療救援', NULL, 444, '一次性付清', 'CVS', '2025-03-09 23:28:15', 4, '李四', '0966987654', 'lee4@example.com', 'od2025040103160411030', '未付款', NULL),
(1036, '捐給我們', NULL, 812, '定期定額', 'CreditPeriod', '2025-03-01 06:36:11', 4, '李四', '0966987654', 'lee4@example.com', 'od2025040103160480756', '已付款', NULL),
(1037, '線上認養', 84, 1242, '一次性付清', 'CreditPeriod', '2025-03-20 08:55:52', 5, '王五', '0955567890', 'wang5@example.com', 'od2025040103160416749', '付款失敗', NULL),
(1038, '線上認養', 45, 790, '一次性付清', 'ATM', '2025-03-21 12:37:11', 5, '王五', '0955567890', 'wang5@example.com', 'od2025040103160479286', '已付款', NULL),
(1039, '捐給我們', NULL, 721, '一次性付清', 'ATM', '2025-03-17 01:07:09', 5, '王五', '0955567890', 'wang5@example.com', 'od2025040103160418238', '已付款', NULL),
(1040, '捐給我們', NULL, 104, '一次性付清', 'CVS', '2025-03-28 00:37:33', 5, '王五', '0955567890', 'wang5@example.com', 'od2025040103160460224', '已付款', NULL),
(1041, '線上認養', 5, 2473, '一次性付清', 'Credit', '2025-03-27 07:50:36', 5, '王五', '0955567890', 'wang5@example.com', 'od2025040103160491920', '已付款', NULL),
(1042, '醫療救援', NULL, 2234, '定期定額', 'CreditPeriod', '2025-03-27 15:18:31', 5, '王五', '0955567890', 'wang5@example.com', 'od2025040103160477832', '已付款', NULL),
(1043, '捐給我們', NULL, 1495, '一次性付清', 'ATM', '2025-03-16 22:26:02', 6, '趙六', '0922876543', 'zhao6@example.com', 'od2025040103160411071', '未付款', NULL),
(1044, '捐給我們', NULL, 726, '定期定額', 'CreditPeriod', '2025-03-29 11:28:57', 6, '趙六', '0922876543', 'zhao6@example.com', 'od2025040103160427408', '已付款', NULL),
(1045, '線上認養', 65, 2396, '一次性付清', 'CreditPeriod', '2025-03-16 06:46:27', 6, '趙六', '0922876543', 'zhao6@example.com', 'od2025040103160419535', '付款失敗', NULL),
(1046, '捐給我們', NULL, 2517, '一次性付清', 'CreditPeriod', '2025-03-02 20:53:36', 6, '趙六', '0922876543', 'zhao6@example.com', 'od2025040103160411011', '付款失敗', NULL),
(1047, '線上認養', 72, 122, '一次性付清', 'CreditPeriod', '2025-03-13 23:50:58', 6, '趙六', '0922876543', 'zhao6@example.com', 'od2025040103160478587', '付款失敗', NULL),
(1048, '醫療救援', NULL, 2750, '一次性付清', 'Credit', '2025-03-18 02:05:15', 6, '趙六', '0922876543', 'zhao6@example.com', 'od2025040103160416300', '付款失敗', NULL),
(1049, '醫療救援', NULL, 957, '一次性付清', 'CVS', '2025-03-03 15:08:47', 6, '趙六', '0922876543', 'zhao6@example.com', 'od2025040103160468345', '已付款', NULL),
(1050, '醫療救援', NULL, 2345, '一次性付清', 'ATM', '2025-03-16 10:21:46', 7, '劉七', '0977432109', 'liu7@example.com', 'od2025040103160433522', '未付款', NULL),
(1051, '捐給我們', NULL, 2153, '一次性付清', 'Credit', '2025-03-17 04:16:11', 7, '劉七', '0977432109', 'liu7@example.com', 'od2025040103160443077', '已付款', NULL),
(1052, '醫療救援', NULL, 2049, '定期定額', 'CreditPeriod', '2025-03-02 02:44:13', 7, '劉七', '0977432109', 'liu7@example.com', 'od2025040103160435686', '已付款', NULL),
(1053, '醫療救援', NULL, 2925, '一次性付清', 'CVS', '2025-03-05 12:30:38', 7, '劉七', '0977432109', 'liu7@example.com', 'od2025040103160429505', '未付款', NULL),
(1054, '醫療救援', NULL, 1105, '一次性付清', 'CVS', '2025-03-06 02:43:59', 7, '劉七', '0977432109', 'liu7@example.com', 'od2025040103160464039', '已付款', NULL),
(1055, '線上認養', 18, 133, '一次性付清', 'ATM', '2025-03-15 20:02:09', 7, '劉七', '0977432109', 'liu7@example.com', 'od2025040103160458190', '未付款', NULL),
(1056, '捐給我們', NULL, 2209, '一次性付清', 'CVS', '2025-03-08 10:44:53', 7, '劉七', '0977432109', 'liu7@example.com', 'od2025040103160412130', '未付款', NULL),
(1057, '線上認養', 49, 984, '一次性付清', 'ATM', '2025-03-26 02:24:11', 8, '陳八', '0988012345', 'cheng8@example.com', 'od2025040103160457489', '已付款', NULL),
(1058, '捐給我們', NULL, 2949, '一次性付清', 'ATM', '2025-03-25 09:15:19', 8, '陳八', '0988012345', 'cheng8@example.com', 'od2025040103160478316', '未付款', NULL),
(1059, '捐給我們', NULL, 2647, '一次性付清', 'CVS', '2025-03-23 09:17:22', 8, '陳八', '0988012345', 'cheng8@example.com', 'od2025040103160420916', '已付款', NULL),
(1060, '線上認養', 99, 2470, '一次性付清', 'Credit', '2025-03-05 07:36:07', 8, '陳八', '0988012345', 'cheng8@example.com', 'od2025040103160475256', '付款失敗', NULL),
(1061, '醫療救援', NULL, 509, '定期定額', 'CreditPeriod', '2025-03-09 06:51:41', 8, '陳八', '0988012345', 'cheng8@example.com', 'od2025040103160413058', '已付款', NULL),
(1062, '醫療救援', NULL, 617, '一次性付清', 'Credit', '2025-03-08 08:33:00', 8, '陳八', '0988012345', 'cheng8@example.com', 'od2025040103160485460', '付款失敗', NULL),
(1063, '捐給我們', NULL, 1360, '一次性付清', 'CreditPeriod', '2025-03-12 21:17:32', 8, '陳八', '0988012345', 'cheng8@example.com', 'od2025040103160427903', '付款失敗', NULL),
(1064, '捐給我們', NULL, 609, '一次性付清', 'ATM', '2025-03-24 10:12:30', 9, '林九', '0919654321', 'lin9@example.com', 'od2025040103160430897', '已付款', NULL),
(1065, '線上認養', 50, 1068, '一次性付清', 'ATM', '2025-03-29 04:48:45', 9, '林九', '0919654321', 'lin9@example.com', 'od2025040103160498982', '已付款', NULL),
(1066, '捐給我們', NULL, 2710, '一次性付清', 'ATM', '2025-03-12 23:18:58', 9, '林九', '0919654321', 'lin9@example.com', 'od2025040103160469324', '未付款', NULL),
(1067, '線上認養', 58, 860, '一次性付清', 'ATM', '2025-03-07 09:13:31', 9, '林九', '0919654321', 'lin9@example.com', 'od2025040103160410857', '已付款', NULL),
(1068, '捐給我們', NULL, 2540, '定期定額', 'CreditPeriod', '2025-03-30 12:50:56', 9, '林九', '0919654321', 'lin9@example.com', 'od2025040103160495714', '已付款', NULL),
(1069, '醫療救援', NULL, 320, '一次性付清', 'ATM', '2025-03-15 10:27:44', 9, '林九', '0919654321', 'lin9@example.com', 'od2025040103160405388', '未付款', NULL),
(1070, '捐給我們', NULL, 1990, '一次性付清', 'ATM', '2025-03-11 22:03:48', 10, '孫小美', '0945678678', 'shun10@gmail.com', 'od2025040103160494719', '未付款', NULL),
(1071, '線上認養', 65, 306, '一次性付清', 'ATM', '2025-03-01 10:00:06', 10, '孫小美', '0945678678', 'shun10@gmail.com', 'od2025040103160404825', '未付款', NULL),
(1072, '醫療救援', NULL, 1703, '一次性付清', 'Credit', '2025-03-24 10:59:43', 10, '孫小美', '0945678678', 'shun10@gmail.com', 'od2025040103160440957', '付款失敗', NULL),
(1073, '醫療救援', NULL, 109, '一次性付清', 'ATM', '2025-03-31 18:19:10', 10, '孫小美', '0945678678', 'shun10@gmail.com', 'od2025040103160460005', '未付款', NULL),
(1074, '捐給我們', NULL, 2609, '定期定額', 'CreditPeriod', '2025-03-20 04:27:26', 10, '孫小美', '0945678678', 'shun10@gmail.com', 'od2025040103160411210', '已付款', NULL),
(1075, '捐給我們', NULL, 1987, '一次性付清', 'CreditPeriod', '2025-03-30 12:36:12', 11, '李浩偉', '0912789456', 'lee11@yahoo.com', 'od2025040103160422105', '付款失敗', NULL),
(1076, '醫療救援', NULL, 1373, '一次性付清', 'CVS', '2025-03-31 21:21:32', 11, '李浩偉', '0912789456', 'lee11@yahoo.com', 'od2025040103160454287', '未付款', NULL),
(1077, '醫療救援', NULL, 1009, '一次性付清', 'CVS', '2025-03-31 14:44:51', 11, '李浩偉', '0912789456', 'lee11@yahoo.com', 'od2025040103160465386', '未付款', NULL),
(1078, '線上認養', 77, 295, '一次性付清', 'Credit', '2025-03-09 15:44:07', 11, '李浩偉', '0912789456', 'lee11@yahoo.com', 'od2025040103160407523', '付款失敗', NULL),
(1079, '捐給我們', NULL, 1875, '一次性付清', 'ATM', '2025-03-27 18:44:51', 11, '李浩偉', '0912789456', 'lee11@yahoo.com', 'od2025040103160412118', '已付款', NULL),
(1080, '捐給我們', NULL, 734, '一次性付清', 'ATM', '2025-03-20 13:54:54', 11, '李浩偉', '0912789456', 'lee11@yahoo.com', 'od2025040103160435622', '已付款', NULL),
(1081, '捐給我們', NULL, 1104, '定期定額', 'CreditPeriod', '2025-03-31 18:01:33', 11, '李浩偉', '0912789456', 'lee11@yahoo.com', 'od2025040103160493008', '已付款', NULL),
(1082, '線上認養', 6, 2658, '一次性付清', 'Credit', '2025-03-23 05:54:34', 11, '李浩偉', '0912789456', 'lee11@yahoo.com', 'od2025040103160426537', '付款失敗', NULL),
(1083, '線上認養', 70, 2390, '定期定額', 'CreditPeriod', '2025-03-02 13:37:42', 12, '劉修齊', '0911223345', 'liu12@gmail.com', 'od2025040103160452576', '已付款', NULL),
(1084, '捐給我們', NULL, 2082, '一次性付清', 'CVS', '2025-03-14 06:01:29', 12, '劉修齊', '0911223345', 'liu12@gmail.com', 'od2025040103160430648', '已付款', NULL),
(1085, '醫療救援', NULL, 1328, '一次性付清', 'ATM', '2025-03-09 07:58:08', 12, '劉修齊', '0911223345', 'liu12@gmail.com', 'od2025040103160425940', '已付款', NULL),
(1086, '醫療救援', NULL, 2466, '一次性付清', 'ATM', '2025-03-09 14:31:05', 12, '劉修齊', '0911223345', 'liu12@gmail.com', 'od2025040103160456649', '未付款', NULL),
(1087, '線上認養', 35, 1522, '一次性付清', 'CVS', '2025-03-28 17:20:30', 12, '劉修齊', '0911223345', 'liu12@gmail.com', 'od2025040103160412873', '未付款', NULL),
(1088, '線上認養', 1, 1026, '一次性付清', 'ATM', '2025-03-09 01:24:08', 13, '王鍾綺', '0922334454', 'wang13@yahoo.com', 'od2025040103160456112', '未付款', NULL),
(1089, '捐給我們', NULL, 1782, '一次性付清', 'ATM', '2025-03-29 06:50:13', 13, '王鍾綺', '0922334454', 'wang13@yahoo.com', 'od2025040103160462634', '已付款', NULL),
(1090, '醫療救援', NULL, 1107, '定期定額', 'CreditPeriod', '2025-04-01 14:38:43', 13, '王鍾綺', '0922334454', 'wang13@yahoo.com', 'od2025040103160458410', '已付款', NULL),
(1091, '醫療救援', NULL, 1062, '一次性付清', 'Credit', '2025-03-23 22:03:54', 13, '王鍾綺', '0922334454', 'wang13@yahoo.com', 'od2025040103160460885', '付款失敗', NULL),
(1092, '醫療救援', NULL, 1238, '一次性付清', 'ATM', '2025-03-20 11:21:11', 13, '王鍾綺', '0922334454', 'wang13@yahoo.com', 'od2025040103160476554', '未付款', NULL),
(1093, '線上認養', 69, 1826, '一次性付清', 'CVS', '2025-03-22 03:18:17', 13, '王鍾綺', '0922334454', 'wang13@yahoo.com', 'od2025040103160408611', '未付款', NULL),
(1094, '醫療救援', NULL, 1104, '一次性付清', 'CreditPeriod', '2025-03-30 05:01:31', 14, '康婷文', '0945678910', 'kang14@yahoo.com', 'od2025040103160414160', '付款失敗', NULL),
(1095, '捐給我們', NULL, 1018, '一次性付清', 'CVS', '2025-03-09 09:21:12', 14, '康婷文', '0945678910', 'kang14@yahoo.com', 'od2025040103160415714', '未付款', NULL),
(1096, '線上認養', 51, 179, '一次性付清', 'CVS', '2025-03-31 05:50:13', 14, '康婷文', '0945678910', 'kang14@yahoo.com', 'od2025040103160401832', '已付款', NULL),
(1097, '捐給我們', NULL, 1550, '一次性付清', 'CVS', '2025-04-01 01:44:26', 14, '康婷文', '0945678910', 'kang14@yahoo.com', 'od2025040103160464931', '已付款', NULL),
(1098, '線上認養', 52, 497, '一次性付清', 'CreditPeriod', '2025-03-29 04:47:16', 14, '康婷文', '0945678910', 'kang14@yahoo.com', 'od2025040103160484173', '付款失敗', NULL),
(1099, '醫療救援', NULL, 2395, '定期定額', 'CreditPeriod', '2025-03-03 05:04:25', 14, '康婷文', '0945678910', 'kang14@yahoo.com', 'od2025040103160441903', '已付款', NULL),
(1100, '線上認養', 48, 1430, '一次性付清', 'CVS', '2025-03-19 22:56:22', 14, '康婷文', '0945678910', 'kang14@yahoo.com', 'od2025040103160445688', '未付款', NULL),
(1101, '捐給我們', NULL, 628, '一次性付清', 'CreditPeriod', '2025-03-01 04:00:25', 14, '康婷文', '0945678910', 'kang14@yahoo.com', 'od2025040103160442668', '付款失敗', NULL),
(1102, '捐給我們', NULL, 2220, '一次性付清', 'Credit', '2025-03-12 23:22:37', 15, '林冠佑', '0911147258', 'lin15@yahoo.com', 'od2025040103160406298', '已付款', NULL),
(1103, '醫療救援', NULL, 2050, '一次性付清', 'CVS', '2025-03-26 20:34:25', 15, '林冠佑', '0911147258', 'lin15@yahoo.com', 'od2025040103160473693', '未付款', NULL),
(1104, '醫療救援', NULL, 639, '定期定額', 'CreditPeriod', '2025-03-13 00:21:54', 15, '林冠佑', '0911147258', 'lin15@yahoo.com', 'od2025040103160425482', '已付款', NULL),
(1105, '線上認養', 73, 1866, '一次性付清', 'ATM', '2025-03-18 21:14:19', 15, '林冠佑', '0911147258', 'lin15@yahoo.com', 'od2025040103160417088', '未付款', NULL),
(1106, '醫療救援', NULL, 2060, '一次性付清', 'ATM', '2025-03-06 21:10:51', 15, '林冠佑', '0911147258', 'lin15@yahoo.com', 'od2025040103160421724', '未付款', NULL),
(1107, '線上認養', 23, 2939, '一次性付清', 'Credit', '2025-03-29 08:25:37', 16, '周十', '0930123789', 'chou10@example.com', 'od2025040103160479343', '付款失敗', NULL),
(1108, '捐給我們', NULL, 1670, '一次性付清', 'ATM', '2025-03-12 09:03:56', 16, '周十', '0930123789', 'chou10@example.com', 'od2025040103160487049', '已付款', NULL),
(1109, '醫療救援', NULL, 2740, '定期定額', 'CreditPeriod', '2025-03-03 21:12:38', 16, '周十', '0930123789', 'chou10@example.com', 'od2025040103160431397', '已付款', NULL),
(1110, '線上認養', 24, 1857, '一次性付清', 'CVS', '2025-03-08 22:36:38', 16, '周十', '0930123789', 'chou10@example.com', 'od2025040103160427384', '未付款', NULL),
(1111, '醫療救援', NULL, 1036, '一次性付清', 'Credit', '2025-03-06 18:51:20', 16, '周十', '0930123789', 'chou10@example.com', 'od2025040103160458897', '付款失敗', NULL),
(1112, '線上認養', 30, 307, '一次性付清', 'ATM', '2025-03-01 16:21:09', 16, '周十', '0930123789', 'chou10@example.com', 'od2025040103160431836', '未付款', NULL),
(1113, '醫療救援', NULL, 2173, '一次性付清', 'ATM', '2025-03-01 04:57:06', 16, '周十', '0930123789', 'chou10@example.com', 'od2025040103160443694', '未付款', NULL),
(1114, '醫療救援', NULL, 2100, '一次性付清', 'CVS', '2025-03-03 04:55:31', 17, '吳十一', '0960987321', 'woo11@example.com', 'od2025040103160451013', '未付款', NULL),
(1115, '捐給我們', NULL, 864, '一次性付清', 'ATM', '2025-03-23 20:51:53', 17, '吳十一', '0960987321', 'woo11@example.com', 'od2025040103160490146', '已付款', NULL),
(1116, '醫療救援', NULL, 303, '定期定額', 'CreditPeriod', '2025-03-10 11:23:51', 17, '吳十一', '0960987321', 'woo11@example.com', 'od2025040103160454169', '已付款', NULL),
(1117, '醫療救援', NULL, 2862, '一次性付清', 'ATM', '2025-03-13 08:29:54', 17, '吳十一', '0960987321', 'woo11@example.com', 'od2025040103160484448', '未付款', NULL),
(1118, '線上認養', 64, 1519, '一次性付清', 'Credit', '2025-03-16 23:39:07', 17, '吳十一', '0960987321', 'woo11@example.com', 'od2025040103160434196', '已付款', NULL),
(1119, '醫療救援', NULL, 2830, '一次性付清', 'CreditPeriod', '2025-03-11 01:31:34', 17, '吳十一', '0960987321', 'woo11@example.com', 'od2025040103160428476', '付款失敗', NULL),
(1120, '線上認養', 86, 1881, '一次性付清', 'CreditPeriod', '2025-03-26 11:38:41', 17, '吳十一', '0960987321', 'woo11@example.com', 'od2025040103160499439', '付款失敗', NULL),
(1121, '線上認養', 40, 1895, '一次性付清', 'Credit', '2025-03-22 07:07:26', 17, '吳十一', '0960987321', 'woo11@example.com', 'od2025040103160440814', '付款失敗', NULL),
(1122, '線上認養', 21, 1693, '一次性付清', 'Credit', '2025-03-20 08:04:57', 18, '鄭十二', '0950567109', 'cheng12@example.com', 'od2025040103160441287', '已付款', NULL),
(1123, '醫療救援', NULL, 376, '一次性付清', 'CVS', '2025-03-31 13:51:05', 18, '鄭十二', '0950567109', 'cheng12@example.com', 'od2025040103160467902', '未付款', NULL),
(1124, '捐給我們', NULL, 1998, '一次性付清', 'ATM', '2025-03-21 09:50:28', 18, '鄭十二', '0950567109', 'cheng12@example.com', 'od2025040103160491428', '已付款', NULL),
(1125, '線上認養', 69, 329, '一次性付清', 'CreditPeriod', '2025-03-15 22:38:43', 18, '鄭十二', '0950567109', 'cheng12@example.com', 'od2025040103160478496', '付款失敗', NULL),
(1126, '捐給我們', NULL, 1602, '一次性付清', 'Credit', '2025-03-04 06:10:54', 18, '鄭十二', '0950567109', 'cheng12@example.com', 'od2025040103160495460', '已付款', NULL),
(1127, '醫療救援', NULL, 2714, '一次性付清', 'Credit', '2025-03-06 02:20:49', 18, '鄭十二', '0950567109', 'cheng12@example.com', 'od2025040103160438005', '已付款', NULL),
(1128, '醫療救援', NULL, 1068, '一次性付清', 'Credit', '2025-04-01 15:26:04', 18, '鄭十二', '0950567109', 'cheng12@example.com', 'od2025040103160494019', '已付款', NULL),
(1129, '醫療救援', NULL, 1533, '定期定額', 'CreditPeriod', '2025-03-16 16:21:10', 18, '鄭十二', '0950567109', 'cheng12@example.com', 'od2025040103160492199', '已付款', NULL),
(1130, '捐給我們', NULL, 1815, '定期定額', 'CreditPeriod', '2025-03-05 23:00:22', 19, '孫十三', '0920876432', 'sung13@example.com', 'od2025040103160434747', '已付款', NULL),
(1131, '醫療救援', NULL, 1238, '一次性付清', 'Credit', '2025-04-01 03:23:01', 19, '孫十三', '0920876432', 'sung13@example.com', 'od2025040103160492393', '付款失敗', NULL),
(1132, '捐給我們', NULL, 692, '一次性付清', 'CreditPeriod', '2025-03-25 03:35:01', 19, '孫十三', '0920876432', 'sung13@example.com', 'od2025040103160463237', '付款失敗', NULL),
(1133, '醫療救援', NULL, 1396, '一次性付清', 'CVS', '2025-03-29 21:59:23', 19, '孫十三', '0920876432', 'sung13@example.com', 'od2025040103160417400', '已付款', NULL),
(1134, '線上認養', 52, 1226, '一次性付清', 'CVS', '2025-03-29 09:33:53', 19, '孫十三', '0920876432', 'sung13@example.com', 'od2025040103160477610', '未付款', NULL),
(1135, '醫療救援', NULL, 2246, '一次性付清', 'ATM', '2025-03-01 21:44:03', 19, '孫十三', '0920876432', 'sung13@example.com', 'od2025040103160488353', '未付款', NULL),
(1136, '捐給我們', NULL, 240, '一次性付清', 'CreditPeriod', '2025-03-03 16:17:58', 19, '孫十三', '0920876432', 'sung13@example.com', 'od2025040103160470629', '付款失敗', NULL);

-- --------------------------------------------------------

--
-- 資料表結構 `donations_backup`
--

CREATE TABLE `donations_backup` (
  `id` int NOT NULL DEFAULT '0',
  `donation_type` varchar(20) CHARACTER SET utf8mb4 COLLATE utf8mb4_general_ci NOT NULL,
  `pet_id` int DEFAULT NULL,
  `amount` int NOT NULL,
  `donation_mode` varchar(20) CHARACTER SET utf8mb4 COLLATE utf8mb4_general_ci NOT NULL,
  `regular_payment_date` date DEFAULT NULL,
  `is_anonymous` int NOT NULL DEFAULT '0',
  `payment_method` varchar(20) CHARACTER SET utf8mb4 COLLATE utf8mb4_general_ci NOT NULL,
  `create_datetime` datetime NOT NULL DEFAULT CURRENT_TIMESTAMP,
  `user_id` int DEFAULT NULL,
  `is_receipt_needed` int NOT NULL DEFAULT '1',
  `donor_name` varchar(80) CHARACTER SET utf8mb4 COLLATE utf8mb4_general_ci NOT NULL,
  `donor_phone` varchar(10) CHARACTER SET utf8mb4 COLLATE utf8mb4_general_ci NOT NULL,
  `donor_email` varchar(80) CHARACTER SET utf8mb4 COLLATE utf8mb4_general_ci NOT NULL
) ENGINE=InnoDB DEFAULT CHARSET=utf8mb4 COLLATE=utf8mb4_0900_ai_ci;

--
-- 傾印資料表的資料 `donations_backup`
--

INSERT INTO `donations_backup` (`id`, `donation_type`, `pet_id`, `amount`, `donation_mode`, `regular_payment_date`, `is_anonymous`, `payment_method`, `create_datetime`, `user_id`, `is_receipt_needed`, `donor_name`, `donor_phone`, `donor_email`) VALUES
(1, '醫療救援', NULL, 800, '一次性捐款', NULL, 0, '信用卡', '2025-01-10 10:00:00', 1, 1, '王小明', '0911111111', 'wang@gmail.com'),
(2, '線上認養', 2, 1200, '一次性捐款', NULL, 1, '銀行轉帳', '2025-01-11 11:00:00', 2, 0, '匿名', '匿名', '匿名'),
(3, '醫療救援', NULL, 1500, '定期捐款', '2025-02-15', 0, '信用卡', '2025-01-12 12:00:00', 10, 1, '孫小美', '0945678678', 'a45678@gmail.com'),
(4, '捐予平台', NULL, 600, '一次性捐款', NULL, 0, '信用卡', '2025-01-13 13:00:00', 11, 0, '李浩偉', '0912789456', 'a789456@yahoo.com'),
(5, '醫療救援', NULL, 900, '一次性捐款', NULL, 1, '銀行轉帳', '2025-01-14 14:00:00', NULL, 1, '匿名', '匿名', '匿名'),
(6, '線上認養', 3, 1000, '一次性捐款', NULL, 0, '信用卡', '2025-01-15 15:00:00', NULL, 1, '李華', '0944444444', 'li@gmail.com'),
(7, '醫療救援', NULL, 500, '定期捐款', '2025-03-01', 0, '信用卡', '2025-01-16 16:00:00', NULL, 1, '陳志宏', '0955555555', 'chen@gmail.com'),
(8, '捐予平台', NULL, 2000, '一次性捐款', NULL, 1, '銀行轉帳', '2025-01-17 17:00:00', NULL, 0, '匿名', '匿名', '匿名'),
(9, '醫療救援', NULL, 700, '一次性捐款', NULL, 0, '信用卡', '2025-01-18 18:00:00', NULL, 1, '黃淑芬', '0966666666', 'huang@gmail.com'),
(10, '線上認養', 4, 300, '一次性捐款', NULL, 0, '信用卡', '2025-01-19 19:00:00', NULL, 1, '周杰倫', '0977777777', 'zhou@gmail.com'),
(11, '線上認養', 90, 800, '定期捐款', '2025-01-14', 0, '銀行轉帳', '2025-01-16 13:23:32', NULL, 1, '王曉明', '0981745555', 'sjka@gjkam.vom'),
(12, '醫療救援', NULL, 800, '一次性捐款', NULL, 0, '信用卡', '2025-01-16 13:44:40', NULL, 1, '王曉明', '0981745555', 'sjka@gjkam.vom');

-- --------------------------------------------------------

--
-- 資料表結構 `expenses`
--

CREATE TABLE `expenses` (
  `id` int NOT NULL,
  `expense_purpose` varchar(50) CHARACTER SET utf8mb4 COLLATE utf8mb4_general_ci NOT NULL,
  `amount` int NOT NULL,
  `created_by` int NOT NULL,
  `expense_date` date NOT NULL,
  `e_description` text CHARACTER SET utf8mb4 COLLATE utf8mb4_general_ci,
  `refund_id` int DEFAULT NULL
) ENGINE=InnoDB DEFAULT CHARSET=utf8mb4 COLLATE=utf8mb4_general_ci;

--
-- 傾印資料表的資料 `expenses`
--

INSERT INTO `expenses` (`id`, `expense_purpose`, `amount`, `created_by`, `expense_date`, `e_description`, `refund_id`) VALUES
(1, '醫療費用', 1500, 1, '2025-01-01', '寵物疾病治療費用', NULL),
(2, '行政開支', 800, 2, '2025-01-02', '辦公室租金及行政費用', NULL),
(3, '食品採購', 1200, 3, '2025-01-03', '採購寵物食品及營養品', NULL),
(4, '宣傳活動', 2000, 4, '2025-01-04', '為活動印刷和宣傳花費', NULL),
(5, '設備維修', 500, 5, '2025-01-05', '修理救援設備和設施', NULL),
(6, '醫療費用', 1800, 1, '2025-01-06', '手術及住院費用', NULL),
(7, '志工招募', 700, 2, '2025-01-07', '志工培訓和招募支出', NULL),
(8, '交通費用', 300, 3, '2025-01-08', '救援行動中的交通花費', NULL),
(9, '器材採購', 1000, 4, '2025-01-09', '購買新的救援器材', NULL),
(10, '食品採購', 1400, 5, '2025-01-10', '額外補充的食品採購', NULL),
(11, '食品採購', 800, 21, '2025-01-09', '123', NULL);

-- --------------------------------------------------------

--
-- 資料表結構 `follows`
--

CREATE TABLE `follows` (
  `id` int NOT NULL,
  `following_user_id` int NOT NULL,
  `followed_user_id` int NOT NULL,
  `created_at` timestamp NULL DEFAULT CURRENT_TIMESTAMP
) ENGINE=InnoDB DEFAULT CHARSET=utf8mb4 COLLATE=utf8mb4_general_ci;

--
-- 傾印資料表的資料 `follows`
--

INSERT INTO `follows` (`id`, `following_user_id`, `followed_user_id`, `created_at`) VALUES
(1, 11, 16, '2025-01-15 17:28:49'),
(2, 1, 18, '2025-01-15 17:28:49'),
(3, 1, 17, '2025-01-15 17:28:49'),
(4, 2, 8, '2025-01-15 17:28:49'),
(5, 11, 7, '2025-01-15 17:28:49'),
(6, 17, 2, '2025-01-15 17:28:49'),
(7, 19, 3, '2025-01-15 17:28:49'),
(8, 11, 15, '2025-01-15 17:28:49'),
(9, 14, 18, '2025-01-15 17:28:49'),
(10, 8, 7, '2025-01-15 17:28:49'),
(11, 11, 3, '2025-01-15 17:28:49'),
(12, 4, 7, '2025-01-15 17:28:49'),
(13, 14, 16, '2025-01-15 17:28:49'),
(14, 2, 17, '2025-01-15 17:28:49'),
(15, 12, 18, '2025-01-15 17:28:49'),
(17, 14, 2, '2025-01-15 17:28:49'),
(18, 15, 19, '2025-01-15 17:28:49'),
(19, 3, 2, '2025-01-15 17:28:49'),
(20, 4, 15, '2025-01-15 17:28:49'),
(21, 8, 2, '2025-01-15 17:28:49'),
(22, 18, 8, '2025-01-15 17:28:49'),
(23, 14, 4, '2025-01-15 17:28:49'),
(24, 16, 10, '2025-01-15 17:28:49'),
(25, 8, 11, '2025-01-15 17:28:49'),
(26, 2, 18, '2025-01-15 17:28:49'),
(27, 4, 13, '2025-01-15 17:28:49'),
(28, 18, 4, '2025-01-15 17:28:49'),
(29, 13, 16, '2025-01-15 17:28:49'),
(30, 14, 7, '2025-01-15 17:28:49'),
(31, 11, 8, '2025-01-15 17:28:49'),
(32, 10, 15, '2025-01-15 17:28:49'),
(33, 7, 19, '2025-01-15 17:28:49'),
(34, 5, 12, '2025-01-15 17:28:49'),
(35, 6, 2, '2025-01-15 17:28:49'),
(36, 19, 16, '2025-01-15 17:28:49'),
(37, 13, 18, '2025-01-15 17:28:49'),
(39, 9, 7, '2025-01-15 17:28:49'),
(40, 16, 17, '2025-01-15 17:28:49'),
(41, 5, 15, '2025-01-15 17:28:49'),
(42, 9, 15, '2025-01-15 17:28:49'),
(43, 10, 8, '2025-01-15 17:28:49'),
(44, 12, 13, '2025-01-15 17:28:49'),
(45, 4, 19, '2025-01-15 17:28:49'),
(46, 8, 9, '2025-01-15 17:28:49'),
(47, 16, 13, '2025-01-15 17:28:49'),
(48, 17, 10, '2025-01-15 17:28:49'),
(49, 19, 8, '2025-01-15 17:28:49'),
(50, 3, 11, '2025-01-15 17:28:49');

-- --------------------------------------------------------

--
-- 資料表結構 `forum_articles`
--

CREATE TABLE `forum_articles` (
  `id` int NOT NULL,
  `user_id` int NOT NULL,
  `title` varchar(255) CHARACTER SET utf8mb4 COLLATE utf8mb4_general_ci NOT NULL,
  `content` text CHARACTER SET utf8mb4 COLLATE utf8mb4_general_ci NOT NULL,
  `view_count` int DEFAULT '0',
  `created_at` timestamp NULL DEFAULT CURRENT_TIMESTAMP,
  `updated_at` timestamp NULL DEFAULT CURRENT_TIMESTAMP ON UPDATE CURRENT_TIMESTAMP
) ENGINE=InnoDB DEFAULT CHARSET=utf8mb4 COLLATE=utf8mb4_general_ci;

-- --------------------------------------------------------

--
-- 資料表結構 `forum_article_favorites`
--

CREATE TABLE `forum_article_favorites` (
  `id` int NOT NULL,
  `user_id` int NOT NULL,
  `article_id` int NOT NULL,
  `created_at` timestamp NULL DEFAULT CURRENT_TIMESTAMP
) ENGINE=InnoDB DEFAULT CHARSET=utf8mb4 COLLATE=utf8mb4_general_ci;

-- --------------------------------------------------------

--
-- 資料表結構 `forum_article_likes`
--

CREATE TABLE `forum_article_likes` (
  `id` int NOT NULL,
  `user_id` int NOT NULL,
  `article_id` int NOT NULL,
  `created_at` timestamp NULL DEFAULT CURRENT_TIMESTAMP
) ENGINE=InnoDB DEFAULT CHARSET=utf8mb4 COLLATE=utf8mb4_general_ci;

-- --------------------------------------------------------

--
-- 資料表結構 `forum_categories`
--

CREATE TABLE `forum_categories` (
  `id` int NOT NULL,
  `name` varchar(100) NOT NULL,
  `slug` varchar(100) NOT NULL,
  `description` text,
  `parent_id` int DEFAULT NULL,
  `order` int DEFAULT '0',
  `created_at` timestamp NULL DEFAULT CURRENT_TIMESTAMP
) ENGINE=InnoDB DEFAULT CHARSET=utf8mb4 COLLATE=utf8mb4_0900_ai_ci;

--
-- 傾印資料表的資料 `forum_categories`
--

INSERT INTO `forum_categories` (`id`, `name`, `slug`, `description`, `parent_id`, `order`, `created_at`) VALUES
(1, '寵物照護', 'pet-care', '分享寵物日常照護經驗與建議', NULL, 1, '2025-03-21 03:57:27'),
(2, '寵物健康', 'pet-health', '討論寵物健康相關議題', NULL, 2, '2025-03-21 03:57:27'),
(3, '寵物行為', 'pet-behavior', '探討寵物行為與訓練方法', NULL, 3, '2025-03-21 03:57:27'),
(4, '領養資訊', 'adoption', '分享領養經驗與資訊', NULL, 4, '2025-03-21 03:57:27'),
(5, '寵物用品', 'pet-products', '討論寵物用品推薦與心得', NULL, 5, '2025-03-21 03:57:27');

-- --------------------------------------------------------

--
-- 資料表結構 `forum_comments`
--

CREATE TABLE `forum_comments` (
  `id` int NOT NULL,
  `post_id` int NOT NULL,
  `user_id` int NOT NULL,
  `content` text NOT NULL,
  `created_at` timestamp NULL DEFAULT CURRENT_TIMESTAMP,
  `updated_at` timestamp NULL DEFAULT CURRENT_TIMESTAMP ON UPDATE CURRENT_TIMESTAMP
) ENGINE=InnoDB DEFAULT CHARSET=utf8mb4 COLLATE=utf8mb4_0900_ai_ci;

--
-- 傾印資料表的資料 `forum_comments`
--

INSERT INTO `forum_comments` (`id`, `post_id`, `user_id`, `content`, `created_at`, `updated_at`) VALUES
(1, 1, 1, '建議準備貓砂盆、貓砂、飼料、飲水器、貓抓板等基本用品。', '2025-03-21 03:57:27', '2025-03-21 03:57:27'),
(2, 2, 1, '建議帶去獸醫院檢查，可能是身體不適。', '2025-03-21 03:57:27', '2025-03-21 03:57:27');

-- --------------------------------------------------------

--
-- 資料表結構 `forum_likes`
--

CREATE TABLE `forum_likes` (
  `id` int NOT NULL,
  `post_id` int NOT NULL,
  `user_id` int NOT NULL,
  `created_at` timestamp NULL DEFAULT CURRENT_TIMESTAMP
) ENGINE=InnoDB DEFAULT CHARSET=utf8mb4 COLLATE=utf8mb4_0900_ai_ci;

--
-- 傾印資料表的資料 `forum_likes`
--

INSERT INTO `forum_likes` (`id`, `post_id`, `user_id`, `created_at`) VALUES
(1, 1, 1, '2025-03-21 03:57:27'),
(2, 2, 1, '2025-03-21 03:57:27');

-- --------------------------------------------------------

--
-- 資料表結構 `forum_posts`
--

CREATE TABLE `forum_posts` (
  `id` int NOT NULL,
  `title` varchar(255) NOT NULL,
  `content` text NOT NULL,
  `image_url` varchar(255) DEFAULT NULL,
  `user_id` int NOT NULL,
  `category_id` int NOT NULL,
  `view_count` int DEFAULT '0',
  `like_count` int DEFAULT '0',
  `comment_count` int DEFAULT '0',
  `created_at` timestamp NULL DEFAULT CURRENT_TIMESTAMP,
  `updated_at` timestamp NULL DEFAULT CURRENT_TIMESTAMP ON UPDATE CURRENT_TIMESTAMP
) ENGINE=InnoDB DEFAULT CHARSET=utf8mb4 COLLATE=utf8mb4_0900_ai_ci;

--
-- 傾印資料表的資料 `forum_posts`
--

INSERT INTO `forum_posts` (`id`, `title`, `content`, `image_url`, `user_id`, `category_id`, `view_count`, `like_count`, `comment_count`, `created_at`, `updated_at`) VALUES
(1, '布偶貓新手指南', '布偶貓，以其溫馴的性格、柔軟的長毛和美麗的藍眼睛，深受許多貓奴的喜愛。\n如果你也正考慮迎接一隻布偶貓，這份新手指南將為你提供詳盡的資訊，讓你輕鬆成為一位稱職的布偶貓飼主。\n\n一、選購前的準備：\n\n了解布偶貓的特性：\n布偶貓性格溫和，喜歡與人互動，但也需要適度的獨立空間。\n牠們的毛髮較長，需要定期梳理，以避免打結和毛球問題。\n布偶貓的成長期較長，約需 3-4 年才能完全成熟。\n\n評估自身條件：\n是否有足夠的時間陪伴和照顧布偶貓？\n是否有足夠的經濟能力負擔飼養費用？\n居住環境是否適合飼養布偶貓？\n\n選擇合適的來源：\n向信譽良好的貓舍或繁殖者購買，確保貓咪的健康和血統。\n考慮領養代替購買，給予流浪貓一個溫暖的家。\n\n二、布偶貓的日常照護：\n\n飲食管理：\n提供高品質的貓糧，確保營養均衡。\n控制食量，避免布偶貓過胖。\n定期更換飲用水，保持水源清潔。\n\n毛髮護理：\n每天梳理毛髮，防止打結和毛球。\n定期洗澡，保持毛髮清潔。\n注意修剪指甲，避免抓傷。\n\n環境清潔：\n定期清理貓砂盆，保持環境衛生。\n提供舒適的睡窩和活動空間。\n準備貓抓板，滿足貓咪磨爪的需求。\n\n健康管理：\n定期帶布偶貓去獸醫院進行健康檢查。\n按時接種疫苗和驅蟲。\n注意觀察貓咪的身體狀況，如有異常及時就醫。\n\n三、與布偶貓的互動：\n\n建立信任關係：\n溫柔地與布偶貓互動，給予牠足夠的關愛和陪伴。\n尊重牠的個性和需求，不要強迫牠做不喜歡的事情。\n\n提供豐富的活動：\n準備各種玩具，與布偶貓一起玩耍。\n提供貓爬架和貓隧道，滿足牠們的探索慾望。\n定期帶布偶貓外出散步，讓牠們接觸不同的環境。\n\n四、注意事項：\n\n布偶貓容易有遺傳性的心臟病，需要特別留意。\n布偶貓的腸胃較為敏感，飲食方面需要特別注意。\n布偶貓的毛髮較長，換毛季需要勤奮梳毛。\n\n希望這份指南能幫助你更好地了解布偶貓，並成為一位優秀的飼主。', NULL, 1, 1, 1, 0, 0, '2025-03-20 19:57:27', '2025-04-06 20:16:55'),
(2, '狗狗健康飲食指南', '狗狗是我們最忠實的夥伴，牠們的健康與幸福，是每位飼主最關心的事。而健康的飲食，是維持狗狗身體機能、增強免疫力、延長壽命的關鍵。這份指南將提供你關於狗狗健康飲食的全面資訊，讓你輕鬆為愛犬打造健康的飲食計畫。\n\n一、了解狗狗的營養需求：\n\n蛋白質：\n是狗狗生長發育、修復組織、維持肌肉的重要營養素。\n優質的蛋白質來源包括：瘦肉、雞肉、魚肉、雞蛋等。\n脂肪：\n提供能量、幫助吸收脂溶性維生素、維持皮膚和毛髮健康。\n健康的脂肪來源包括：魚油、亞麻籽油、動物脂肪（適量）。\n碳水化合物：\n提供狗狗所需的能量，但並非必需營養素。\n健康的碳水化合物來源包括：糙米、地瓜、蔬菜等。\n維生素和礦物質：\n維持狗狗身體機能正常運作，增強免疫力。\n均衡的飲食通常能提供足夠的維生素和礦物質，但如有特殊需求，可諮詢獸醫師。\n水：\n是狗狗生命中最重要的營養素，確保隨時提供乾淨的飲用水。\n\n二、選擇適合的狗糧：\n\n乾糧：\n方便餵食和保存，有助於清潔牙齒。\n選擇高品質的乾糧，注意成分標示，避免含有過多添加劑和人工色素。\n濕糧：\n適口性佳，適合食慾不振或牙口不好的狗狗。\n注意濕糧的成分，選擇營養均衡的產品。\n鮮食：\n自製鮮食能確保食材新鮮和營養均衡，但需要專業知識和時間。\n諮詢獸醫師或寵物營養師，制定適合狗狗的鮮食食譜。\n\n三、餵食注意事項：\n\n定時定量：\n養成定時定量的餵食習慣，避免狗狗過度進食或消化不良。\n避免人類食物：\n許多人類食物對狗狗有害，如巧克力、洋蔥、葡萄等，切勿餵食。\n注意食物過敏：\n觀察狗狗是否有食物過敏反應，如皮膚搔癢、嘔吐、腹瀉等。\n若有過敏現象，立刻停止餵食可疑食物，並至獸醫院檢查。\n適當的零食：\n零食只能適量餵食，避免影響正餐。\n選擇健康天然的零食，如蔬菜乾、肉乾等。\n\n四、特殊情況的飲食：\n\n幼犬：\n需要高蛋白質、高鈣質的飲食，促進生長發育。\n成犬：\n根據體重、活動量、健康狀況，選擇適合的狗糧。\n老年犬：\n需要低熱量、易消化的飲食，維持身體機能。\n懷孕和哺乳期：\n需要高能量、高鈣質的飲食，確保母犬和幼犬的健康。\n\n五、尋求專業協助：\n\n獸醫師：\n提供專業的飲食建議，針對狗狗的特殊需求，制定適合的飲食計畫。\n寵物營養師：\n提供專業的營養諮詢，協助飼主選擇適合的狗糧或制定鮮食食譜。\n\n希望這份指南能幫助你更好地了解狗狗的飲食需求，讓你的愛犬吃得健康又快樂！', NULL, 1, 2, 0, 0, 0, '2025-03-20 19:57:27', '2025-03-20 19:57:27'),
(3, '寵物夏季護理小貼士', '夏天氣溫飆升，毛孩們也容易受到高溫的影響。為了讓牠們安全度過炎熱的夏天，以下提供一些簡單又實用的護理小貼士：\n\n1. 保持涼爽通風的環境：\n\n 室內降溫：開啟空調或電風扇，保持室內涼爽通風。避免將寵物單獨留在悶熱的車內或陽光直射的房間。為寵物準備涼墊或冰墊，讓牠們可以隨時降溫。\n 戶外活動：盡量在早晨或傍晚涼爽時段帶寵物外出散步。避免在中午高溫時段外出，以免寵物中暑。提供充足的陰涼處和飲水，讓寵物隨時可以休息和補充水分。\n\n2. 充足的水分補充：\n\n 隨時提供乾淨飲水：確保寵物隨時都能喝到乾淨的飲用水。可以多準備幾個水碗，放在家中不同角落。外出時攜帶寵物專用水壺，隨時補充水分。\n 補充水分的方式：可以將罐頭或濕糧加水稀釋，增加寵物的水分攝取。製作寵物冰棒或冰塊，讓牠們在玩樂中補充水分。\n\n3. 皮膚與毛髮的照護：\n\n 定期梳理毛髮：定期梳理寵物的毛髮，去除多餘的毛髮，保持通風。避免將寵物的毛髮剃光，適當的毛髮可以幫助牠們隔絕熱氣。\n 皮膚清潔：避免在中午高溫時段洗澡，選擇早晨或傍晚。使用寵物專用的溫和洗劑，避免刺激皮膚。洗澡後務必將毛髮徹底吹乾，避免皮膚病。\n 防曬措施：某些皮膚較薄或是毛髮較短的寵物，外出時可考慮穿著寵物專用的防曬衣。\n\n4. 注意寵物中暑的徵兆：\n\n 中暑徵兆：喘氣急促、口水過多、精神不濟、虛弱無力、嘔吐、腹瀉等。若發現寵物出現中暑徵兆，應立即將牠們移至陰涼通風處，並用濕毛巾或冰袋降溫。情況嚴重時，請立即送往獸醫院治療。\n\n5. 飲食調整：\n\n 夏天寵物的食慾可能會下降，可考慮提供較清淡、易消化的食物。避免給予過於油膩或高熱量的食物，以免增加身體負擔。可以將飼料或零食冰鎮後餵食，增加適口性。\n\n額外小叮嚀：\n\n 避免讓寵物在炙熱的柏油路或水泥地上行走，以免燙傷腳掌。\n 注意寵物是否有熱衰竭的症狀，如過度喘氣、口乾舌燥、心跳加速等。\n 若是特殊品種的寵物，例如短鼻犬貓，更需要注意呼吸道的照護，以及散熱的問題。\n\n希望以上小貼士能幫助您和您的寵物度過一個涼爽又健康的夏天！', NULL, 1, 2, 0, 0, 0, '2025-03-20 19:57:27', '2025-03-20 19:57:27'),
(4, '新手養貓必備清單！從環境準備到日常照護，一次搞定！', '剛領養了可愛的小貓，滿心歡喜的同時，也開始煩惱該準備哪些用品？別擔心，這份超詳細的必備清單，為你從環境準備、飲食、清潔到玩樂，一次整理到位，讓你輕鬆迎接新成員，成為稱職的貓奴！\n\n1. 環境準備：打造舒適的貓咪小窩\n\n 貓砂盆與貓砂： 選擇貓咪喜歡的貓砂材質，並放置在通風、隱蔽的地方，讓貓咪安心上廁所。\n 貓抓板： 保護家具的最佳利器！提供不同材質的貓抓板，滿足貓咪磨爪的需求。\n 貓窩： 選擇舒適、保暖的貓窩，讓貓咪有個專屬的休息空間。\n 食碗與水碗： 選擇穩固、不易打翻的食碗和水碗，並保持清潔。\n 貓咪外出提籠： 帶貓咪外出看醫生或旅行時的必備用品。\n\n2. 飲食準備：讓貓咪吃得健康又開心\n\n 貓咪飼料： 選擇符合貓咪年齡、健康狀況的優質飼料，並注意營養均衡。\n 貓咪罐頭： 適量給予濕糧，增加貓咪水分攝取，並注意食材新鮮度。\n 貓咪零食： 選擇天然、無添加的零食，作為獎勵或互動時的點心。\n\n3. 清潔用品：維持貓咪的清潔與健康\n\n 貓咪專用洗毛精： 定期幫貓咪洗澡，保持毛髮清潔，並注意選擇溫和不刺激的洗毛精。\n 貓咪指甲剪： 定期幫貓咪修剪指甲，避免抓傷。\n 貓咪梳子： 定期幫貓咪梳理毛髮，減少毛球產生。\n 寵物濕紙巾： 方便清潔貓咪身體或環境的髒污。\n\n4. 玩樂用品：豐富貓咪的生活\n\n 逗貓棒： 增加貓咪運動量，培養互動關係。\n 貓咪玩具： 提供不同種類的玩具，滿足貓咪的好奇心和玩樂需求。\n 貓咪爬架： 讓貓咪可以攀爬、跳躍，滿足運動需求。\n\n5. 其他必備用品：\n\n 貓咪專用項圈與名牌： 確保貓咪走失時，能快速找到主人。\n 貓咪專用牙刷與牙膏： 定期幫貓咪刷牙，預防牙周病。\n 寵物用除臭噴霧： 維持居家環境的清新。\n\n額外小叮嚀：\n\n 在準備用品時，務必注意產品的安全性與品質，避免購買來路不明的商品。\n 貓咪的個性與喜好不同，可以多觀察貓咪的反應，調整準備的用品。\n 最重要的是，給予貓咪滿滿的愛與關懷，讓牠們感受到幸福與快樂！', NULL, 2, 1, 0, 0, 0, '2025-03-20 20:05:12', '2025-03-20 20:05:12'),
(5, '我家狗狗的挑食問題：如何讓牠乖乖吃飯？', '我家狗狗最近變得非常挑食，只吃特定幾種食物，讓我非常困擾。請問大家有什麼方法可以改善狗狗的挑食問題嗎？\n\n1. 了解狗狗挑食的原因：\n\n 生病或身體不適： 狗狗生病時，食慾會下降，應先帶狗狗去看獸醫，排除疾病因素。\n 零食吃太多： 零食吃太多會讓狗狗對正餐失去興趣，應減少零食給予量。\n 食物不合胃口： 狗狗可能不喜歡飼料的口味或質地，可以嘗試更換飼料品牌或種類。\n 飼養方式不當： 過度溺愛或放任狗狗，都可能導致挑食。\n 環境因素： 嘈雜的環境或不舒服的用餐地點，也會影響狗狗食慾。\n\n2. 改善狗狗挑食的方法：\n\n 定時定量餵食： 養成狗狗定時定量的飲食習慣，讓牠們知道吃飯時間。\n 增加運動量： 運動可以促進狗狗食慾，讓牠們更願意吃飯。\n 減少零食給予量： 將零食作為獎勵，而非正餐之間的點心。\n 更換飼料品牌或種類： 嘗試不同口味、質地的飼料，找出狗狗喜歡的。\n 自製鮮食： 若狗狗對飼料興趣缺缺，可以嘗試自製鮮食，但要注意營養均衡。\n 增加食物的吸引力： 在飼料中加入少量罐頭或肉類，增加食物的香氣和美味。\n 創造良好的用餐環境： 選擇安靜、舒適的用餐地點，讓狗狗安心吃飯。\n 耐心與毅力： 改善狗狗挑食需要時間和耐心，不要輕易放棄。\n\n3. 注意事項：\n\n 不要在狗狗不吃飯時，一直更換食物，以免養成牠們更挑食的習慣。\n 不要在狗狗吃飯時打擾牠們，讓牠們專心用餐。\n 如果狗狗挑食情況嚴重，應尋求獸醫的協助。\n\n額外小叮嚀：\n\n 每個狗狗的個性和喜好不同，需要耐心觀察和嘗試，才能找出最適合牠們的飲食方式。\n 最重要的是，給予狗狗滿滿的愛與關懷，讓牠們感受到吃飯是一件快樂的事情！', NULL, 3, 3, 0, 0, 0, '2025-03-20 20:10:45', '2025-03-20 20:10:45'),
(6, '兔子飼養的注意事項：打造兔兔的幸福生活', '兔子是可愛又溫馴的寵物，但飼養牠們需要注意一些事項。這篇文章將介紹兔子飼養的注意事項，幫助你成為一位稱職的兔奴！\n\n1. 環境準備：打造舒適的兔兔之家\n\n 兔籠： 選擇寬敞、通風的兔籠，讓兔兔有足夠的活動空間。\n 墊料： 選擇吸水性佳、無粉塵的墊料，保持兔籠清潔乾燥。\n 食碗與水碗： 選擇穩固、不易打翻的食碗和水碗，並保持清潔。\n 牧草架： 方便兔兔食用牧草，保持消化系統健康。\n 躲藏小屋： 提供兔兔一個隱蔽的空間，讓牠們安心休息。\n\n2. 飲食準備：讓兔兔吃得健康又開心\n\n 牧草： 牧草是兔兔的主食，提供足夠的牧草，維持消化系統健康。\n 飼料： 選擇兔兔專用飼料，並注意營養均衡。\n 新鮮蔬菜： 適量給予新鮮蔬菜，補充維生素和礦物質。\n 飲水： 提供乾淨的飲用水，隨時保持充足。\n\n3. 清潔與照護：維持兔兔的清潔與健康\n\n 定期清潔兔籠： 定期清理兔籠，保持環境清潔衛生。\n 定期梳理毛髮： 定期幫兔兔梳理毛髮，減少毛球產生。\n 定期修剪指甲： 定期幫兔兔修剪指甲，避免抓傷。\n 注意兔兔的健康狀況： 定期觀察兔兔的食慾、排泄和活動力，若有異常應立即就醫。\n\n4. 互動與玩樂：豐富兔兔的生活\n\n 溫柔的互動： 兔兔喜歡溫柔的撫摸和輕聲細語。\n 提供玩具： 提供兔兔喜歡的玩具，增加牠們的運動量和樂趣。\n 讓兔兔有足夠的活動時間： 每天讓兔兔有足夠的活動時間，讓牠們自由奔跑和探索。\n\n5. 注意事項：\n\n 兔兔是群居動物，若有能力，可以考慮飼養兩隻兔兔。\n 兔兔的牙齒會不斷生長，需要提供牧草讓牠們磨牙。\n 兔兔的骨骼脆弱，抱兔兔時要輕柔，避免傷害。\n\n額外小叮嚀：\n\n 飼養兔兔需要耐心和愛心，多花時間陪伴牠們，建立良好的互動關係。\n 在飼養前，務必做好功課，了解兔兔的習性和需求。\n 最重要的是，給予兔兔滿滿的愛與關懷，讓牠們感受到幸福與快樂！', NULL, 4, 1, 0, 0, 0, '2025-03-20 20:15:20', '2025-03-20 20:15:20'),
(7, '帶寵物旅行的準備：讓毛孩和你一起享受美好時光', '想帶著心愛的寵物一起旅行，但不知道該如何準備嗎？這篇文章將分享帶寵物旅行的準備事項，讓你和寵物都能享受愉快的旅程！\n\n1. 行前準備：\n\n 確認寵物是否適合旅行： 評估寵物的健康狀況、性格和適應力，確保牠們適合長途旅行。\n 選擇寵物友善的旅行地點： 選擇寵物友善的飯店、民宿或景點，讓寵物也能玩得開心。\n 準備寵物旅行用品： 準備寵物飼料、水、碗、玩具、牽繩、提籠、尿布墊、清潔用品等。\n 寵物身分證明文件： 攜帶寵物的身分證明文件，如寵物登記證、疫苗證明等。\n 寵物醫療用品： 準備寵物常用的醫療用品，如止瀉藥、暈車藥、外傷藥等。\n\n2. 交通準備：\n\n 選擇適合的交通工具： 選擇寵物友善的交通工具，如寵物友善計程車、火車或飛機。\n 確保寵物在旅途中的安全： 使用寵物提籠或安全帶，確保寵物在旅途中的安全。\n 注意寵物的情緒： 若寵物容易緊張或暈車，可以準備一些安撫用品或諮詢獸醫。\n\n3. 住宿準備：\n\n 選擇寵物友善的住宿： 提前預訂寵物友善的飯店或民宿，並確認寵物的入住規定。\n 準備寵物的住宿用品： 攜帶寵物熟悉的睡墊、玩具和食碗，讓牠們在陌生環境中感到安心。\n 注意住宿環境的安全性： 確保住宿環境沒有危險物品，如電線、清潔劑等。\n\n4. 旅行中的注意事項：\n\n 隨時注意寵物的狀況： 注意寵物的食慾、排泄和活動力，若有異常應立即就醫。\n 保持寵物的水分補充： 隨時提供寵物乾淨的飲用水，避免脫水。\n 避免讓寵物長時間曝曬在陽光下： 避免在中午高溫時段帶寵物外出，以免中暑。\n 注意寵物的衛生： 隨時清理寵物的排泄物，保持環境清潔。\n 尊重當地的寵物規定： 遵守當地的寵物規定，如牽繩、清潔等。\n\n5. 額外小叮嚀：\n\n 在旅行前，務必做好功課，了解目的地的寵物規定和注意事項。\n 帶寵物旅行需要耐心和愛心，多花時間陪伴牠們，讓牠們也能享受美好的旅程。\n 最重要的是，確保寵物在旅途中的安全和舒適，讓牠們和你一起留下美好的回憶！', NULL, 1, 4, 0, 0, 0, '2025-03-20 20:20:30', '2025-03-20 20:20:30'),
(8, '寵物美容DIY教學：在家也能幫毛孩打造時尚造型', '想幫家裡的毛孩美容，但又不想花大錢？這篇文章將分享寵物美容DIY教學，讓你輕鬆在家幫寵物打理造型！\n\n1. 準備工具：\n\n 寵物專用電剪： 選擇適合寵物毛髮的電剪，並準備不同長度的刀頭。\n 寵物專用剪刀： 準備平剪、牙剪和彎剪，方便修剪不同部位的毛髮。\n 寵物梳子： 準備排梳、針梳和鬃梳，方便梳理不同長度的毛髮。\n 寵物洗毛精： 選擇溫和不刺激的洗毛精，避免傷害寵物皮膚。\n 寵物吹風機： 選擇低噪音、低溫的吹風機，避免嚇到寵物。\n 寵物指甲剪： 準備寵物專用指甲剪，避免剪傷寵物。\n\n2. 美容步驟：\n\n 洗澡： 先幫寵物洗澡，將毛髮徹底清潔乾淨。\n 吹乾： 用吹風機將寵物毛髮吹乾，並用梳子梳理整齊。\n 修剪： 用電剪或剪刀修剪寵物毛髮，打造想要的造型。\n 修剪指甲： 用寵物指甲剪修剪寵物指甲，避免抓傷。\n 清潔耳朵： 用寵物專用清潔液清潔寵物耳朵，保持耳朵清潔。\n\n3. 注意事項：\n\n 安全第一： 在美容過程中，務必注意寵物的安全，避免傷害。\n 耐心與溫柔： 寵物美容需要耐心和溫柔，不要強迫寵物。\n 循序漸進： 若是第一次幫寵物美容，可以先從簡單的部位開始。\n 多看教學影片： 可以多看寵物美容教學影片，學習專業的技巧。\n 適時獎勵： 在美容過程中，適時給予寵物獎勵，讓牠們保持愉快的心情。\n\n4. 額外小叮嚀：\n\n 每個寵物的毛髮和造型需求不同，可以多參考寵物美容書籍或網站，找到適合自己寵物的造型。\n 若對寵物美容沒有信心，可以考慮帶寵物到專業的寵物美容院。\n 最重要的是，讓寵物在美容過程中感到舒適和放鬆，讓牠們喜歡上美容！', NULL, 2, 2, 0, 0, 0, '2025-03-20 20:25:15', '2025-03-20 20:25:15'),
(9, '寵物友善餐廳推薦：帶著毛孩一起享受美食時光', '想帶著寵物一起享受美食，但不知道有哪些寵物友善餐廳？這篇文章將推薦幾家寵物友善餐廳，讓你和寵物都能享受美好的用餐時光！\n\n1. 選擇寵物友善餐廳的注意事項：\n\n 確認餐廳是否允許寵物進入： 提前致電餐廳確認，或查看餐廳網站或社群媒體。\n 注意餐廳的寵物規定： 確認餐廳是否有寵物用餐區、牽繩規定、寵物清潔等規定。\n 選擇寬敞舒適的餐廳： 選擇室內或戶外空間寬敞的餐廳，讓寵物有足夠的活動空間。\n 注意餐廳的衛生環境： 選擇衛生環境良好的餐廳，確保寵物和自己的健康。\n 選擇交通便利的餐廳： 選擇交通便利的餐廳，方便攜帶寵物前往。\n\n2. 寵物友善餐廳推薦：\n\n [餐廳名稱1]： [餐廳簡介]，提供寵物專屬餐點和友善的服務。\n [餐廳名稱2]： [餐廳簡介]，擁有寬敞的戶外用餐區，讓寵物可以自由活動。\n [餐廳名稱3]： [餐廳簡介]，提供舒適的室內用餐區，讓寵物可以和主人一起享受美食。\n [餐廳名稱4]： [餐廳簡介]，提供寵物友善的餐點和飲水，讓寵物也能享受用餐樂趣。\n [餐廳名稱5]： [餐廳簡介]，提供寵物友善的環境和服務，讓寵物和主人都能感到賓至如歸。\n\n3. 帶著寵物用餐的注意事項：\n\n 確保寵物行為良好： 確保寵物不會打擾其他客人，並隨時清理寵物的排泄物。\n 準備寵物餐具： 攜帶寵物專用的餐具和飲水碗。\n 注意寵物的用餐安全： 避免讓寵物接觸到危險物品或食物。\n 尊重餐廳的規定： 遵守餐廳的寵物規定，共同維護良好的用餐環境。\n 適時給予寵物獎勵： 若寵物表現良好，可以給予獎勵，讓牠們更喜歡外出用餐。\n\n4. 額外小叮嚀：\n\n 在前往寵物友善餐廳前，務必先確認餐廳的寵物規定和注意事項。\n 帶著寵物用餐需要耐心和愛心，多花時間陪伴牠們，讓牠們也能享受美好的用餐時光。\n 最重要的是，選擇一家適合自己和寵物的餐廳，讓你們都能留下美好的用餐回憶！', NULL, 3, 4, 0, 0, 0, '2025-03-20 20:30:00', '2025-03-20 20:30:00'),
(10, '如何訓練你的鸚鵡：建立良好互動關係的秘訣', '鸚鵡是聰明又可愛的寵物，但訓練牠們需要耐心和技巧。這篇文章將分享鸚鵡訓練的方法，幫助你和你的鸚鵡建立良好的互動關係！\n\n1. 訓練前的準備：\n\n 建立信任關係： 在訓練前，先和鸚鵡建立信任關係，讓牠們感到安心和舒適。\n 選擇安靜的訓練環境： 選擇安靜、沒有干擾的環境，讓鸚鵡專心學習。\n 準備獎勵： 準備鸚鵡喜歡的食物或玩具，作為獎勵。\n 短時間訓練： 每次訓練時間不宜過長，以免鸚鵡感到疲倦。\n 耐心與毅力： 鸚鵡訓練需要耐心和毅力，不要輕易放棄。\n\n2. 基本訓練：\n\n 呼叫名字： 教導鸚鵡認識自己的名字，並在呼叫時回應。\n 站上手指： 教導鸚鵡站在手指上，方便互動和移動。\n 簡單指令： 教導鸚鵡簡單的指令，如「你好」、「再見」等。\n 飛行訓練： 若鸚鵡有翅膀，可以教導牠們飛行，增加活動量。\n 模仿說話： 若鸚鵡有說話能力，可以教導牠們模仿說話。\n\n3. 進階訓練：\n\n 複雜指令： 教導鸚鵡更複雜的指令，如「轉圈」、「撿東西」等。\n 才藝表演： 教導鸚鵡才藝表演，如唱歌、跳舞等。\n 自由飛行： 若環境安全，可以教導鸚鵡自由飛行。\n 與人互動： 教導鸚鵡與人互動，如握手、擁抱等。\n\n4. 訓練技巧：\n\n 正向鼓勵： 使用正向鼓勵的方式，如獎勵、稱讚等。\n 避免懲罰： 避免使用懲罰的方式，以免鸚鵡產生恐懼和反感。\n 循序漸進： 從簡單的指令開始，循序漸進地增加難度。\n 重複練習： 重複練習指令，讓鸚鵡熟練掌握。\n 觀察鸚鵡的反應： 觀察鸚鵡的反應，調整訓練方式。\n\n5. 額外小叮嚀：\n\n 每個鸚鵡的個性和學習能力不同，需要耐心觀察和嘗試，才能找出最適合牠們的訓練方式。\n 在訓練過程中，務必注意鸚鵡的安全，避免傷害。\n 最重要的是，與鸚鵡建立良好的互動關係，讓牠們感受到愛和關懷！', NULL, 4, 1, 1, 0, 0, '2025-03-20 20:35:40', '2025-04-06 20:54:12');

-- --------------------------------------------------------

--
-- 資料表結構 `forum_post_tags`
--

CREATE TABLE `forum_post_tags` (
  `post_id` int NOT NULL,
  `tag_id` int NOT NULL
) ENGINE=InnoDB DEFAULT CHARSET=utf8mb4 COLLATE=utf8mb4_0900_ai_ci;

--
-- 傾印資料表的資料 `forum_post_tags`
--

INSERT INTO `forum_post_tags` (`post_id`, `tag_id`) VALUES
(1, 1),
(1, 2),
(1, 3),
(2, 4),
(2, 5),
(2, 6);

-- --------------------------------------------------------

--
-- 資料表結構 `forum_tags`
--

CREATE TABLE `forum_tags` (
  `id` int NOT NULL,
  `name` varchar(50) NOT NULL,
  `slug` varchar(50) NOT NULL,
  `created_at` timestamp NULL DEFAULT CURRENT_TIMESTAMP
) ENGINE=InnoDB DEFAULT CHARSET=utf8mb4 COLLATE=utf8mb4_0900_ai_ci;

--
-- 傾印資料表的資料 `forum_tags`
--

INSERT INTO `forum_tags` (`id`, `name`, `slug`, `created_at`) VALUES
(1, '新手', 'newbie', '2025-03-21 03:57:27'),
(2, '貓咪', 'cat', '2025-03-21 03:57:27'),
(3, '準備工作', 'preparation', '2025-03-21 03:57:27'),
(4, '狗狗', 'dog', '2025-03-21 03:57:27'),
(5, '健康', 'health', '2025-03-21 03:57:27'),
(6, '飲食', 'diet', '2025-03-21 03:57:27');

-- --------------------------------------------------------

--
-- 資料表結構 `manager`
--

CREATE TABLE `manager` (
  `id` int NOT NULL,
  `manager_account` varchar(255) DEFAULT NULL,
  `manager_password` varchar(255) DEFAULT NULL,
  `manager_privileges` varchar(255) DEFAULT NULL
) ENGINE=InnoDB DEFAULT CHARSET=utf8mb4 COLLATE=utf8mb4_0900_ai_ci;

--
-- 傾印資料表的資料 `manager`
--

INSERT INTO `manager` (`id`, `manager_account`, `manager_password`, `manager_privileges`) VALUES
(1, 'weng', '$2y$10$9nID0/E4rKUNL6.YvPAZReAvkdGO3HTUNXEjTPu99TYeLu7MkIM/G', 'member'),
(2, 'ren', '$2y$10$XHvqMWN7G8VQjOcaUILeHu9JidekDQqScnVTeik8o58JUKR0/k5Ca', 'pet'),
(3, 'sheng', '$2y$10$74PAtWNHoLBdO.2TETXpM.HFradmM5VYazVXa8GxMgGkX1MPGAEF2', 'donation'),
(4, 'ching', '$2y$10$97XycLclWAAXi6LOLCpx4Opr8K4i3NVYRsW4axCLEHfv4i1RvKnfG', 'shop'),
(5, 'ting', '$2y$10$Es2iSjkXB81qwnnbUewAfe4h.8.HFHk2UvmYvcFP2KaCgSyydA4Fm', 'post'),
(6, 'aaa', '$2y$10$3PY7..Z4dL4.ENXW/XZG1.HO7FkOKaMViKjPHOySYYOp0.pRbGAVe', '111'),
(21, 'test', '$2y$10$bW0hvzSq1BLJJMqFd9TH.OytSgeXLmxnlbkZ92MPbsQq50Si684fW', 'test');

-- --------------------------------------------------------

--
-- 資料表結構 `media_article`
--

CREATE TABLE `media_article` (
  `id` int NOT NULL,
  `article_id` int NOT NULL,
  `media_id` int NOT NULL
) ENGINE=InnoDB DEFAULT CHARSET=utf8mb4 COLLATE=utf8mb4_general_ci;

-- --------------------------------------------------------

--
-- 資料表結構 `media_chat`
--

CREATE TABLE `media_chat` (
  `id` int NOT NULL,
  `message_id` int NOT NULL,
  `media_id` int NOT NULL
) ENGINE=InnoDB DEFAULT CHARSET=utf8mb4 COLLATE=utf8mb4_general_ci;

-- --------------------------------------------------------

--
-- 資料表結構 `media_uploads`
--

CREATE TABLE `media_uploads` (
  `id` int NOT NULL,
  `user_id` int NOT NULL,
  `file_url` varchar(255) CHARACTER SET utf8mb4 COLLATE utf8mb4_general_ci NOT NULL,
  `file_type` enum('image','gif','video') CHARACTER SET utf8mb4 COLLATE utf8mb4_general_ci NOT NULL,
  `created_at` timestamp NULL DEFAULT CURRENT_TIMESTAMP
) ENGINE=InnoDB DEFAULT CHARSET=utf8mb4 COLLATE=utf8mb4_general_ci;

-- --------------------------------------------------------

--
-- 資料表結構 `notifications`
--

CREATE TABLE `notifications` (
  `id` int NOT NULL,
  `user_id` int DEFAULT NULL,
  `admin_id` int DEFAULT NULL,
  `type` varchar(50) NOT NULL COMMENT '通知類型：shop, pet, donation, forum, member, system 等',
  `title` varchar(255) NOT NULL,
  `message` text NOT NULL,
  `image` varchar(255) DEFAULT NULL COMMENT '通知圖片路徑',
  `link` varchar(255) DEFAULT NULL COMMENT '相關連結',
  `is_read` tinyint(1) DEFAULT '0',
  `related_id` int DEFAULT NULL COMMENT '相關資源ID',
  `related_type` varchar(50) DEFAULT NULL COMMENT '相關資源類型',
  `created_at` timestamp NULL DEFAULT CURRENT_TIMESTAMP,
  `updated_at` timestamp NULL DEFAULT CURRENT_TIMESTAMP ON UPDATE CURRENT_TIMESTAMP
) ENGINE=InnoDB DEFAULT CHARSET=utf8mb4 COLLATE=utf8mb4_0900_ai_ci;

--
-- 傾印資料表的資料 `notifications`
--

INSERT INTO `notifications` (`id`, `user_id`, `admin_id`, `type`, `title`, `message`, `image`, `link`, `is_read`, `related_id`, `related_type`, `created_at`, `updated_at`) VALUES
(1, NULL, 6, 'system', '歡迎使用後台管理系統', '您已成功登入管理員系統，這是給您的第一則通知。', NULL, '/admin', 1, NULL, NULL, '2025-04-07 07:05:08', '2025-04-07 07:24:36');

-- --------------------------------------------------------

--
-- 資料表結構 `orders`
--

CREATE TABLE `orders` (
  `order_id` varchar(30) CHARACTER SET utf8mb4 COLLATE utf8mb4_general_ci NOT NULL,
  `user_id` int NOT NULL,
  `total_price` int NOT NULL,
  `total_discount` int NOT NULL DEFAULT '0',
  `shipping_fee` int NOT NULL DEFAULT '0',
  `order_status` varchar(15) CHARACTER SET utf8mb4 COLLATE utf8mb4_general_ci NOT NULL,
  `payment_method` varchar(20) CHARACTER SET utf8mb4 COLLATE utf8mb4_general_ci NOT NULL,
  `payment_status` varchar(20) CHARACTER SET utf8mb4 COLLATE utf8mb4_general_ci NOT NULL,
  `invoice_method` varchar(20) CHARACTER SET utf8mb4 COLLATE utf8mb4_general_ci NOT NULL,
  `invoice` varchar(50) CHARACTER SET utf8mb4 COLLATE utf8mb4_general_ci NOT NULL,
  `mobile_barcode` varchar(50) CHARACTER SET utf8mb4 COLLATE utf8mb4_general_ci DEFAULT NULL,
  `taxID_number` varchar(50) CHARACTER SET utf8mb4 COLLATE utf8mb4_general_ci DEFAULT NULL,
  `recipient_name` varchar(50) CHARACTER SET utf8mb4 COLLATE utf8mb4_general_ci NOT NULL,
  `recipient_phone` varchar(50) CHARACTER SET utf8mb4 COLLATE utf8mb4_general_ci DEFAULT NULL,
  `recipient_email` varchar(50) CHARACTER SET utf8mb4 COLLATE utf8mb4_general_ci NOT NULL,
  `remark` varchar(50) CHARACTER SET utf8mb4 COLLATE utf8mb4_general_ci DEFAULT NULL,
  `shipping_method` varchar(255) CHARACTER SET utf8mb4 COLLATE utf8mb4_general_ci NOT NULL,
  `shipping_address` varchar(255) CHARACTER SET utf8mb4 COLLATE utf8mb4_general_ci NOT NULL,
  `tracking_number` varchar(255) CHARACTER SET utf8mb4 COLLATE utf8mb4_general_ci DEFAULT NULL,
  `shipped_at` datetime DEFAULT NULL,
  `created_at` datetime NOT NULL DEFAULT CURRENT_TIMESTAMP,
  `finish_at` datetime DEFAULT NULL,
  `updated_at` datetime NOT NULL DEFAULT CURRENT_TIMESTAMP ON UPDATE CURRENT_TIMESTAMP
) ENGINE=InnoDB DEFAULT CHARSET=utf8mb4 COLLATE=utf8mb4_general_ci;

--
-- 傾印資料表的資料 `orders`
--

INSERT INTO `orders` (`order_id`, `user_id`, `total_price`, `total_discount`, `shipping_fee`, `order_status`, `payment_method`, `payment_status`, `invoice_method`, `invoice`, `mobile_barcode`, `taxID_number`, `recipient_name`, `recipient_phone`, `recipient_email`, `remark`, `shipping_method`, `shipping_address`, `tracking_number`, `shipped_at`, `created_at`, `finish_at`, `updated_at`) VALUES
('ORD00001', 1, 7500, 0, 0, '已完成', '信用卡', '已付款', '紙本', 'INV12345', NULL, '12345678', '王小', '095555555', 'li.dahua@examp', '測試', '宅配', '台南市永康區111號', 'GH12555', '2025-01-16 12:20:07', '2025-01-16 03:08:30', '2025-01-16 15:20:07', '2025-03-24 13:51:27'),
('ORD00002', 1, 7500, 0, 0, '已出貨', '信用卡', '已付款', '手機載具', 'INV67890', '/ABCD123', NULL, '李大華', '095555555', 'li.dahua@example.com', '測試', '宅配', '台南市永康區111號', 'TRACK002', '2025-01-16 03:08:30', '2025-01-16 03:08:30', NULL, '2025-03-24 13:51:27'),
('ORD00003', 3, 1200, 0, 0, '已完成', '信用卡', '已付款', '統編', 'INV11223', NULL, '87654321', '陳美麗', '987654321', 'li.dahua@example.com', '感謝服務，請保持聯繫', '全家', '全家門市', 'TRACK003', '2025-01-16 03:08:30', '2025-01-16 03:08:30', '2025-01-16 03:08:30', '2025-01-16 03:08:30'),
('ORD00004', 4, 800, 0, 0, '待出貨', '信用卡', '已付款', '紙本', 'INV33445', '/XYZ9876', NULL, '黃俊傑', '911223344', 'li.dahua@example.com', '請提前通知配送時間', '宅配', '新竹市東區XX路XX號', 'TRACK004', NULL, '2025-01-16 03:08:30', NULL, '2025-01-16 03:08:30'),
('ORD00005', 5, 450, 0, 0, '已出貨', '轉帳', '已付款', '統編', 'INV55667', NULL, '56781234', '林佩真', '911223344', 'pei.zhen@example.com', '門市領取後無需聯繫', '7-11', '7-11門市', 'TRACK005', '2025-01-16 03:08:30', '2025-01-16 03:08:30', NULL, '2025-01-16 03:08:30');

-- --------------------------------------------------------

--
-- 資料表結構 `order_items`
--

CREATE TABLE `order_items` (
  `order_item_id` int NOT NULL,
  `order_id` varchar(30) CHARACTER SET utf8mb4 COLLATE utf8mb4_general_ci NOT NULL,
  `product_id` int DEFAULT NULL,
  `variant_id` int DEFAULT NULL,
  `quantity` int NOT NULL,
  `price` int NOT NULL,
  `return_status` varchar(20) CHARACTER SET utf8mb4 COLLATE utf8mb4_general_ci DEFAULT NULL,
  `returned_quantity` int DEFAULT '0'
) ENGINE=InnoDB DEFAULT CHARSET=utf8mb4 COLLATE=utf8mb4_general_ci;

--
-- 傾印資料表的資料 `order_items`
--

INSERT INTO `order_items` (`order_item_id`, `order_id`, `product_id`, `variant_id`, `quantity`, `price`, `return_status`, `returned_quantity`) VALUES
(1, 'ORD00001', 1, 1, 2, 1000, NULL, 0),
(2, 'ORD00001', 2, 2, 2, 1500, NULL, 0),
(3, 'ORD00001', 3, 3, 1, 500, NULL, 0),
(4, 'ORD00001', 4, 4, 1, 1000, NULL, 0),
(5, 'ORD00001', 5, 5, 1, 1000, NULL, 0),
(6, 'ORD00002', 6, 6, 2, 1200, NULL, 0),
(7, 'ORD00002', 7, 7, 1, 800, NULL, 0),
(8, 'ORD00002', 8, 8, 1, 1000, NULL, 0),
(9, 'ORD00002', 9, 9, 1, 800, NULL, 0),
(10, 'ORD00002', 10, 10, 1, 700, NULL, 0),
(11, 'ORD00003', 1, 1, 3, 900, NULL, 0),
(12, 'ORD00003', 2, 2, 1, 700, NULL, 0),
(13, 'ORD00003', 3, 3, 2, 800, NULL, 0),
(14, 'ORD00003', 4, 4, 1, 400, NULL, 0),
(15, 'ORD00003', 5, 5, 1, 400, NULL, 0),
(16, 'ORD00004', 6, 6, 1, 2000, NULL, 0),
(17, 'ORD00004', 7, 7, 1, 1500, NULL, 0),
(18, 'ORD00004', 8, 8, 2, 1200, NULL, 0),
(19, 'ORD00004', 9, 9, 1, 800, NULL, 0),
(20, 'ORD00004', 1, 10, 1, 700, NULL, 0),
(21, 'ORD00005', 1, 1, 1, 500, NULL, 0),
(22, 'ORD00005', 2, 2, 1, 400, NULL, 0),
(23, 'ORD00005', 3, 3, 2, 600, NULL, 0),
(24, 'ORD00005', 4, 4, 1, 300, NULL, 0),
(25, 'ORD00005', 5, 5, 1, 300, NULL, 0);

-- --------------------------------------------------------

--
-- 資料表結構 `password_reset_tokens`
--

CREATE TABLE `password_reset_tokens` (
  `id` int UNSIGNED NOT NULL,
  `email` varchar(191) CHARACTER SET utf8mb4 COLLATE utf8mb4_unicode_ci NOT NULL,
  `token` varchar(191) CHARACTER SET utf8mb4 COLLATE utf8mb4_unicode_ci NOT NULL,
  `expires_at` timestamp(3) NOT NULL,
  `created_at` timestamp(3) NOT NULL DEFAULT CURRENT_TIMESTAMP(3)
) ENGINE=InnoDB DEFAULT CHARSET=utf8mb4 COLLATE=utf8mb4_unicode_ci;

-- --------------------------------------------------------

--
-- 資料表結構 `pets`
--

CREATE TABLE `pets` (
  `id` int NOT NULL,
  `name` varchar(50) DEFAULT NULL,
  `gender` varchar(50) DEFAULT NULL,
  `species` varchar(50) NOT NULL,
  `variety` varchar(255) DEFAULT NULL,
  `birthday` date DEFAULT NULL,
  `weight` decimal(10,2) DEFAULT NULL,
  `chip_number` varchar(50) DEFAULT NULL,
  `fixed` tinyint(1) DEFAULT NULL,
  `story` text,
  `store_id` int DEFAULT NULL,
  `created_at` timestamp NOT NULL DEFAULT CURRENT_TIMESTAMP,
  `is_adopted` tinyint(1) NOT NULL
) ENGINE=InnoDB DEFAULT CHARSET=utf8mb4 COLLATE=utf8mb4_0900_ai_ci;

--
-- 傾印資料表的資料 `pets`
--

INSERT INTO `pets` (`id`, `name`, `gender`, `species`, `variety`, `birthday`, `weight`, `chip_number`, `fixed`, `story`, `store_id`, `created_at`, `is_adopted`) VALUES
(1, '弟弟', '公', '狗', '貴賓', '2024-01-31', 31.84, '8958766700', 1, '這是一隻健康的毛孩，目前正在等待一個溫暖的家。', 1, '2024-12-07 00:00:00', 0),
(2, '多多', '母', '貓', '波斯貓', '2020-05-05', 49.46, '5354310530', 1, '這隻可愛的毛孩非常健康，期待找到永遠的家。', 6, '2024-12-08 00:00:00', 1),
(3, '豆豆', '公', '貓', '暹羅貓', '2022-05-23', 13.76, '5803740308', 0, '這隻小朋友非常健康，現在正在等待領養。', 10, '2024-12-09 00:00:00', 1),
(4, '樂樂', '母', '狗', '馬爾濟斯', '2018-09-07', 7.61, '8524556371', 1, '健康且活潑的毛孩，正在尋找一個充滿愛的家。', 10, '2024-12-10 00:00:00', 0),
(5, '胖胖', '公', '貓', '米克斯', '2024-01-31', 31.24, '8362333427', 0, '這隻毛孩非常健康，期待找到一個溫暖的家。', 3, '2024-12-11 00:00:00', 0),
(6, '嘟嘟', '母', '狗', '貴賓', '2017-12-03', 39.47, '8100980331', 1, '這隻小毛球非常健康，現在等待領養。', 9, '2024-12-12 00:00:00', 1),
(7, '皮皮', '公', '狗', '貴賓', '2021-04-08', 13.25, '1917984366', 0, '健康的毛孩，正在尋找一個充滿愛的家庭。', 8, '2024-12-13 00:00:00', 0),
(8, '球球', '母', '貓', '米克斯', '2023-10-08', 21.83, '8010308590', 1, '這隻可愛的毛孩非常健康，期待找到永遠的家。', 3, '2024-12-14 00:00:00', 0),
(9, '麻糬', '公', '狗', '貴賓', '2019-10-19', 5.41, '9662287653', 1, '這隻小朋友非常健康，現在正在等待領養。', 7, '2024-12-15 00:00:00', 1),
(10, '妞妞', '公', '狗', '拉不拉多', '2015-01-24', 27.88, '7925170657', 0, '健康且活潑的毛孩，正在尋找一個充滿愛的家。', 5, '2024-12-16 00:00:00', 0),
(11, '妹妹', '母', '狗', '拉不拉多', '2024-12-01', 40.67, '0289899753', 1, '這隻毛孩非常健康，期待找到一個溫暖的家。', 1, '2024-12-17 00:00:00', 0),
(12, '妮妮', '母', '狗', '柴犬', '2022-01-04', 12.21, '3102898069', 1, '這隻小毛球非常健康，現在等待領養。', 4, '2024-12-18 00:00:00', 0),
(13, 'Momo', '公', '貓', '暹羅貓', '2021-07-16', 1.60, '1084685140', 0, '健康的毛孩，正在尋找一個充滿愛的家庭。', 2, '2024-12-19 00:00:00', 1),
(14, 'Coco', '公', '貓', '暹羅貓', '2018-06-29', 35.50, '5838767108', 1, '這隻可愛的毛孩非常健康，期待找到永遠的家。', 7, '2024-12-20 00:00:00', 0),
(15, '糖糖', '母', '貓', '暹羅貓', '2021-07-29', 14.25, '3840784824', 0, '這隻小朋友非常健康，現在正在等待領養。', 7, '2024-12-21 00:00:00', 0),
(16, 'Kiki', '母', '狗', '貴賓', '2017-07-26', 31.68, '9241156455', 1, '健康且活潑的毛孩，正在尋找一個充滿愛的家。', 10, '2024-12-22 00:00:00', 1),
(17, 'Lulu', '母', '狗', '拉不拉多', '2018-01-02', 31.15, '0016294075', 0, '這隻毛孩非常健康，期待找到一個溫暖的家。', 1, '2024-12-23 00:00:00', 1),
(18, 'NANA', '母', '貓', '波斯貓', '2019-01-01', 15.74, '7608557340', 1, '這隻小毛球非常健康，現在等待領養。', 6, '2024-12-24 00:00:00', 0),
(19, '小黑', '公', '狗', '馬爾濟斯', '2020-01-06', 9.73, '4635533666', 1, '健康的毛孩，正在尋找一個充滿愛的家庭。', 2, '2024-12-25 00:00:00', 0),
(20, '小黃', '公', '狗', '柴犬', '2023-06-11', 26.17, '1360594687', 0, '這隻可愛的毛孩非常健康，期待找到永遠的家。', 4, '2024-12-26 00:00:00', 0),
(21, '小白', '公', '貓', '波斯貓', '2015-03-10', 16.35, '6766519226', 0, '這隻小朋友非常健康，現在正在等待領養。', 7, '2024-12-27 00:00:00', 1),
(22, '布丁', '母', '狗', '拉不拉多', '2018-03-08', 21.21, '0618406404', 0, '健康且活潑的毛孩，正在尋找一個充滿愛的家。', 9, '2024-12-28 00:00:00', 1),
(23, '旺旺', '公', '狗', '柴犬', '2016-05-23', 48.07, '2107347912', 0, '這隻毛孩非常健康，期待找到一個溫暖的家。', 6, '2024-12-29 00:00:00', 0),
(24, '來福', '公', '狗', '拉不拉多', '2022-12-07', 0.90, '4573131570', 0, '這隻小毛球非常健康，現在等待領養。', 3, '2024-12-30 00:00:00', 1),
(25, 'Money', '母', '狗', '拉不拉多', '2017-10-25', 29.35, '7660648102', 0, '健康的毛孩，正在尋找一個充滿愛的家庭。', 1, '2024-12-31 00:00:00', 0),
(26, '肥肥', '公', '狗', '米格魯', '2016-06-07', 18.12, '2281587554', 0, '這隻可愛的毛孩非常健康，期待找到永遠的家。', 8, '2025-01-01 00:00:00', 1),
(27, '圓圓', '公', '狗', '拉不拉多', '2015-03-28', 24.84, '5398888592', 0, '這隻小朋友非常健康，現在正在等待領養。', 6, '2025-01-02 00:00:00', 0),
(28, '熊熊', '公', '貓', '暹羅貓', '2015-08-08', 48.81, '0468828836', 0, '健康且活潑的毛孩，正在尋找一個充滿愛的家。', 1, '2025-01-03 00:00:00', 0),
(29, '毛毛', '母', '狗', '拉不拉多', '2019-05-24', 38.86, '1899284098', 1, '這隻毛孩非常健康，期待找到一個溫暖的家。', 8, '2025-01-04 00:00:00', 1),
(30, '小不點', '公', '貓', '暹羅貓', '2021-06-22', 26.19, '5481030573', 0, '這隻小毛球非常健康，現在等待領養。', 5, '2025-01-05 00:00:00', 0),
(31, 'Mini', '母', '狗', '拉不拉多', '2018-10-17', 29.75, '0993144783', 1, '健康的毛孩，正在尋找一個充滿愛的家庭。', 2, '2025-01-06 00:00:00', 0),
(32, '點點', '公', '狗', '拉不拉多', '2019-07-13', 27.14, '0593640059', 1, '這隻可愛的毛孩非常健康，期待找到永遠的家。', 9, '2025-01-07 00:00:00', 0),
(33, '咪咪', '母', '貓', '波斯貓', '2018-04-28', 45.00, '4827728620', 1, '這隻小朋友非常健康，現在正在等待領養。', 5, '2025-01-08 00:00:00', 0),
(34, '喵喵', '母', '狗', '貴賓', '2024-05-01', 31.03, '8904288846', 1, '健康且活潑的毛孩，正在尋找一個充滿愛的家。', 7, '2025-01-09 00:00:00', 0),
(35, '小虎', '公', '貓', '波斯貓', '2021-02-18', 43.79, '2065237315', 0, '這隻毛孩非常健康，期待找到一個溫暖的家。', 9, '2025-01-10 00:00:00', 0),
(36, '橘子', '母', '狗', '拉不拉多', '2021-06-25', 22.55, '1866115733', 1, '這隻小毛球非常健康，現在等待領養。', 10, '2025-01-11 00:00:00', 0),
(37, '柳丁', '母', '狗', '米克斯', '2017-08-12', 21.76, '9451071907', 0, '健康的毛孩，正在尋找一個充滿愛的家庭。', 1, '2025-01-12 00:00:00', 0),
(38, '咖啡', '母', '貓', '米克斯', '2018-10-14', 34.05, '5264351931', 1, '這隻可愛的毛孩非常健康，期待找到永遠的家。', 1, '2025-01-13 00:00:00', 0),
(39, '拿鐵', '公', '狗', '拉不拉多', '2023-07-27', 41.37, '6941832272', 1, '這隻小朋友非常健康，現在正在等待領養。', 4, '2025-01-14 00:00:00', 1),
(40, '奶茶', '公', '貓', '米克斯', '2015-04-02', 28.35, '8953864032', 1, '健康且活潑的毛孩，正在尋找一個充滿愛的家。', 7, '2025-01-15 00:00:00', 0),
(41, '牛奶', '母', '狗', '拉不拉多', '2015-05-14', 40.46, '1410790720', 0, '這隻毛孩非常健康，期待找到一個溫暖的家。', 10, '2025-01-16 00:00:00', 1),
(42, '皮蛋', '公', '貓', '米克斯', '2016-07-26', 39.61, '4168527381', 1, '這隻小毛球非常健康，現在等待領養。', 4, '2025-01-17 00:00:00', 0),
(43, '豆腐', '母', '貓', '米克斯', '2024-02-21', 8.23, '5517537877', 0, '健康的毛孩，正在尋找一個充滿愛的家庭。', 6, '2025-01-18 00:00:00', 1),
(44, '小咪', '母', '狗', '拉不拉多', '2016-08-13', 42.07, '6773139169', 1, '這隻可愛的毛孩非常健康，期待找到永遠的家。', 9, '2025-01-19 00:00:00', 0),
(45, '桃子', '公', '狗', '拉不拉多', '2024-08-03', 48.31, '6950105788', 1, '這隻小朋友非常健康，現在正在等待領養。', 3, '2025-01-20 00:00:00', 1),
(46, '小花', '母', '狗', '拉不拉多', '2017-03-18', 42.05, '8546836467', 1, '健康且活潑的毛孩，正在尋找一個充滿愛的家。', 7, '2025-01-21 00:00:00', 0),
(47, '娜娜', '母', '狗', '貴賓', '2020-09-30', 12.83, '9938004164', 0, '這隻毛孩非常健康，期待找到一個溫暖的家。', 5, '2025-01-22 00:00:00', 0),
(48, 'TAMA', '公', '狗', '柴犬', '2024-11-20', 33.10, '2633026505', 0, '這隻小毛球非常健康，現在等待領養。', 4, '2025-01-23 00:00:00', 1),
(49, '啾比', '公', '狗', '米克斯', '2015-10-10', 45.80, '7972368660', 0, '健康的毛孩，正在尋找一個充滿愛的家庭。', 3, '2025-01-24 00:00:00', 1),
(50, '麥克', '公', '狗', '柴犬', '2023-01-04', 22.19, '6094262344', 1, '這隻可愛的毛孩非常健康，期待找到永遠的家。', 6, '2025-01-25 00:00:00', 1),
(51, '花花', '母', '狗', '米格魯', '2020-11-18', 14.54, '2048150125', 0, '這隻小朋友非常健康，現在正在等待領養。', 3, '2025-01-26 00:00:00', 0),
(52, '麻糬', '母', '狗', '拉不拉多', '2017-04-14', 39.88, '6592692552', 1, '健康且活潑的毛孩，正在尋找一個充滿愛的家。', 10, '2025-01-27 00:00:00', 1),
(53, '嚕嚕', '公', '狗', '拉不拉多', '2019-11-21', 23.27, '7791052495', 0, '這隻毛孩非常健康，期待找到一個溫暖的家。', 4, '2025-01-28 00:00:00', 0),
(54, '斑斑', '公', '狗', '柴犬', '2023-05-13', 13.81, '8769647747', 1, '這隻小毛球非常健康，現在等待領養。', 1, '2025-01-29 00:00:00', 0),
(55, '布丁', '母', '貓', '暹羅貓', '2024-11-30', 31.58, '1192605412', 1, '健康的毛孩，正在尋找一個充滿愛的家庭。', 7, '2025-01-30 00:00:00', 0),
(56, '小虎', '母', '狗', '貴賓', '2018-12-25', 41.25, '3060941950', 0, '這隻可愛的毛孩非常健康，期待找到永遠的家。', 7, '2025-01-31 00:00:00', 0),
(57, '大大', '公', '貓', '波斯貓', '2016-12-18', 47.72, '3471780086', 1, '這隻小朋友非常健康，現在正在等待領養。', 10, '2025-02-01 00:00:00', 0),
(58, '哈比', '母', '狗', '拉不拉多', '2016-02-18', 27.20, '0443315403', 1, '健康且活潑的毛孩，正在尋找一個充滿愛的家。', 4, '2025-02-02 00:00:00', 1),
(59, '三三', '公', '貓', '米克斯', '2015-05-11', 27.41, '8336750024', 1, '這隻毛孩非常健康，期待找到一個溫暖的家。', 1, '2025-02-03 00:00:00', 0),
(60, '加加', '母', '貓', '波斯貓', '2023-02-08', 44.06, '8244980161', 0, '這隻小毛球非常健康，現在等待領養。', 2, '2025-02-04 00:00:00', 1),
(61, '胖胖', '公', '狗', '拉不拉多', '2022-08-06', 26.59, '9244748343', 0, '健康的毛孩，正在尋找一個充滿愛的家庭。', 8, '2025-02-05 00:00:00', 0),
(62, '小美', '母', '貓', '波斯貓', '2021-03-22', 12.34, '0871076957', 1, '這隻可愛的毛孩非常健康，期待找到永遠的家。', 10, '2025-02-06 00:00:00', 0),
(63, '大圈圈', '公', '貓', '暹羅貓', '2019-12-08', 37.92, '2591066362', 0, '這隻小朋友非常健康，現在正在等待領養。', 6, '2025-02-07 00:00:00', 0),
(64, '小方塊', '母', '貓', '米克斯', '2016-06-24', 36.31, '0609333003', 0, '健康且活潑的毛孩，正在尋找一個充滿愛的家。', 9, '2025-02-08 00:00:00', 0),
(65, '臭貓', '母', '狗', '柴犬', '2020-01-08', 25.29, '0210027424', 1, '這隻毛孩非常健康，期待找到一個溫暖的家。', 7, '2025-02-09 00:00:00', 1),
(66, '歐喵', '公', '貓', '米克斯', '2020-12-21', 41.93, '9711599153', 0, '這隻小毛球非常健康，現在等待領養。', 10, '2025-02-10 00:00:00', 1),
(67, '閃電', '公', '狗', '貴賓', '2016-03-18', 10.29, '3783907912', 0, '健康的毛孩，正在尋找一個充滿愛的家庭。', 4, '2025-02-11 00:00:00', 0),
(68, '神貓', '公', '貓', '暹羅貓', '2023-07-27', 22.30, '7871076378', 1, '這隻可愛的毛孩非常健康，期待找到永遠的家。', 4, '2025-02-12 00:00:00', 1),
(69, '麥脆雞', '母', '狗', '米克斯', '2020-07-25', 21.47, '8020910850', 1, '這隻小朋友非常健康，現在正在等待領養。', 9, '2025-02-13 00:00:00', 0),
(70, '粥粥', '母', '狗', '拉不拉多', '2021-12-14', 45.68, '6402822663', 0, '健康且活潑的毛孩，正在尋找一個充滿愛的家。', 6, '2025-02-14 00:00:00', 0),
(71, '隨糖', '母', '狗', '拉不拉多', '2023-07-14', 47.80, '3264363774', 1, '這隻毛孩非常健康，期待找到一個溫暖的家。', 10, '2025-02-15 00:00:00', 1),
(72, '六萬', '公', '貓', '米克斯', '2016-06-02', 7.11, '1217243439', 0, '這隻小毛球非常健康，現在等待領養。', 2, '2025-02-16 00:00:00', 1),
(73, '胡胡', '公', '狗', '米格魯', '2021-07-27', 11.52, '1098893146', 1, '健康的毛孩，正在尋找一個充滿愛的家庭。', 3, '2025-02-17 00:00:00', 1),
(74, '阿呆', '公', '貓', '暹羅貓', '2024-11-10', 46.79, '6245204494', 0, '這隻可愛的毛孩非常健康，期待找到永遠的家。', 6, '2025-02-18 00:00:00', 1),
(75, '黑妞', '母', '狗', '拉不拉多', '2015-04-30', 20.96, '1797943442', 1, '這隻小朋友非常健康，現在正在等待領養。', 5, '2025-02-19 00:00:00', 1),
(76, '阿狗', '公', '狗', '米克斯', '2019-06-28', 1.14, '4466917108', 0, '健康且活潑的毛孩，正在尋找一個充滿愛的家。', 10, '2025-02-20 00:00:00', 0),
(77, '旺財', '公', '狗', '柴犬', '2015-09-07', 25.26, '7165561352', 0, '這隻毛孩非常健康，期待找到一個溫暖的家。', 8, '2025-02-21 00:00:00', 0),
(78, '福氣', '公', '狗', '米克斯', '2019-02-25', 20.08, '2395029079', 1, '這隻小毛球非常健康，現在等待領養。', 3, '2025-02-22 00:00:00', 0),
(79, '辣妹', '母', '狗', '拉不拉多', '2019-04-04', 20.99, '3619675257', 1, '健康的毛孩，正在尋找一個充滿愛的家庭。', 7, '2025-02-23 00:00:00', 1),
(80, '控肉', '公', '狗', '米克斯', '2023-11-04', 5.18, '1573388233', 0, '這隻可愛的毛孩非常健康，期待找到永遠的家。', 2, '2025-02-24 00:00:00', 1),
(81, '迷迷', '母', '狗', '拉不拉多', '2016-03-31', 37.57, '1168955705', 0, '這隻小朋友非常健康，現在正在等待領養。', 6, '2025-02-25 00:00:00', 0),
(82, '小雪', '母', '貓', '三花貓', '2019-09-03', 5.25, '4132838997', 0, '健康且活潑的毛孩，正在尋找一個充滿愛的家。', 4, '2025-02-26 00:00:00', 0),
(83, 'YuKi', '母', '狗', '拉不拉多', '2023-07-10', 39.93, '5371080287', 0, '這隻毛孩非常健康，期待找到一個溫暖的家。', 4, '2025-02-27 00:00:00', 1),
(84, '黑皮', '公', '狗', '拉不拉多', '2023-03-02', 32.94, '7301505353', 1, '這隻小毛球非常健康，現在等待領養。', 9, '2025-02-28 00:00:00', 0),
(85, '橘皮', '母', '狗', '拉不拉多', '2021-04-27', 21.38, '0197641998', 1, '健康的毛孩，正在尋找一個充滿愛的家庭。', 7, '2025-03-01 00:00:00', 0),
(86, '小斑', '公', '狗', '拉不拉多', '2021-07-26', 26.11, '5683108116', 0, '這隻可愛的毛孩非常健康，期待找到永遠的家。', 6, '2025-03-02 00:00:00', 1),
(87, '雲朵', '母', '貓', '波斯貓', '2021-06-19', 25.52, '4777229162', 1, '這隻小朋友非常健康，現在正在等待領養。', 7, '2025-03-03 00:00:00', 1),
(88, '靜靜', '母', '貓', '波斯貓', '2020-07-22', 7.89, '4418551841', 1, '健康且活潑的毛孩，正在尋找一個充滿愛的家。', 6, '2025-03-04 00:00:00', 0),
(89, '跳跳', '母', '狗', '拉不拉多', '2020-05-23', 10.23, '6274945424', 1, '這隻毛孩非常健康，期待找到一個溫暖的家。', 2, '2025-03-05 00:00:00', 1),
(90, '輕風', '公', '狗', '柴犬', '2019-09-18', 46.20, '0204715812', 0, '這隻小毛球非常健康，現在等待領養。', 10, '2025-03-06 00:00:00', 1),
(91, '晴天', '公', '狗', '拉不拉多', '2019-02-03', 6.20, '8336183575', 1, '健康的毛孩，正在尋找一個充滿愛的家庭。', 1, '2025-03-07 00:00:00', 0),
(92, '灰灰', '母', '狗', '拉不拉多', '2015-06-05', 48.32, '9447892576', 1, '這隻可愛的毛孩非常健康，期待找到永遠的家。', 10, '2025-03-08 00:00:00', 0),
(93, '奶茶', '公', '狗', '貴賓', '2017-01-05', 4.44, '0343918856', 1, '這隻小朋友非常健康，現在正在等待領養。', 5, '2025-03-09 00:00:00', 0),
(94, '可可', '母', '貓', '波斯貓', '2024-03-08', 7.71, '5140071189', 0, '健康且活潑的毛孩，正在尋找一個充滿愛的家。', 7, '2025-03-10 00:00:00', 1),
(95, '芒果', '公', '貓', '波斯貓', '2021-02-27', 31.25, '9582477266', 1, '這隻毛孩非常健康，期待找到一個溫暖的家。', 8, '2025-03-11 00:00:00', 1),
(96, '檸檬', '母', '狗', '米格魯', '2021-09-23', 18.59, '8637890170', 0, '這隻小毛球非常健康，現在等待領養。', 6, '2025-03-12 00:00:00', 0),
(97, '小黑', '公', '狗', '貴賓', '2022-01-25', 46.02, '7082803478', 1, '健康的毛孩，正在尋找一個充滿愛的家庭。', 6, '2025-03-13 00:00:00', 1),
(98, '小白', '公', '狗', '拉不拉多', '2023-01-11', 35.42, '9372005666', 1, '這隻可愛的毛孩非常健康，期待找到永遠的家。', 3, '2025-03-14 00:00:00', 1),
(99, '娜娜', '母', '貓', '暹羅貓', '2018-03-16', 36.16, '5633186516', 1, '這隻小朋友非常健康，現在正在等待領養。', 8, '2025-03-15 00:00:00', 0),
(100, '小咪', '母', '貓', '三花貓', '2025-01-18', 11.50, '3355846512', 0, '健康且活潑的毛孩，正在尋找一個充滿愛的家。', 1, '2025-03-16 00:00:00', 0);

-- --------------------------------------------------------

--
-- 資料表結構 `pets_like`
--

CREATE TABLE `pets_like` (
  `user_id` int NOT NULL,
  `pet_id` int NOT NULL
) ENGINE=InnoDB DEFAULT CHARSET=utf8mb4 COLLATE=utf8mb4_0900_ai_ci;

--
-- 傾印資料表的資料 `pets_like`
--

INSERT INTO `pets_like` (`user_id`, `pet_id`) VALUES
(2, 100);

-- --------------------------------------------------------

--
-- 資料表結構 `pets_recent_activities`
--

CREATE TABLE `pets_recent_activities` (
  `id` int NOT NULL,
  `pet_id` int NOT NULL,
  `date` date NOT NULL,
  `content` text
) ENGINE=InnoDB DEFAULT CHARSET=utf8mb4 COLLATE=utf8mb4_0900_ai_ci;

-- --------------------------------------------------------

--
-- 資料表結構 `pet_appointment`
--

CREATE TABLE `pet_appointment` (
  `id` int NOT NULL,
  `user_id` int NOT NULL,
  `pet_id` int NOT NULL,
  `appointment_date` date DEFAULT NULL,
  `appointment_time` time DEFAULT NULL,
  `status` varchar(50) CHARACTER SET utf8mb4 COLLATE utf8mb4_general_ci DEFAULT 'pending',
  `created_at` timestamp NULL DEFAULT CURRENT_TIMESTAMP,
  `updated_at` timestamp NULL DEFAULT CURRENT_TIMESTAMP ON UPDATE CURRENT_TIMESTAMP,
  `house_type` varchar(50) CHARACTER SET utf8mb4 COLLATE utf8mb4_general_ci DEFAULT NULL,
  `adult_number` int DEFAULT NULL,
  `child_number` int DEFAULT NULL,
  `adopted_experience` tinyint(1) DEFAULT NULL,
  `other_pets` text CHARACTER SET utf8mb4 COLLATE utf8mb4_general_ci,
  `note` text CHARACTER SET utf8mb4 COLLATE utf8mb4_general_ci,
  `store_id` int DEFAULT NULL
) ENGINE=InnoDB DEFAULT CHARSET=utf8mb4 COLLATE=utf8mb4_general_ci;

--
-- 傾印資料表的資料 `pet_appointment`
--

INSERT INTO `pet_appointment` (`id`, `user_id`, `pet_id`, `appointment_date`, `appointment_time`, `status`, `created_at`, `updated_at`, `house_type`, `adult_number`, `child_number`, `adopted_experience`, `other_pets`, `note`, `store_id`) VALUES
(1, 1, 1, '2025-04-12', '10:00:00', 'pending', '2025-01-01 00:30:00', '2025-04-02 07:22:26', 'apartment', 2, 1, 1, '有一隻貓', '希望能夠盡快安排', 1),
(2, 3, 4, '2025-04-01', '11:00:00', 'pending', '2025-01-02 02:15:00', '2025-04-02 07:21:51', 'house', 3, 0, 0, '沒有其他寵物', '第一次領養寵物，希望能得到一些指導', 2),
(3, 5, 7, '2025-04-08', '12:00:00', 'approved', '2025-01-03 01:45:00', '2025-04-02 07:20:49', 'apartment', 1, 0, 1, '之前養過狗', '住在公寓五樓，有電梯', 3),
(4, 7, 10, '2025-04-25', '13:00:00', 'pending', '2025-01-04 06:30:00', '2025-04-02 07:20:06', 'house', 2, 2, 0, '家中有兩隻貓', '孩子很期待見到新寵物', 5),
(5, 2, 5, '2025-04-07', '13:00:00', 'completed', '2025-01-02 03:20:00', '2025-04-02 07:20:54', 'house', 4, 2, 1, '有一隻大型犬', '家中有大花園適合寵物活動', 3),
(6, 4, 12, '2025-03-26', '15:00:00', 'approved', '2025-01-03 07:45:00', '2025-04-02 07:21:24', 'apartment', 2, 0, 1, '無', '希望領養一隻安靜的寵物', 4),
(7, 6, 18, '2025-04-08', '16:00:00', 'cancelled', '2025-01-05 04:00:00', '2025-04-02 07:20:56', 'house', 3, 1, 1, '有兩隻貓', '家中環境寬敞', 6),
(8, 9, 20, '2025-04-11', '17:00:00', 'completed', '2024-12-15 01:30:00', '2025-04-02 07:20:43', 'house', 2, 3, 1, '無', '已成功領養', 4),
(9, 10, 25, '2025-04-21', '10:00:00', 'completed', '2024-12-17 05:20:00', '2025-04-02 07:20:25', 'apartment', 2, 0, 0, '無', '初次養寵物，已順利領養', 1),
(10, 8, 30, '2025-04-09', '10:00:00', 'cancelled', '2025-01-10 02:00:00', '2025-04-02 07:20:59', 'apartment', 1, 0, 1, '有一隻小型犬', '因個人因素需取消預約', 5),
(11, 11, 35, '2025-03-21', '11:00:00', 'cancelled', '2025-01-12 06:30:00', '2025-04-02 07:21:28', 'house', 2, 1, 0, '無', '臨時有事無法前往', 9),
(12, 1, 40, '2025-04-04', '12:00:00', 'approved', '2025-01-20 00:45:00', '2025-04-02 07:21:18', 'house', 2, 1, 1, '有一隻貓', '希望能找到適合與現有寵物相處的夥伴', 7),
(13, 1, 45, '2025-04-17', '13:00:00', 'completed', '2024-12-10 07:00:00', '2025-04-02 07:20:17', 'house', 2, 1, 1, '有一隻貓和一隻狗', '已成功領養第二隻寵物', 3),
(14, 1, 50, '2025-04-26', '14:00:00', 'pending', '2025-01-25 01:30:00', '2025-04-02 07:19:58', 'house', 2, 1, 1, '有兩隻貓和一隻狗', '希望能夠擴大寵物家庭', 6),
(15, 3, 55, '2025-03-31', '15:00:00', 'approved', '2025-01-15 03:15:00', '2025-04-02 07:21:02', 'apartment', 3, 0, 0, '無', '首次養寵物，已經做好充分準備', 7),
(16, 3, 60, '2025-03-26', '16:00:00', 'cancelled', '2025-01-20 05:45:00', '2025-04-02 07:21:26', 'apartment', 3, 0, 0, '無', '臨時工作調動，需要取消', 2),
(17, 5, 65, '2025-04-05', '17:00:00', 'pending', '2025-01-30 02:30:00', '2025-04-02 07:21:55', 'house', 2, 2, 1, '有一隻小型犬', '希望找到適合孩子的寵物', 7),
(18, 7, 70, '2025-04-14', '11:00:00', 'approved', '2025-01-30 05:00:00', '2025-04-02 07:20:39', 'house', 4, 1, 1, '有兩隻貓', '家中環境寬敞，可以提供良好的生活環境', 6),
(19, 9, 75, '2025-04-22', '10:00:00', 'pending', '2025-02-01 01:15:00', '2025-04-02 07:20:10', 'apartment', 2, 0, 1, '無', '有豐富的寵物飼養經驗', 5),
(20, 4, 8, '2025-04-01', '11:20:00', 'pending', '2025-01-01 01:30:00', '2025-04-02 07:19:16', 'house', 2, 1, 0, '沒有其他寵物', '希望能儘快與心儀的寵物見面', 3),
(21, 6, 14, '2025-04-02', '12:00:00', 'pending', '2025-01-01 06:00:00', '2025-04-02 07:21:14', 'apartment', 1, 0, 1, '有一隻貓', '已確認的預約', 7);

-- --------------------------------------------------------

--
-- 資料表結構 `pet_photos`
--

CREATE TABLE `pet_photos` (
  `id` int NOT NULL,
  `pet_id` int NOT NULL,
  `photo_url` varchar(255) NOT NULL,
  `is_main` tinyint(1) DEFAULT '0',
  `sort_order` int DEFAULT '0',
  `title` varchar(100) DEFAULT NULL,
  `description` text,
  `created_at` timestamp NOT NULL DEFAULT CURRENT_TIMESTAMP
) ENGINE=InnoDB DEFAULT CHARSET=utf8mb4 COLLATE=utf8mb4_0900_ai_ci;

--
-- 傾印資料表的資料 `pet_photos`
--

INSERT INTO `pet_photos` (`id`, `pet_id`, `photo_url`, `is_main`, `sort_order`, `title`, `description`, `created_at`) VALUES
(1, 100, '/pets/Calico/calico1 (1).webp', 1, 0, NULL, NULL, '2025-03-25 21:26:11'),
(2, 100, '/pets/Calico/calico1 (2).webp', 0, 0, NULL, NULL, '2025-03-25 21:26:11'),
(3, 100, '/pets/Calico/calico1 (3).webp', 0, 0, NULL, NULL, '2025-03-25 21:26:11'),
(4, 3, '/pets/Siamese/siamese1 (1).webp', 1, 1, NULL, NULL, '2025-04-01 06:46:21'),
(5, 15, '/pets/Siamese/siamese1 (1).webp', 1, 1, NULL, NULL, '2025-04-01 06:46:21'),
(6, 30, '/pets/Siamese/siamese1 (1).webp', 1, 1, NULL, NULL, '2025-04-01 06:46:21'),
(7, 63, '/pets/Siamese/siamese1 (1).webp', 1, 1, NULL, NULL, '2025-04-01 06:46:21'),
(8, 99, '/pets/Siamese/siamese1 (1).webp', 0, 1, NULL, NULL, '2025-04-01 06:46:21'),
(11, 3, '/pets/Siamese/siamese2 (4).jpg', 0, 2, NULL, NULL, '2025-04-01 06:46:25'),
(12, 15, '/pets/Siamese/siamese2 (4).jpg', 0, 2, NULL, NULL, '2025-04-01 06:46:25'),
(13, 30, '/pets/Siamese/siamese2 (4).jpg', 0, 2, NULL, NULL, '2025-04-01 06:46:25'),
(14, 63, '/pets/Siamese/siamese2 (4).jpg', 0, 2, NULL, NULL, '2025-04-01 06:46:25'),
(15, 99, '/pets/Siamese/siamese2 (4).jpg', 1, 2, NULL, NULL, '2025-04-01 06:46:25'),
(18, 3, '/pets/Siamese/siamese2 (10).jpg', 0, 3, NULL, NULL, '2025-04-01 06:46:30'),
(19, 15, '/pets/Siamese/siamese2 (10).jpg', 0, 3, NULL, NULL, '2025-04-01 06:46:30'),
(20, 30, '/pets/Siamese/siamese2 (10).jpg', 0, 3, NULL, NULL, '2025-04-01 06:46:30'),
(21, 63, '/pets/Siamese/siamese2 (10).jpg', 0, 3, NULL, NULL, '2025-04-01 06:46:30'),
(22, 99, '/pets/Siamese/siamese2 (10).jpg', 0, 3, NULL, NULL, '2025-04-01 06:46:30'),
(25, 13, '/pets/Siamese/siamese2 (1).jpg', 1, 1, NULL, NULL, '2025-04-01 06:46:37'),
(26, 28, '/pets/Siamese/siamese2 (1).jpg', 1, 1, NULL, NULL, '2025-04-01 06:46:37'),
(27, 55, '/pets/Siamese/siamese2 (1).jpg', 1, 1, NULL, NULL, '2025-04-01 06:46:37'),
(28, 13, '/pets/Siamese/siamese1 (5).webp', 0, 2, NULL, NULL, '2025-04-01 06:46:41'),
(29, 28, '/pets/Siamese/siamese1 (5).webp', 0, 2, NULL, NULL, '2025-04-01 06:46:41'),
(30, 55, '/pets/Siamese/siamese1 (5).webp', 0, 2, NULL, NULL, '2025-04-01 06:46:41'),
(31, 13, '/pets/Siamese/siamese2 (13).jpg', 0, 3, NULL, NULL, '2025-04-01 06:46:46'),
(32, 28, '/pets/Siamese/siamese2 (13).jpg', 0, 3, NULL, NULL, '2025-04-01 06:46:46'),
(33, 55, '/pets/Siamese/siamese2 (13).jpg', 0, 3, NULL, NULL, '2025-04-01 06:46:46'),
(34, 14, '/pets/Siamese/siamese1 (3).webp', 1, 1, NULL, NULL, '2025-04-01 06:46:51'),
(35, 68, '/pets/Siamese/siamese1 (3).webp', 1, 1, NULL, NULL, '2025-04-01 06:46:51'),
(36, 74, '/pets/Siamese/siamese1 (3).webp', 1, 1, NULL, NULL, '2025-04-01 06:46:51'),
(37, 14, '/pets/Siamese/siamese2 (7).jpg', 0, 2, NULL, NULL, '2025-04-01 06:46:56'),
(38, 68, '/pets/Siamese/siamese2 (7).jpg', 0, 2, NULL, NULL, '2025-04-01 06:46:56'),
(39, 74, '/pets/Siamese/siamese2 (7).jpg', 0, 2, NULL, NULL, '2025-04-01 06:46:56'),
(40, 14, '/pets/Siamese/siamese1 (8).webp', 0, 3, NULL, NULL, '2025-04-01 06:47:01'),
(41, 68, '/pets/Siamese/siamese1 (8).webp', 0, 3, NULL, NULL, '2025-04-01 06:47:01'),
(42, 74, '/pets/Siamese/siamese1 (8).webp', 0, 3, NULL, NULL, '2025-04-01 06:47:01'),
(43, 4, '/pets/Maltese/maltese2 (1).webp', 1, 1, NULL, NULL, '2025-04-01 06:51:24'),
(44, 4, '/pets/Maltese/maltese1 (1).jpg', 0, 2, NULL, NULL, '2025-04-01 06:51:24'),
(45, 4, '/pets/Maltese/maltese1 (2).jpg', 0, 3, NULL, NULL, '2025-04-01 06:51:24'),
(46, 19, '/pets/Maltese/maltese2 (2).webp', 1, 1, NULL, NULL, '2025-04-01 06:51:30'),
(47, 19, '/pets/Maltese/maltese1 (3).jpg', 0, 2, NULL, NULL, '2025-04-01 06:51:30'),
(48, 19, '/pets/Maltese/maltese1 (4).jpg', 0, 3, NULL, NULL, '2025-04-01 06:51:30'),
(49, 12, '/pets/Shiba/shiba1 (1).webp', 1, 1, NULL, NULL, '2025-04-01 06:53:55'),
(50, 12, '/pets/Shiba/shiba2 (1).jpg', 0, 2, NULL, NULL, '2025-04-01 06:53:55'),
(51, 12, '/pets/Shiba/shiba2 (2).jpg', 0, 3, NULL, NULL, '2025-04-01 06:53:55'),
(52, 54, '/pets/Shiba/shiba1 (1).webp', 1, 1, NULL, NULL, '2025-04-01 06:53:55'),
(53, 54, '/pets/Shiba/shiba2 (1).jpg', 0, 2, NULL, NULL, '2025-04-01 06:53:55'),
(54, 54, '/pets/Shiba/shiba2 (2).jpg', 0, 3, NULL, NULL, '2025-04-01 06:53:55'),
(55, 90, '/pets/Shiba/shiba1 (1).webp', 1, 1, NULL, NULL, '2025-04-01 06:53:55'),
(56, 90, '/pets/Shiba/shiba2 (1).jpg', 0, 2, NULL, NULL, '2025-04-01 06:53:55'),
(57, 90, '/pets/Shiba/shiba2 (2).jpg', 0, 3, NULL, NULL, '2025-04-01 06:53:55'),
(58, 20, '/pets/Shiba/shiba1 (2).webp', 1, 1, NULL, NULL, '2025-04-01 06:54:05'),
(59, 20, '/pets/Shiba/shiba2 (3).jpg', 0, 2, NULL, NULL, '2025-04-01 06:54:05'),
(60, 20, '/pets/Shiba/shiba2 (4).jpg', 0, 3, NULL, NULL, '2025-04-01 06:54:05'),
(61, 48, '/pets/Shiba/shiba1 (2).webp', 1, 1, NULL, NULL, '2025-04-01 06:54:05'),
(62, 48, '/pets/Shiba/shiba2 (3).jpg', 0, 2, NULL, NULL, '2025-04-01 06:54:05'),
(63, 48, '/pets/Shiba/shiba2 (4).jpg', 0, 3, NULL, NULL, '2025-04-01 06:54:05'),
(64, 65, '/pets/Shiba/shiba1 (2).webp', 1, 1, NULL, NULL, '2025-04-01 06:54:05'),
(65, 65, '/pets/Shiba/shiba2 (3).jpg', 0, 2, NULL, NULL, '2025-04-01 06:54:05'),
(66, 65, '/pets/Shiba/shiba2 (4).jpg', 0, 3, NULL, NULL, '2025-04-01 06:54:05'),
(67, 23, '/pets/Shiba/shiba1 (3).webp', 1, 1, NULL, NULL, '2025-04-01 06:54:15'),
(68, 23, '/pets/Shiba/shiba1 (4).webp', 0, 2, NULL, NULL, '2025-04-01 06:54:15'),
(69, 23, '/pets/Shiba/shiba2 (5).jpg', 0, 3, NULL, NULL, '2025-04-01 06:54:15'),
(70, 50, '/pets/Shiba/shiba1 (3).webp', 1, 1, NULL, NULL, '2025-04-01 06:54:15'),
(71, 50, '/pets/Shiba/shiba1 (4).webp', 0, 2, NULL, NULL, '2025-04-01 06:54:15'),
(72, 50, '/pets/Shiba/shiba2 (5).jpg', 0, 3, NULL, NULL, '2025-04-01 06:54:15'),
(73, 77, '/pets/Shiba/shiba1 (3).webp', 1, 1, NULL, NULL, '2025-04-01 06:54:15'),
(74, 77, '/pets/Shiba/shiba1 (4).webp', 0, 2, NULL, NULL, '2025-04-01 06:54:15'),
(75, 77, '/pets/Shiba/shiba2 (5).jpg', 0, 3, NULL, NULL, '2025-04-01 06:54:15'),
(76, 2, '/pets/Persian/persian1/persian1 (1).jpg', 1, 1, NULL, NULL, '2025-04-01 06:56:57'),
(77, 2, '/pets/Persian/persian2/persian2 (1).jpg', 0, 2, NULL, NULL, '2025-04-01 06:56:57'),
(78, 2, '/pets/Persian/persian1/persian1 (2).jpg', 0, 3, NULL, NULL, '2025-04-01 06:56:57'),
(79, 33, '/pets/Persian/persian1/persian1 (1).jpg', 1, 1, NULL, NULL, '2025-04-01 06:56:57'),
(80, 33, '/pets/Persian/persian2/persian2 (1).jpg', 0, 2, NULL, NULL, '2025-04-01 06:56:57'),
(81, 33, '/pets/Persian/persian1/persian1 (2).jpg', 0, 3, NULL, NULL, '2025-04-01 06:56:57'),
(82, 62, '/pets/Persian/persian1/persian1 (1).jpg', 1, 1, NULL, NULL, '2025-04-01 06:56:57'),
(83, 62, '/pets/Persian/persian2/persian2 (1).jpg', 0, 2, NULL, NULL, '2025-04-01 06:56:57'),
(84, 62, '/pets/Persian/persian1/persian1 (2).jpg', 0, 3, NULL, NULL, '2025-04-01 06:56:57'),
(85, 94, '/pets/Persian/persian1/persian1 (1).jpg', 1, 1, NULL, NULL, '2025-04-01 06:56:57'),
(86, 94, '/pets/Persian/persian2/persian2 (1).jpg', 0, 2, NULL, NULL, '2025-04-01 06:56:57'),
(87, 94, '/pets/Persian/persian1/persian1 (2).jpg', 0, 3, NULL, NULL, '2025-04-01 06:56:57'),
(88, 18, '/pets/Persian/persian1/persian1 (3).jpg', 1, 1, NULL, NULL, '2025-04-01 06:57:08'),
(89, 18, '/pets/Persian/persian2/persian2 (3).jpg', 0, 2, NULL, NULL, '2025-04-01 06:57:08'),
(90, 18, '/pets/Persian/persian1/persian1 (4).jpg', 0, 3, NULL, NULL, '2025-04-01 06:57:08'),
(91, 35, '/pets/Persian/persian1/persian1 (3).jpg', 1, 1, NULL, NULL, '2025-04-01 06:57:08'),
(92, 35, '/pets/Persian/persian2/persian2 (3).jpg', 0, 2, NULL, NULL, '2025-04-01 06:57:08'),
(93, 35, '/pets/Persian/persian1/persian1 (4).jpg', 0, 3, NULL, NULL, '2025-04-01 06:57:08'),
(94, 60, '/pets/Persian/persian1/persian1 (3).jpg', 1, 1, NULL, NULL, '2025-04-01 06:57:08'),
(95, 60, '/pets/Persian/persian2/persian2 (3).jpg', 0, 2, NULL, NULL, '2025-04-01 06:57:08'),
(96, 60, '/pets/Persian/persian1/persian1 (4).jpg', 0, 3, NULL, NULL, '2025-04-01 06:57:08'),
(97, 95, '/pets/Persian/persian1/persian1 (3).jpg', 1, 1, NULL, NULL, '2025-04-01 06:57:08'),
(98, 95, '/pets/Persian/persian2/persian2 (3).jpg', 0, 2, NULL, NULL, '2025-04-01 06:57:08'),
(99, 95, '/pets/Persian/persian1/persian1 (4).jpg', 0, 3, NULL, NULL, '2025-04-01 06:57:08'),
(100, 21, '/pets/Persian/persian1/persian1 (5).jpg', 1, 1, NULL, NULL, '2025-04-01 06:57:22'),
(101, 21, '/pets/Persian/persian2/persian2 (5).jpg', 0, 2, NULL, NULL, '2025-04-01 06:57:22'),
(102, 21, '/pets/Persian/persian1/persian1 (6).jpg', 0, 3, NULL, NULL, '2025-04-01 06:57:22'),
(103, 57, '/pets/Persian/persian1/persian1 (5).jpg', 1, 1, NULL, NULL, '2025-04-01 06:57:22'),
(104, 57, '/pets/Persian/persian2/persian2 (5).jpg', 0, 2, NULL, NULL, '2025-04-01 06:57:22'),
(105, 57, '/pets/Persian/persian1/persian1 (6).jpg', 0, 3, NULL, NULL, '2025-04-01 06:57:22'),
(106, 87, '/pets/Persian/persian1/persian1 (5).jpg', 1, 1, NULL, NULL, '2025-04-01 06:57:22'),
(107, 87, '/pets/Persian/persian2/persian2 (5).jpg', 0, 2, NULL, NULL, '2025-04-01 06:57:22'),
(108, 87, '/pets/Persian/persian1/persian1 (6).jpg', 0, 3, NULL, NULL, '2025-04-01 06:57:22'),
(109, 88, '/pets/Persian/persian1/persian1 (5).jpg', 1, 1, NULL, NULL, '2025-04-01 06:57:22'),
(110, 88, '/pets/Persian/persian2/persian2 (5).jpg', 0, 2, NULL, NULL, '2025-04-01 06:57:22'),
(111, 88, '/pets/Persian/persian1/persian1 (6).jpg', 0, 3, NULL, NULL, '2025-04-01 06:57:22'),
(112, 10, '/pets/Labrador/labrador1 (1).webp', 1, 1, NULL, NULL, '2025-04-01 07:01:04'),
(113, 10, '/pets/Labrador/labrador2 (1).jpg', 0, 2, NULL, NULL, '2025-04-01 07:01:04'),
(114, 10, '/pets/Labrador/labrador3 (1).jpg', 0, 3, NULL, NULL, '2025-04-01 07:01:04'),
(115, 24, '/pets/Labrador/labrador1 (1).webp', 1, 1, NULL, NULL, '2025-04-01 07:01:04'),
(116, 24, '/pets/Labrador/labrador2 (1).jpg', 0, 2, NULL, NULL, '2025-04-01 07:01:04'),
(117, 24, '/pets/Labrador/labrador3 (1).jpg', 0, 3, NULL, NULL, '2025-04-01 07:01:04'),
(118, 29, '/pets/Labrador/labrador1 (1).webp', 1, 1, NULL, NULL, '2025-04-01 07:01:04'),
(119, 29, '/pets/Labrador/labrador2 (1).jpg', 0, 2, NULL, NULL, '2025-04-01 07:01:04'),
(120, 29, '/pets/Labrador/labrador3 (1).jpg', 0, 3, NULL, NULL, '2025-04-01 07:01:04'),
(121, 39, '/pets/Labrador/labrador1 (1).webp', 1, 1, NULL, NULL, '2025-04-01 07:01:04'),
(122, 39, '/pets/Labrador/labrador2 (1).jpg', 0, 2, NULL, NULL, '2025-04-01 07:01:04'),
(123, 39, '/pets/Labrador/labrador3 (1).jpg', 0, 3, NULL, NULL, '2025-04-01 07:01:04'),
(124, 46, '/pets/Labrador/labrador1 (1).webp', 1, 1, NULL, NULL, '2025-04-01 07:01:04'),
(125, 46, '/pets/Labrador/labrador2 (1).jpg', 0, 2, NULL, NULL, '2025-04-01 07:01:04'),
(126, 46, '/pets/Labrador/labrador3 (1).jpg', 0, 3, NULL, NULL, '2025-04-01 07:01:04'),
(127, 61, '/pets/Labrador/labrador1 (1).webp', 1, 1, NULL, NULL, '2025-04-01 07:01:04'),
(128, 61, '/pets/Labrador/labrador2 (1).jpg', 0, 2, NULL, NULL, '2025-04-01 07:01:04'),
(129, 61, '/pets/Labrador/labrador3 (1).jpg', 0, 3, NULL, NULL, '2025-04-01 07:01:04'),
(130, 75, '/pets/Labrador/labrador1 (1).webp', 1, 1, NULL, NULL, '2025-04-01 07:01:04'),
(131, 75, '/pets/Labrador/labrador2 (1).jpg', 0, 2, NULL, NULL, '2025-04-01 07:01:04'),
(132, 75, '/pets/Labrador/labrador3 (1).jpg', 0, 3, NULL, NULL, '2025-04-01 07:01:04'),
(133, 82, '/pets/Calico/calico1 (4).webp', 1, 1, NULL, NULL, '2025-04-01 07:01:04'),
(134, 82, '/pets/Calico/calico1 (1).webp', 0, 2, NULL, NULL, '2025-04-01 07:01:04'),
(135, 82, '/pets/Calico/calico1 (2).webp', 0, 3, NULL, NULL, '2025-04-01 07:01:04'),
(136, 85, '/pets/Labrador/labrador1 (1).webp', 1, 1, NULL, NULL, '2025-04-01 07:01:04'),
(137, 85, '/pets/Labrador/labrador2 (1).jpg', 0, 2, NULL, NULL, '2025-04-01 07:01:04'),
(138, 85, '/pets/Labrador/labrador3 (1).jpg', 0, 3, NULL, NULL, '2025-04-01 07:01:04'),
(139, 92, '/pets/Labrador/labrador1 (1).webp', 0, 1, NULL, NULL, '2025-04-01 07:01:04'),
(140, 92, '/pets/Labrador/labrador2 (1).jpg', 0, 2, NULL, NULL, '2025-04-01 07:01:04'),
(141, 92, '/pets/Labrador/labrador3 (1).jpg', 1, 3, NULL, NULL, '2025-04-01 07:01:04'),
(142, 11, '/pets/Labrador/labrador1 (2).webp', 1, 1, NULL, NULL, '2025-04-01 07:01:15'),
(143, 11, '/pets/Labrador/labrador2 (2).jpg', 0, 2, NULL, NULL, '2025-04-01 07:01:15'),
(144, 11, '/pets/Labrador/labrador3 (2).jpg', 0, 3, NULL, NULL, '2025-04-01 07:01:15'),
(145, 22, '/pets/Labrador/labrador1 (2).webp', 1, 1, NULL, NULL, '2025-04-01 07:01:15'),
(146, 22, '/pets/Labrador/labrador2 (2).jpg', 0, 2, NULL, NULL, '2025-04-01 07:01:15'),
(147, 22, '/pets/Labrador/labrador3 (2).jpg', 0, 3, NULL, NULL, '2025-04-01 07:01:15'),
(154, 66, '/pets/Labrador/labrador1 (2).webp', 1, 1, NULL, NULL, '2025-04-01 07:01:15'),
(155, 66, '/pets/Labrador/labrador2 (2).jpg', 0, 2, NULL, NULL, '2025-04-01 07:01:15'),
(156, 66, '/pets/Labrador/labrador3 (2).jpg', 0, 3, NULL, NULL, '2025-04-01 07:01:15'),
(159, 78, '/pets/Labrador/labrador3 (2).jpg', 0, 3, NULL, NULL, '2025-04-01 07:01:15'),
(160, 86, '/pets/Labrador/labrador1 (2).webp', 1, 1, NULL, NULL, '2025-04-01 07:01:15'),
(161, 86, '/pets/Labrador/labrador2 (2).jpg', 0, 2, NULL, NULL, '2025-04-01 07:01:15'),
(162, 86, '/pets/Labrador/labrador3 (2).jpg', 0, 3, NULL, NULL, '2025-04-01 07:01:15'),
(166, 79, '/pets/Labrador/labrador1 (2).webp', 1, 1, NULL, NULL, '2025-04-01 07:01:34'),
(167, 79, '/pets/Labrador/labrador2 (2).jpg', 0, 2, NULL, NULL, '2025-04-01 07:01:34'),
(168, 79, '/pets/Labrador/labrador3 (2).jpg', 0, 3, NULL, NULL, '2025-04-01 07:01:34'),
(169, 81, '/pets/Labrador/labrador1 (2).webp', 1, 1, NULL, NULL, '2025-04-01 07:01:34'),
(170, 81, '/pets/Labrador/labrador2 (2).jpg', 0, 2, NULL, NULL, '2025-04-01 07:01:34'),
(171, 81, '/pets/Labrador/labrador3 (2).jpg', 0, 3, NULL, NULL, '2025-04-01 07:01:34'),
(172, 83, '/pets/Labrador/labrador1 (2).webp', 1, 1, NULL, NULL, '2025-04-01 07:01:34'),
(173, 83, '/pets/Labrador/labrador2 (2).jpg', 0, 2, NULL, NULL, '2025-04-01 07:01:34'),
(174, 83, '/pets/Labrador/labrador3 (2).jpg', 0, 3, NULL, NULL, '2025-04-01 07:01:34'),
(175, 89, '/pets/Labrador/labrador1 (2).webp', 1, 1, NULL, NULL, '2025-04-01 07:01:34'),
(176, 89, '/pets/Labrador/labrador2 (2).jpg', 0, 2, NULL, NULL, '2025-04-01 07:01:34'),
(177, 89, '/pets/Labrador/labrador3 (2).jpg', 0, 3, NULL, NULL, '2025-04-01 07:01:34'),
(178, 17, '/pets/Labrador/labrador1 (3).webp', 1, 1, NULL, NULL, '2025-04-01 07:02:02'),
(179, 17, '/pets/Labrador/labrador2 (3).jpg', 0, 2, NULL, NULL, '2025-04-01 07:02:02'),
(180, 17, '/pets/Labrador/labrador3 (3).jpg', 0, 3, NULL, NULL, '2025-04-01 07:02:02'),
(181, 25, '/pets/Labrador/labrador1 (3).webp', 1, 1, NULL, NULL, '2025-04-01 07:02:02'),
(182, 25, '/pets/Labrador/labrador2 (3).jpg', 0, 2, NULL, NULL, '2025-04-01 07:02:02'),
(183, 25, '/pets/Labrador/labrador3 (3).jpg', 0, 3, NULL, NULL, '2025-04-01 07:02:02'),
(184, 31, '/pets/Labrador/labrador1 (3).webp', 1, 1, NULL, NULL, '2025-04-01 07:02:02'),
(185, 31, '/pets/Labrador/labrador2 (3).jpg', 0, 2, NULL, NULL, '2025-04-01 07:02:02'),
(186, 31, '/pets/Labrador/labrador3 (3).jpg', 0, 3, NULL, NULL, '2025-04-01 07:02:02'),
(187, 36, '/pets/Labrador/labrador1 (3).webp', 1, 1, NULL, NULL, '2025-04-01 07:02:02'),
(188, 36, '/pets/Labrador/labrador2 (3).jpg', 0, 2, NULL, NULL, '2025-04-01 07:02:02'),
(189, 36, '/pets/Labrador/labrador3 (3).jpg', 0, 3, NULL, NULL, '2025-04-01 07:02:02'),
(190, 44, '/pets/Labrador/labrador1 (3).webp', 1, 1, NULL, NULL, '2025-04-01 07:02:02'),
(191, 44, '/pets/Labrador/labrador2 (3).jpg', 0, 2, NULL, NULL, '2025-04-01 07:02:02'),
(192, 44, '/pets/Labrador/labrador3 (3).jpg', 0, 3, NULL, NULL, '2025-04-01 07:02:02'),
(193, 52, '/pets/Labrador/labrador1 (3).webp', 1, 1, NULL, NULL, '2025-04-01 07:02:02'),
(194, 52, '/pets/Labrador/labrador2 (3).jpg', 0, 2, NULL, NULL, '2025-04-01 07:02:02'),
(195, 52, '/pets/Labrador/labrador3 (3).jpg', 0, 3, NULL, NULL, '2025-04-01 07:02:02'),
(196, 58, '/pets/Labrador/labrador1 (3).webp', 1, 1, NULL, NULL, '2025-04-01 07:02:02'),
(197, 58, '/pets/Labrador/labrador2 (3).jpg', 0, 2, NULL, NULL, '2025-04-01 07:02:02'),
(198, 58, '/pets/Labrador/labrador3 (3).jpg', 0, 3, NULL, NULL, '2025-04-01 07:02:02'),
(199, 71, '/pets/Labrador/labrador1 (3).webp', 1, 1, NULL, NULL, '2025-04-01 07:02:02'),
(200, 71, '/pets/Labrador/labrador2 (3).jpg', 0, 2, NULL, NULL, '2025-04-01 07:02:02'),
(201, 71, '/pets/Labrador/labrador3 (3).jpg', 0, 3, NULL, NULL, '2025-04-01 07:02:02'),
(202, 84, '/pets/Labrador/labrador1 (3).webp', 0, 1, NULL, NULL, '2025-04-01 07:02:02'),
(203, 84, '/pets/Labrador/labrador2 (3).jpg', 0, 2, NULL, NULL, '2025-04-01 07:02:02'),
(204, 84, '/pets/Labrador/labrador3 (3).jpg', 1, 3, NULL, NULL, '2025-04-01 07:02:02'),
(205, 86, '/pets/Labrador/labrador1 (3).webp', 1, 1, NULL, NULL, '2025-04-01 07:02:02'),
(206, 86, '/pets/Labrador/labrador2 (3).jpg', 0, 2, NULL, NULL, '2025-04-01 07:02:02'),
(207, 86, '/pets/Labrador/labrador3 (3).jpg', 0, 3, NULL, NULL, '2025-04-01 07:02:02'),
(208, 91, '/pets/Labrador/labrador1 (3).webp', 0, 1, NULL, NULL, '2025-04-01 07:02:02'),
(209, 91, '/pets/Labrador/labrador2 (3).jpg', 1, 2, NULL, NULL, '2025-04-01 07:02:02'),
(210, 91, '/pets/Labrador/labrador3 (3).jpg', 0, 3, NULL, NULL, '2025-04-01 07:02:02'),
(211, 98, '/pets/Labrador/labrador1 (3).webp', 1, 1, NULL, NULL, '2025-04-01 07:02:02'),
(212, 98, '/pets/Labrador/labrador2 (3).jpg', 0, 2, NULL, NULL, '2025-04-01 07:02:02'),
(213, 98, '/pets/Labrador/labrador3 (3).jpg', 0, 3, NULL, NULL, '2025-04-01 07:02:02'),
(217, 42, '/pets/Tuxedo/tuxedo1 (1).webp', 1, 1, NULL, NULL, '2025-04-01 07:04:39'),
(218, 42, '/pets/Tuxedo/tuxedo1 (2).webp', 0, 2, NULL, NULL, '2025-04-01 07:04:39'),
(219, 42, '/pets/Tuxedo/tuxedo1 (3).webp', 0, 3, NULL, NULL, '2025-04-01 07:04:39'),
(220, 72, '/pets/Tuxedo/tuxedo1 (1).webp', 1, 1, NULL, NULL, '2025-04-01 07:04:39'),
(221, 72, '/pets/Tuxedo/tuxedo1 (2).webp', 0, 2, NULL, NULL, '2025-04-01 07:04:39'),
(222, 72, '/pets/Tuxedo/tuxedo1 (3).webp', 0, 3, NULL, NULL, '2025-04-01 07:04:39'),
(226, 40, '/pets/Tuxedo/tuxedo1 (4).webp', 1, 1, NULL, NULL, '2025-04-01 07:04:50'),
(227, 40, '/pets/Tuxedo/tuxedo1 (5).webp', 0, 2, NULL, NULL, '2025-04-01 07:04:50'),
(228, 40, '/pets/Tuxedo/tuxedo1 (6).webp', 0, 3, NULL, NULL, '2025-04-01 07:04:50'),
(229, 64, '/pets/Tuxedo/tuxedo1 (4).webp', 1, 1, NULL, NULL, '2025-04-01 07:04:50'),
(230, 64, '/pets/Tuxedo/tuxedo1 (5).webp', 0, 2, NULL, NULL, '2025-04-01 07:04:50'),
(231, 64, '/pets/Tuxedo/tuxedo1 (6).webp', 0, 3, NULL, NULL, '2025-04-01 07:04:50'),
(247, 9, '/pets/Poodle/Poodle1/poodle1 (1).jpg', 1, 1, NULL, NULL, '2025-04-01 07:08:15'),
(248, 9, '/pets/Poodle/Poodle1/poodle1 (2).jpg', 0, 2, NULL, NULL, '2025-04-01 07:08:15'),
(249, 9, '/pets/Poodle/Poodle2/poodle2 (1).jpg', 0, 3, NULL, NULL, '2025-04-01 07:08:15'),
(250, 47, '/pets/Poodle/Poodle1/poodle1 (1).jpg', 1, 1, NULL, NULL, '2025-04-01 07:08:15'),
(251, 47, '/pets/Poodle/Poodle1/poodle1 (2).jpg', 0, 2, NULL, NULL, '2025-04-01 07:08:15'),
(252, 47, '/pets/Poodle/Poodle2/poodle2 (1).jpg', 0, 3, NULL, NULL, '2025-04-01 07:08:15'),
(253, 93, '/pets/Poodle/Poodle1/poodle1 (1).jpg', 1, 1, NULL, NULL, '2025-04-01 07:08:15'),
(254, 93, '/pets/Poodle/Poodle1/poodle1 (2).jpg', 0, 2, NULL, NULL, '2025-04-01 07:08:15'),
(255, 93, '/pets/Poodle/Poodle2/poodle2 (1).jpg', 0, 3, NULL, NULL, '2025-04-01 07:08:15'),
(259, 34, '/pets/Poodle/Poodle1/poodle1 (3).jpg', 1, 1, NULL, NULL, '2025-04-01 07:08:21'),
(260, 34, '/pets/Poodle/Poodle1/poodle1 (4).jpg', 0, 2, NULL, NULL, '2025-04-01 07:08:21'),
(261, 34, '/pets/Poodle/Poodle2/poodle2 (2).jpg', 0, 3, NULL, NULL, '2025-04-01 07:08:21'),
(262, 67, '/pets/Poodle/Poodle1/poodle1 (3).jpg', 1, 1, NULL, NULL, '2025-04-01 07:08:21'),
(263, 67, '/pets/Poodle/Poodle1/poodle1 (4).jpg', 0, 2, NULL, NULL, '2025-04-01 07:08:21'),
(264, 67, '/pets/Poodle/Poodle2/poodle2 (2).jpg', 0, 3, NULL, NULL, '2025-04-01 07:08:21'),
(268, 16, '/pets/Poodle/Poodle1/poodle1 (5).jpg', 1, 1, NULL, NULL, '2025-04-01 07:08:32'),
(269, 16, '/pets/Poodle/Poodle1/poodle1 (6).jpg', 0, 2, NULL, NULL, '2025-04-01 07:08:32'),
(270, 16, '/pets/Poodle/Poodle2/poodle2 (3).jpg', 0, 3, NULL, NULL, '2025-04-01 07:08:32'),
(271, 56, '/pets/Poodle/Poodle1/poodle1 (5).jpg', 1, 1, NULL, NULL, '2025-04-01 07:08:32'),
(272, 56, '/pets/Poodle/Poodle1/poodle1 (6).jpg', 0, 2, NULL, NULL, '2025-04-01 07:08:32'),
(273, 56, '/pets/Poodle/Poodle2/poodle2 (3).jpg', 0, 3, NULL, NULL, '2025-04-01 07:08:32'),
(274, 97, '/pets/Poodle/Poodle1/poodle1 (5).jpg', 1, 1, NULL, NULL, '2025-04-01 07:08:32'),
(275, 97, '/pets/Poodle/Poodle1/poodle1 (6).jpg', 0, 2, NULL, NULL, '2025-04-01 07:08:32'),
(276, 97, '/pets/Poodle/Poodle2/poodle2 (3).jpg', 0, 3, NULL, NULL, '2025-04-01 07:08:32'),
(277, 49, '/pets/BlackDog/bd1/bd1 (1).webp', 1, 1, NULL, NULL, '2025-04-01 07:10:14'),
(278, 49, '/pets/BlackDog/bd2/bd2 (1).jpg', 0, 2, NULL, NULL, '2025-04-01 07:10:14'),
(279, 49, '/pets/BlackDog/bd2/bd2 (2).jpg', 0, 3, NULL, NULL, '2025-04-01 07:10:14'),
(280, 80, '/pets/BlackDog/bd1/bd1 (1).webp', 1, 1, NULL, NULL, '2025-04-01 07:10:14'),
(281, 80, '/pets/BlackDog/bd2/bd2 (1).jpg', 0, 2, NULL, NULL, '2025-04-01 07:10:14'),
(282, 80, '/pets/BlackDog/bd2/bd2 (2).jpg', 0, 3, NULL, NULL, '2025-04-01 07:10:14'),
(283, 37, '/pets/BlackDog/bd1/bd1 (2).webp', 1, 1, NULL, NULL, '2025-04-01 07:10:19'),
(284, 37, '/pets/BlackDog/bd2/bd2 (3).jpg', 0, 2, NULL, NULL, '2025-04-01 07:10:19'),
(285, 37, '/pets/BlackDog/bd2/bd2 (4).jpg', 0, 3, NULL, NULL, '2025-04-01 07:10:19'),
(286, 76, '/pets/BlackDog/bd1/bd1 (2).webp', 1, 1, NULL, NULL, '2025-04-01 07:10:19'),
(287, 76, '/pets/BlackDog/bd2/bd2 (3).jpg', 0, 2, NULL, NULL, '2025-04-01 07:10:19'),
(288, 76, '/pets/BlackDog/bd2/bd2 (4).jpg', 0, 3, NULL, NULL, '2025-04-01 07:10:19'),
(289, 69, '/pets/BlackDog/bd1/bd1 (3).webp', 1, 1, NULL, NULL, '2025-04-01 07:10:24'),
(290, 69, '/pets/BlackDog/bd2/bd2 (5).jpg', 0, 2, NULL, NULL, '2025-04-01 07:10:24'),
(291, 69, '/pets/BlackDog/bd2/bd2 (6).jpg', 0, 3, NULL, NULL, '2025-04-01 07:10:24'),
(292, 78, '/pets/BlackDog/bd1/bd1 (3).webp', 1, 1, NULL, NULL, '2025-04-01 07:10:24'),
(293, 78, '/pets/BlackDog/bd2/bd2 (5).jpg', 0, 2, NULL, NULL, '2025-04-01 07:10:24'),
(294, 78, '/pets/BlackDog/bd2/bd2 (6).jpg', 0, 3, NULL, NULL, '2025-04-01 07:10:24'),
(295, 96, '/pets/Beagle/beagle1.jpg', 1, 1, NULL, NULL, '2025-04-01 15:54:58'),
(296, 96, '/pets/Beagle/beagle2.jpg', 0, 2, NULL, NULL, '2025-04-01 15:54:58'),
(297, 96, '/pets/Beagle/beagle3.jpg', 0, 3, NULL, NULL, '2025-04-01 15:54:58'),
(298, 73, '/pets/Beagle/beagle2.jpg', 1, 1, NULL, NULL, '2025-04-01 15:54:59'),
(299, 73, '/pets/Beagle/beagle3.jpg', 0, 2, NULL, NULL, '2025-04-01 15:54:59'),
(300, 73, '/pets/Beagle/beagle4.jpg', 0, 3, NULL, NULL, '2025-04-01 15:54:59'),
(301, 26, '/pets/Beagle/beagle3.jpg', 1, 1, NULL, NULL, '2025-04-01 15:54:59'),
(302, 26, '/pets/Beagle/beagle4.jpg', 0, 2, NULL, NULL, '2025-04-01 15:54:59'),
(303, 26, '/pets/Beagle/beagle1.jpg', 0, 3, NULL, NULL, '2025-04-01 15:54:59'),
(304, 51, '/pets/Beagle/beagle3.jpg', 1, 1, NULL, NULL, '2025-04-01 15:54:59'),
(305, 51, '/pets/Beagle/beagle4.jpg', 0, 2, NULL, NULL, '2025-04-01 15:54:59'),
(306, 51, '/pets/Beagle/beagle1.jpg', 0, 3, NULL, NULL, '2025-04-01 15:54:59'),
(307, 70, '/pets/Labrador/labrador1 (1).webp', 1, 1, NULL, NULL, '2025-04-01 15:56:51'),
(308, 70, '/pets/Labrador/labrador2 (1).jpg', 0, 2, NULL, NULL, '2025-04-01 15:56:51'),
(309, 70, '/pets/Labrador/labrador3 (1).jpg', 0, 3, NULL, NULL, '2025-04-01 15:56:51'),
(310, 27, '/pets/Labrador/labrador1 (1).webp', 1, 1, NULL, NULL, '2025-04-01 16:00:19'),
(311, 27, '/pets/Labrador/labrador2 (1).jpg', 0, 2, NULL, NULL, '2025-04-01 16:00:19'),
(312, 27, '/pets/Labrador/labrador3 (1).jpg', 0, 3, NULL, NULL, '2025-04-01 16:00:19'),
(313, 32, '/pets/Labrador/labrador1 (3).webp', 1, 1, NULL, NULL, '2025-04-01 16:00:19'),
(314, 32, '/pets/Labrador/labrador2 (3).jpg', 0, 2, NULL, NULL, '2025-04-01 16:00:19'),
(315, 32, '/pets/Labrador/labrador3 (3).jpg', 0, 3, NULL, NULL, '2025-04-01 16:00:19'),
(316, 38, '/pets/BlackDog/bd1/bd1 (3).webp', 1, 1, NULL, NULL, '2025-04-01 16:00:19'),
(317, 38, '/pets/BlackDog/bd2/bd2 (5).jpg', 0, 2, NULL, NULL, '2025-04-01 16:00:19'),
(318, 38, '/pets/BlackDog/bd2/bd2 (6).jpg', 0, 3, NULL, NULL, '2025-04-01 16:00:19'),
(319, 41, '/pets/Labrador/labrador1 (3).webp', 1, 1, NULL, NULL, '2025-04-01 16:00:19'),
(320, 41, '/pets/Labrador/labrador2 (3).jpg', 0, 2, NULL, NULL, '2025-04-01 16:00:19'),
(321, 41, '/pets/Labrador/labrador3 (3).jpg', 0, 3, NULL, NULL, '2025-04-01 16:00:19'),
(322, 43, '/pets/BlackDog/bd1/bd1 (2).webp', 1, 1, NULL, NULL, '2025-04-01 16:00:19'),
(323, 43, '/pets/BlackDog/bd2/bd2 (3).jpg', 0, 2, NULL, NULL, '2025-04-01 16:00:19'),
(324, 43, '/pets/BlackDog/bd2/bd2 (4).jpg', 0, 3, NULL, NULL, '2025-04-01 16:00:19'),
(325, 45, '/pets/Labrador/labrador1 (1).webp', 1, 1, NULL, NULL, '2025-04-01 16:00:19'),
(326, 45, '/pets/Labrador/labrador2 (1).jpg', 0, 2, NULL, NULL, '2025-04-01 16:00:19'),
(327, 45, '/pets/Labrador/labrador3 (1).jpg', 0, 3, NULL, NULL, '2025-04-01 16:00:19'),
(328, 53, '/pets/Labrador/labrador1 (3).webp', 1, 1, NULL, NULL, '2025-04-01 16:00:19'),
(329, 53, '/pets/Labrador/labrador2 (3).jpg', 0, 2, NULL, NULL, '2025-04-01 16:00:19'),
(330, 53, '/pets/Labrador/labrador3 (3).jpg', 0, 3, NULL, NULL, '2025-04-01 16:00:19'),
(331, 59, '/pets/BlackDog/bd1/bd1 (3).webp', 1, 1, NULL, NULL, '2025-04-01 16:00:19'),
(332, 59, '/pets/BlackDog/bd2/bd2 (5).jpg', 0, 2, NULL, NULL, '2025-04-01 16:00:19'),
(333, 59, '/pets/BlackDog/bd2/bd2 (6).jpg', 0, 3, NULL, NULL, '2025-04-01 16:00:19'),
(334, 1, '/pets/Poodle/Poodle1/poodle1 (2).jpg', 1, 1, NULL, NULL, '2025-04-01 16:09:36'),
(335, 1, '/pets/Poodle/Poodle2/poodle2 (1).jpg', 0, 2, NULL, NULL, '2025-04-01 16:09:36'),
(336, 1, '/pets/Poodle/Poodle3/poodle3 (1).jpg', 0, 3, NULL, NULL, '2025-04-01 16:09:36'),
(337, 5, '/pets/BlackDog/bd1/bd1 (3).webp', 1, 1, NULL, NULL, '2025-04-01 16:09:36'),
(338, 5, '/pets/BlackDog/bd2/bd2 (5).jpg', 0, 2, NULL, NULL, '2025-04-01 16:09:36'),
(339, 5, '/pets/BlackDog/bd2/bd2 (6).jpg', 0, 3, NULL, NULL, '2025-04-01 16:09:36'),
(340, 6, '/pets/Poodle/Poodle1/poodle1 (1).jpg', 1, 1, NULL, NULL, '2025-04-01 16:09:36'),
(341, 6, '/pets/Poodle/Poodle2/poodle2 (2).jpg', 0, 2, NULL, NULL, '2025-04-01 16:09:36'),
(342, 6, '/pets/Poodle/Poodle3/poodle3 (2).jpg', 0, 3, NULL, NULL, '2025-04-01 16:09:36'),
(343, 7, '/pets/Poodle/Poodle1/poodle1 (2).jpg', 1, 1, NULL, NULL, '2025-04-01 16:09:36'),
(344, 7, '/pets/Poodle/Poodle2/poodle2 (1).jpg', 0, 2, NULL, NULL, '2025-04-01 16:09:36'),
(345, 7, '/pets/Poodle/Poodle3/poodle3 (1).jpg', 0, 3, NULL, NULL, '2025-04-01 16:09:36'),
(346, 8, '/pets/BlackDog/bd1/bd1 (3).webp', 1, 1, NULL, NULL, '2025-04-01 16:09:36'),
(347, 8, '/pets/BlackDog/bd2/bd2 (5).jpg', 0, 2, NULL, NULL, '2025-04-01 16:09:36'),
(348, 8, '/pets/BlackDog/bd2/bd2 (6).jpg', 0, 3, NULL, NULL, '2025-04-01 16:09:36');

-- --------------------------------------------------------

--
-- 資料表結構 `pet_recommendation`
--

CREATE TABLE `pet_recommendation` (
  `id` int NOT NULL,
  `user_id` int NOT NULL,
  `pet_id` int NOT NULL,
  `match_score` decimal(5,2) NOT NULL,
  `created_at` timestamp NULL DEFAULT CURRENT_TIMESTAMP
) ENGINE=InnoDB DEFAULT CHARSET=utf8mb4 COLLATE=utf8mb4_0900_ai_ci;

-- --------------------------------------------------------

--
-- 資料表結構 `pet_store`
--

CREATE TABLE `pet_store` (
  `id` int NOT NULL,
  `name` varchar(255) NOT NULL,
  `address` text,
  `phone` varchar(50) DEFAULT NULL,
  `mail` text,
  `open_hours` text,
  `created_at` timestamp NULL DEFAULT NULL,
  `lat` decimal(10,6) DEFAULT NULL,
  `lng` decimal(10,6) DEFAULT NULL
) ENGINE=InnoDB DEFAULT CHARSET=utf8mb4 COLLATE=utf8mb4_0900_ai_ci;

--
-- 傾印資料表的資料 `pet_store`
--

INSERT INTO `pet_store` (`id`, `name`, `address`, `phone`, `mail`, `open_hours`, `created_at`, `lat`, `lng`) VALUES
(1, '01台南永康店', '台南市永康區南台街54巷10弄1號', '0911234567', 'petstore1@test.com.tw', '10:00~18:00', '2023-11-23 20:34:56', 23.023000, 120.223000),
(2, '02台南大東店', '台南市東區大東路229號', '0922345678', 'petstore2@test.com.tw', '10:00~18:00', '2023-11-30 23:23:11', 22.982400, 120.225400),
(3, '03台南國華店', '台南市中西區國華街二段175號', '0933456789', 'petstore3@test.com.tw', '10:00~18:00', '2023-11-14 17:45:32', 22.989600, 120.202600),
(4, '04高雄前金店', '高雄市前金區中山二路77號', '0944555666', 'petstore4@test.com.tw', '10:00~18:00', '2023-12-10 01:08:49', 22.631400, 120.301400),
(5, '05高雄美術館店', '高雄市鼓山區美術東二路99號', '0955666777', 'petstore5@test.com.tw', '10:00~18:00', '2023-11-28 04:12:05', 22.660700, 120.284800),
(6, '06台南安和店', '台南市安南區安和路一段208號', '0966777888', 'petstore6@test.com.tw', '10:00~18:00', '2023-12-04 21:57:22', 23.040100, 120.141300),
(7, '07桃園中正店', '桃園市桃園區中正路108號', '0977888999', 'petstore7@test.com.tw', '10:00~18:00', '2023-11-19 19:38:17', 24.993600, 121.301000),
(8, '08新北板橋店', '新北市板橋區文化路一段360號', '0988999000', 'petstore8@test.com.tw', '10:00~18:00', '2023-12-08 00:44:03', 25.013200, 121.456800),
(9, '09新竹光復店', '新竹市東區光復路二段101號', '0999888777', 'petstore9@test.com.tw', '10:00~18:00', '2023-11-24 22:29:58', 24.786800, 120.996700),
(10, '10基隆中正店', '基隆市中正區義一路43號', '0900123456', 'petstore10@test.com.tw', '10:00~18:00', '2023-12-02 02:15:41', 25.128600, 121.742500);

-- --------------------------------------------------------

--
-- 資料表結構 `pet_trait`
--

CREATE TABLE `pet_trait` (
  `pet_id` int NOT NULL,
  `trait_id` int NOT NULL
) ENGINE=InnoDB DEFAULT CHARSET=utf8mb4 COLLATE=utf8mb4_0900_ai_ci;

--
-- 傾印資料表的資料 `pet_trait`
--

INSERT INTO `pet_trait` (`pet_id`, `trait_id`) VALUES
(4, 1),
(15, 1),
(25, 1),
(37, 1),
(49, 1),
(61, 1),
(73, 1),
(85, 1),
(97, 1),
(6, 2),
(13, 2),
(27, 2),
(39, 2),
(51, 2),
(63, 2),
(75, 2),
(87, 2),
(99, 2),
(2, 3),
(17, 3),
(29, 3),
(41, 3),
(53, 3),
(65, 3),
(77, 3),
(89, 3),
(8, 4),
(21, 4),
(33, 4),
(45, 4),
(57, 4),
(69, 4),
(81, 4),
(93, 4),
(1, 5),
(19, 5),
(31, 5),
(43, 5),
(55, 5),
(67, 5),
(79, 5),
(91, 5),
(10, 6),
(22, 6),
(34, 6),
(46, 6),
(58, 6),
(70, 6),
(82, 6),
(94, 6),
(3, 7),
(14, 7),
(26, 7),
(38, 7),
(50, 7),
(62, 7),
(74, 7),
(86, 7),
(98, 7),
(5, 8),
(16, 8),
(28, 8),
(40, 8),
(52, 8),
(64, 8),
(76, 8),
(88, 8),
(7, 9),
(18, 9),
(30, 9),
(42, 9),
(54, 9),
(66, 9),
(78, 9),
(90, 9),
(9, 10),
(23, 10),
(35, 10),
(47, 10),
(59, 10),
(71, 10),
(83, 10),
(95, 10),
(11, 11),
(20, 11),
(32, 11),
(44, 11),
(56, 11),
(68, 11),
(80, 11),
(92, 11),
(1, 12),
(24, 12),
(36, 12),
(48, 12),
(60, 12),
(72, 12),
(84, 12),
(96, 12),
(12, 13),
(25, 13),
(37, 13),
(49, 13),
(61, 13),
(73, 13),
(85, 13),
(97, 13),
(13, 14),
(27, 14),
(39, 14),
(51, 14),
(63, 14),
(75, 14),
(87, 14),
(99, 14),
(4, 15),
(17, 15),
(29, 15),
(41, 15),
(53, 15),
(65, 15),
(77, 15),
(89, 15),
(6, 16),
(15, 16),
(31, 16),
(43, 16),
(55, 16),
(67, 16),
(79, 16),
(91, 16),
(8, 17),
(19, 17),
(33, 17),
(45, 17),
(57, 17),
(69, 17),
(81, 17),
(93, 17),
(10, 18),
(21, 18),
(34, 18),
(46, 18),
(58, 18),
(70, 18),
(82, 18),
(94, 18),
(2, 19),
(14, 19),
(26, 19),
(38, 19),
(50, 19),
(62, 19),
(74, 19),
(86, 19),
(98, 19),
(5, 20),
(18, 20),
(28, 20),
(40, 20),
(52, 20),
(64, 20),
(76, 20),
(88, 20),
(11, 21),
(22, 21),
(30, 21),
(42, 21),
(54, 21),
(66, 21),
(78, 21),
(90, 21),
(3, 22),
(16, 22),
(32, 22),
(44, 22),
(56, 22),
(68, 22),
(80, 22),
(92, 22),
(7, 23),
(20, 23),
(35, 23),
(47, 23),
(59, 23),
(71, 23),
(83, 23),
(95, 23),
(9, 24),
(23, 24),
(36, 24),
(48, 24),
(60, 24),
(72, 24),
(84, 24),
(96, 24),
(10, 25),
(24, 25),
(45, 25),
(61, 25),
(12, 26),
(21, 26),
(33, 26),
(49, 26),
(69, 26),
(8, 27),
(16, 27),
(25, 27),
(34, 27),
(42, 27),
(53, 27),
(63, 27),
(72, 27),
(80, 27),
(88, 27),
(95, 27),
(1, 28),
(18, 28),
(27, 28),
(37, 28),
(46, 28),
(57, 28),
(66, 28),
(77, 28),
(85, 28),
(92, 28),
(4, 29),
(13, 29),
(22, 29),
(29, 29),
(38, 29),
(47, 29),
(55, 29),
(64, 29),
(73, 29),
(81, 29),
(90, 29),
(96, 29),
(6, 30),
(14, 30),
(23, 30),
(31, 30),
(39, 30),
(50, 30),
(58, 30),
(70, 30),
(78, 30),
(86, 30),
(93, 30),
(2, 31),
(9, 31),
(17, 31),
(26, 31),
(35, 31),
(43, 31),
(51, 31),
(59, 31),
(67, 31),
(75, 31),
(84, 31),
(89, 31),
(98, 31),
(7, 32),
(15, 32),
(24, 32),
(32, 32),
(40, 32),
(48, 32),
(56, 32),
(65, 32),
(74, 32),
(82, 32),
(97, 32),
(5, 33),
(11, 33),
(19, 33),
(28, 33),
(36, 33),
(44, 33),
(54, 33),
(62, 33),
(71, 33),
(79, 33),
(87, 33),
(94, 33),
(3, 34),
(12, 34),
(20, 34),
(30, 34),
(41, 34),
(52, 34),
(60, 34),
(68, 34),
(76, 34),
(83, 34),
(91, 34),
(99, 34);

-- --------------------------------------------------------

--
-- 資料表結構 `pet_trait_list`
--

CREATE TABLE `pet_trait_list` (
  `id` int NOT NULL,
  `trait_tag` varchar(50) NOT NULL,
  `description` text
) ENGINE=InnoDB DEFAULT CHARSET=utf8mb4 COLLATE=utf8mb4_0900_ai_ci;

--
-- 傾印資料表的資料 `pet_trait_list`
--

INSERT INTO `pet_trait_list` (`id`, `trait_tag`, `description`) VALUES
(1, '活蹦亂跳', '精力充沛，喜歡玩耍'),
(2, '溫柔似水', '性格溫和，容易親近'),
(3, '獨來獨往', '喜歡獨處，不愛群居'),
(4, '黏人精', '離不開主人，渴望關注'),
(5, '膽小如鼠', '容易緊張害怕'),
(6, '勇敢無畏', '不怕生，愛冒險'),
(7, '聰明伶俐', '學習能力強，聰明過人'),
(8, '固執己見', '很有主見，不易改變'),
(9, '親和力強', '喜歡與人互動'),
(10, '社交達人', '喜歡結交新朋友'),
(11, '怕生害羞', '對陌生人警覺'),
(12, '忠心耿耿', '對主人忠誠'),
(13, '戶外派', '喜歡戶外活動'),
(14, '宅在家', '喜歡待在家裡'),
(15, '需要空間', '需要寬敞的活動空間'),
(16, '適應力強', '適應環境能力強'),
(17, '耐熱', '不怕熱'),
(18, '怕冷', '怕冷'),
(19, '愛乾淨', '很愛乾淨'),
(20, '大胃王', '食量很大'),
(21, '挑食鬼', '挑食，只吃愛吃的'),
(22, '玩具控', '超愛玩玩具'),
(23, '瞌睡蟲', '喜歡睡覺'),
(24, '散步狂', '喜歡散步'),
(25, '愛撒嬌', '喜歡撒嬌'),
(26, '捕獵者', '喜歡抓東西玩'),
(27, '跳躍高手', '喜歡跳來跳去'),
(28, '毛髮豐厚', '毛髮濃密'),
(29, '毛髮稀疏', '毛髮稀少'),
(30, '掉毛大王', '常常掉毛'),
(31, '超聰明', '學習新指令很快'),
(32, '探險家', '喜歡探索新事物'),
(33, '社交達人', '社交能力極佳'),
(34, '獨行俠', '喜歡獨自行動');

-- --------------------------------------------------------

--
-- 資料表結構 `posts`
--

CREATE TABLE `posts` (
  `id` int NOT NULL,
  `title` varchar(255) CHARACTER SET utf8mb4 COLLATE utf8mb4_general_ci NOT NULL,
  `body` text CHARACTER SET utf8mb4 COLLATE utf8mb4_general_ci NOT NULL,
  `user_id` int NOT NULL,
  `status` enum('已發佈','被檢舉','已刪除') CHARACTER SET utf8mb4 COLLATE utf8mb4_general_ci NOT NULL DEFAULT '已發佈',
  `likes_count` int DEFAULT '0',
  `bookmark_count` int DEFAULT '0',
  `is_pinned` tinyint(1) DEFAULT '0',
  `created_at` timestamp NULL DEFAULT CURRENT_TIMESTAMP,
  `updated_at` timestamp NULL DEFAULT CURRENT_TIMESTAMP ON UPDATE CURRENT_TIMESTAMP
) ENGINE=InnoDB DEFAULT CHARSET=utf8mb4 COLLATE=utf8mb4_general_ci;

--
-- 傾印資料表的資料 `posts`
--

INSERT INTO `posts` (`id`, `title`, `body`, `user_id`, `status`, `likes_count`, `bookmark_count`, `is_pinned`, `created_at`, `updated_at`) VALUES
(1, '我的寵物日記 1', '今天和我的寵物一起出去玩，牠真的很可愛！', 3, '已發佈', 47, 7, 0, '2025-01-15 17:28:48', '2025-01-15 17:28:48'),
(2, '我的寵物日記 2', '今天和我的寵物一起出去玩，牠真的很可愛！', 15, '已發佈', 29, 15, 0, '2025-01-15 17:28:48', '2025-01-15 17:28:48'),
(3, '我的寵物日記 3', '今天和我的寵物一起出去玩，牠真的很可愛！', 5, '已發佈', 42, 18, 0, '2025-01-15 17:28:48', '2025-01-15 17:28:48'),
(4, '我的寵物日記 4', '今天和我的寵物一起出去玩，牠真的很可愛！', 15, '已發佈', 11, 4, 0, '2025-01-15 17:28:48', '2025-01-15 17:28:48'),
(5, '我的寵物日記 5', '今天和我的寵物一起出去玩，牠真的很可愛！', 11, '已發佈', 32, 19, 0, '2025-01-15 17:28:48', '2025-01-15 17:28:48'),
(6, '我的寵物日記 6', '今天和我的寵物一起出去玩，牠真的很可愛！', 18, '已發佈', 43, 9, 0, '2025-01-15 17:28:48', '2025-01-15 17:28:48'),
(7, '我的寵物日記 7', '今天和我的寵物一起出去玩，牠真的很可愛！', 5, '已發佈', 35, 12, 0, '2025-01-15 17:28:48', '2025-01-15 17:28:48'),
(8, '我的寵物日記 8', '今天和我的寵物一起出去玩，牠真的很可愛！', 16, '已發佈', 2, 17, 0, '2025-01-15 17:28:48', '2025-01-15 17:28:48'),
(10, '我的寵物日記 10', '今天和我的寵物一起出去玩，牠真的很可愛！', 18, '已發佈', 49, 8, 0, '2025-01-15 17:28:48', '2025-01-15 17:28:48'),
(11, '我的寵物日記 11', '今天和我的寵物一起出去玩，牠真的很可愛！', 16, '已發佈', 23, 12, 0, '2025-01-15 17:28:48', '2025-01-15 17:28:48'),
(12, '我的寵物日記 12', '今天和我的寵物一起出去玩，牠真的很可愛！', 10, '已發佈', 10, 4, 0, '2025-01-15 17:28:48', '2025-01-15 17:28:48'),
(13, '我的寵物日記 13', '今天和我的寵物一起出去玩，牠真的很可愛！', 13, '已發佈', 50, 9, 0, '2025-01-15 17:28:48', '2025-01-15 17:28:48'),
(14, '我的寵物日記 14', '今天和我的寵物一起出去玩，牠真的很可愛！', 14, '已發佈', 44, 11, 0, '2025-01-15 17:28:48', '2025-01-15 17:28:48'),
(15, '我的寵物日記 15', '今天和我的寵物一起出去玩，牠真的很可愛！', 2, '已發佈', 15, 9, 0, '2025-01-15 17:28:48', '2025-01-15 17:28:48'),
(16, '我的寵物日記 16', '今天和我的寵物一起出去玩，牠真的很可愛！', 13, '已發佈', 24, 19, 0, '2025-01-15 17:28:48', '2025-01-15 17:28:48'),
(17, '我的寵物日記 17', '今天和我的寵物一起出去玩，牠真的很可愛！', 2, '已發佈', 30, 18, 0, '2025-01-15 17:28:48', '2025-01-15 17:28:48'),
(18, '我的寵物日記 18', '今天和我的寵物一起出去玩，牠真的很可愛！', 8, '已發佈', 21, 1, 0, '2025-01-15 17:28:48', '2025-01-15 17:28:48'),
(19, '我的寵物日記 19', '今天和我的寵物一起出去玩，牠真的很可愛！', 18, '已發佈', 21, 15, 0, '2025-01-15 17:28:48', '2025-01-15 17:28:48'),
(20, '我的寵物日記 20', '今天和我的寵物一起出去玩，牠真的很可愛！', 19, '已發佈', 20, 6, 0, '2025-01-15 17:28:48', '2025-01-15 17:28:48'),
(21, '我的寵物日記 21', '今天和我的寵物一起出去玩，牠真的很可愛！', 2, '已發佈', 24, 17, 0, '2025-01-15 17:28:48', '2025-01-15 17:28:48'),
(22, '我的寵物日記 22', '今天和我的寵物一起出去玩，牠真的很可愛！', 10, '已發佈', 0, 11, 0, '2025-01-15 17:28:48', '2025-01-15 17:28:48'),
(23, '我的寵物日記 23', '今天和我的寵物一起出去玩，牠真的很可愛！', 18, '已發佈', 43, 15, 0, '2025-01-15 17:28:48', '2025-01-15 17:28:48'),
(24, '我的寵物日記 24', '今天和我的寵物一起出去玩，牠真的很可愛！', 13, '已發佈', 33, 10, 0, '2025-01-15 17:28:48', '2025-01-15 17:28:48'),
(25, '我的寵物日記 25', '今天和我的寵物一起出去玩，牠真的很可愛！', 17, '已發佈', 32, 0, 0, '2025-01-15 17:28:48', '2025-01-15 17:28:48'),
(26, '我的寵物日記 26', '今天和我的寵物一起出去玩，牠真的很可愛！', 11, '已發佈', 22, 0, 0, '2025-01-15 17:28:48', '2025-01-15 17:28:48'),
(27, '我的寵物日記 27', '今天和我的寵物一起出去玩，牠真的很可愛！', 5, '已發佈', 26, 16, 0, '2025-01-15 17:28:48', '2025-01-15 17:28:48'),
(28, '我的寵物日記 28', '今天和我的寵物一起出去玩，牠真的很可愛！', 6, '已發佈', 17, 8, 0, '2025-01-15 17:28:48', '2025-01-15 17:28:48'),
(29, '我的寵物日記 29', '今天和我的寵物一起出去玩，牠真的很可愛！', 11, '已發佈', 8, 13, 0, '2025-01-15 17:28:48', '2025-01-15 17:28:48'),
(30, '我的寵物日記 30', '今天和我的寵物一起出去玩，牠真的很可愛！', 9, '已發佈', 32, 16, 0, '2025-01-15 17:28:48', '2025-01-15 17:28:48'),
(31, '我的寵物日記 31', '今天和我的寵物一起出去玩，牠真的很可愛！', 3, '已發佈', 23, 3, 0, '2025-01-15 17:28:48', '2025-01-15 17:28:48'),
(32, '我的寵物日記 32', '今天和我的寵物一起出去玩，牠真的很可愛！', 6, '已發佈', 22, 11, 0, '2025-01-15 17:28:48', '2025-01-15 17:28:48'),
(33, '我的寵物日記 33', '今天和我的寵物一起出去玩，牠真的很可愛！', 2, '已發佈', 0, 8, 0, '2025-01-15 17:28:48', '2025-01-15 17:28:48'),
(34, '我的寵物日記 34', '今天和我的寵物一起出去玩，牠真的很可愛！', 8, '已發佈', 39, 18, 0, '2025-01-15 17:28:48', '2025-01-15 17:28:48'),
(35, '我的寵物日記 35', '今天和我的寵物一起出去玩，牠真的很可愛！', 14, '已發佈', 4, 20, 0, '2025-01-15 17:28:48', '2025-01-15 17:28:48'),
(36, '我的寵物日記 36', '今天和我的寵物一起出去玩，牠真的很可愛！', 18, '已發佈', 47, 0, 0, '2025-01-15 17:28:48', '2025-01-15 17:28:48'),
(37, '我的寵物日記 37', '今天和我的寵物一起出去玩，牠真的很可愛！', 4, '已發佈', 43, 14, 0, '2025-01-15 17:28:48', '2025-01-15 17:28:48'),
(38, '我的寵物日記 38', '今天和我的寵物一起出去玩，牠真的很可愛！', 3, '已發佈', 0, 13, 0, '2025-01-15 17:28:48', '2025-01-15 17:28:48'),
(39, '我的寵物日記 39', '今天和我的寵物一起出去玩，牠真的很可愛！', 5, '已發佈', 13, 0, 0, '2025-01-15 17:28:48', '2025-01-15 17:28:48'),
(40, '我的寵物日記 40', '今天和我的寵物一起出去玩，牠真的很可愛！', 13, '已發佈', 1, 0, 0, '2025-01-15 17:28:48', '2025-01-15 17:28:48'),
(41, '我的寵物日記 41', '今天和我的寵物一起出去玩，牠真的很可愛！', 4, '已發佈', 5, 19, 0, '2025-01-15 17:28:48', '2025-01-15 17:28:48'),
(42, '我的寵物日記 42', '今天和我的寵物一起出去玩，牠真的很可愛！', 10, '已發佈', 27, 14, 0, '2025-01-15 17:28:48', '2025-01-15 17:28:48'),
(43, '我的寵物日記 43', '今天和我的寵物一起出去玩，牠真的很可愛！', 18, '已發佈', 35, 8, 0, '2025-01-15 17:28:48', '2025-01-15 17:28:48'),
(44, '我的寵物日記 44', '今天和我的寵物一起出去玩，牠真的很可愛！', 14, '已發佈', 42, 15, 0, '2025-01-15 17:28:48', '2025-01-15 17:28:48'),
(45, '我的寵物日記 45', '今天和我的寵物一起出去玩，牠真的很可愛！', 10, '已發佈', 38, 20, 0, '2025-01-15 17:28:48', '2025-01-15 17:28:48'),
(46, '我的寵物日記 46', '今天和我的寵物一起出去玩，牠真的很可愛！', 12, '已發佈', 48, 13, 0, '2025-01-15 17:28:48', '2025-01-15 17:28:48'),
(47, '我的寵物日記 47', '今天和我的寵物一起出去玩，牠真的很可愛！', 3, '已發佈', 1, 14, 0, '2025-01-15 17:28:48', '2025-01-15 17:28:48'),
(49, '我的寵物日記 49', '今天和我的寵物一起出去玩，牠真的很可愛！', 18, '已發佈', 20, 13, 0, '2025-01-15 17:28:48', '2025-01-15 17:28:48'),
(50, '我的寵物日記 50', '今天和我的寵物一起出去玩，牠真的很可愛！', 15, '已發佈', 14, 4, 0, '2025-01-15 17:28:48', '2025-01-15 17:28:48'),
(53, '我的寵物日記 53', '今天和我的寵物一起出去玩，牠真的很可愛！', 5, '已發佈', 6, 1, 0, '2025-01-15 17:28:48', '2025-01-15 17:28:48'),
(54, '我的寵物日記 54', '今天和我的寵物一起出去玩，牠真的很可愛！', 2, '已發佈', 43, 14, 0, '2025-01-15 17:28:48', '2025-01-15 17:28:48'),
(55, '我的寵物日記 55', '今天和我的寵物一起出去玩，牠真的很可愛！', 19, '已發佈', 18, 20, 0, '2025-01-15 17:28:48', '2025-01-15 17:28:48'),
(56, '我的寵物日記 56', '今天和我的寵物一起出去玩，牠真的很可愛！', 10, '已發佈', 22, 16, 0, '2025-01-15 17:28:48', '2025-01-15 17:28:48'),
(57, '我的寵物日記 57', '今天和我的寵物一起出去玩，牠真的很可愛！', 14, '已發佈', 9, 18, 0, '2025-01-15 17:28:48', '2025-01-15 17:28:48'),
(58, '我的寵物日記 58', '今天和我的寵物一起出去玩，牠真的很可愛！', 2, '已發佈', 3, 17, 0, '2025-01-15 17:28:48', '2025-01-15 17:28:48'),
(59, '我的寵物日記 59', '今天和我的寵物一起出去玩，牠真的很可愛！', 13, '已發佈', 23, 9, 0, '2025-01-15 17:28:48', '2025-01-15 17:28:48'),
(60, '我的寵物日記 60', '今天和我的寵物一起出去玩，牠真的很可愛！', 11, '已發佈', 26, 10, 0, '2025-01-15 17:28:48', '2025-01-15 17:28:48'),
(61, '我的寵物日記 61', '今天和我的寵物一起出去玩，牠真的很可愛！', 17, '已發佈', 34, 10, 0, '2025-01-15 17:28:48', '2025-01-15 17:28:48'),
(62, '我的寵物日記 62', '今天和我的寵物一起出去玩，牠真的很可愛！', 1, '已發佈', 17, 20, 0, '2025-01-15 17:28:48', '2025-01-15 17:28:48'),
(63, '我的寵物日記 63', '今天和我的寵物一起出去玩，牠真的很可愛！', 10, '已發佈', 8, 10, 0, '2025-01-15 17:28:48', '2025-01-15 17:28:48'),
(65, '我的寵物日記 65', '今天和我的寵物一起出去玩，牠真的很可愛！', 1, '已發佈', 3, 16, 0, '2025-01-15 17:28:48', '2025-01-15 17:28:48'),
(66, '我的寵物日記 66', '今天和我的寵物一起出去玩，牠真的很可愛！', 9, '已發佈', 33, 0, 0, '2025-01-15 17:28:48', '2025-01-15 17:28:48'),
(67, '我的寵物日記 67', '今天和我的寵物一起出去玩，牠真的很可愛！', 7, '已發佈', 11, 5, 0, '2025-01-15 17:28:48', '2025-01-15 17:28:48'),
(70, '我的寵物日記 70', '今天和我的寵物一起出去玩，牠真的很可愛！', 1, '已發佈', 48, 8, 0, '2025-01-15 17:28:48', '2025-01-15 17:28:48'),
(71, '我的寵物日記 71', '今天和我的寵物一起出去玩，牠真的很可愛！', 1, '已發佈', 9, 3, 0, '2025-01-15 17:28:48', '2025-01-15 17:28:48'),
(72, '我的寵物日記 72', '今天和我的寵物一起出去玩，牠真的很可愛！', 7, '已發佈', 42, 7, 0, '2025-01-15 17:28:48', '2025-01-15 17:28:48'),
(74, '我的寵物日記 74', '今天和我的寵物一起出去玩，牠真的很可愛！', 14, '已發佈', 49, 3, 0, '2025-01-15 17:28:48', '2025-01-15 17:28:48'),
(75, '我的寵物日記 75', '今天和我的寵物一起出去玩，牠真的很可愛！', 6, '已發佈', 24, 1, 0, '2025-01-15 17:28:48', '2025-01-15 17:28:48'),
(76, '我的寵物日記 76', '今天和我的寵物一起出去玩，牠真的很可愛！', 16, '已發佈', 48, 17, 0, '2025-01-15 17:28:48', '2025-01-15 17:28:48'),
(77, '我的寵物日記 77', '今天和我的寵物一起出去玩，牠真的很可愛！', 7, '已發佈', 37, 15, 0, '2025-01-15 17:28:48', '2025-01-15 17:28:48'),
(78, '我的寵物日記 78', '今天和我的寵物一起出去玩，牠真的很可愛！', 10, '已發佈', 27, 20, 0, '2025-01-15 17:28:48', '2025-01-15 17:28:48'),
(79, '我的寵物日記 79', '今天和我的寵物一起出去玩，牠真的很可愛！', 14, '已發佈', 17, 5, 0, '2025-01-15 17:28:48', '2025-01-15 17:28:48'),
(80, '我的寵物日記 80', '今天和我的寵物一起出去玩，牠真的很可愛！', 14, '已發佈', 13, 14, 0, '2025-01-15 17:28:48', '2025-01-15 17:28:48'),
(81, '我的寵物日記 81', '今天和我的寵物一起出去玩，牠真的很可愛！', 7, '已發佈', 8, 15, 0, '2025-01-15 17:28:48', '2025-01-15 17:28:48'),
(82, '我的寵物日記 82', '今天和我的寵物一起出去玩，牠真的很可愛！', 6, '已發佈', 12, 9, 0, '2025-01-15 17:28:48', '2025-01-15 17:28:48'),
(83, '我的寵物日記 83', '今天和我的寵物一起出去玩，牠真的很可愛！', 19, '已發佈', 25, 0, 0, '2025-01-15 17:28:48', '2025-01-15 17:28:48'),
(84, '我的寵物日記 84', '今天和我的寵物一起出去玩，牠真的很可愛！', 8, '已發佈', 25, 14, 0, '2025-01-15 17:28:48', '2025-01-15 17:28:48'),
(85, '我的寵物日記 85', '今天和我的寵物一起出去玩，牠真的很可愛！', 16, '已發佈', 32, 3, 0, '2025-01-15 17:28:48', '2025-01-15 17:28:48'),
(86, '我的寵物日記 86', '今天和我的寵物一起出去玩，牠真的很可愛！', 1, '已發佈', 29, 12, 0, '2025-01-15 17:28:48', '2025-01-15 17:28:48'),
(87, '我的寵物日記 87', '今天和我的寵物一起出去玩，牠真的很可愛！', 10, '已發佈', 2, 15, 0, '2025-01-15 17:28:48', '2025-01-15 17:28:48'),
(88, '我的寵物日記 88', '今天和我的寵物一起出去玩，牠真的很可愛！', 3, '已發佈', 47, 9, 0, '2025-01-15 17:28:48', '2025-01-15 17:28:48'),
(89, '我的寵物日記 89', '今天和我的寵物一起出去玩，牠真的很可愛！', 13, '已發佈', 36, 4, 0, '2025-01-15 17:28:48', '2025-01-15 17:28:48'),
(90, '我的寵物日記 90', '今天和我的寵物一起出去玩，牠真的很可愛！', 1, '已發佈', 40, 0, 0, '2025-01-15 17:28:48', '2025-01-15 17:28:48'),
(91, '我的寵物日記 91', '今天和我的寵物一起出去玩，牠真的很可愛！', 16, '已發佈', 13, 7, 0, '2025-01-15 17:28:48', '2025-01-15 17:28:48'),
(92, '我的寵物日記 92', '今天和我的寵物一起出去玩，牠真的很可愛！', 13, '已發佈', 6, 18, 0, '2025-01-15 17:28:48', '2025-01-15 17:28:48'),
(93, '我的寵物日記 93', '今天和我的寵物一起出去玩，牠真的很可愛！', 16, '已發佈', 31, 19, 0, '2025-01-15 17:28:48', '2025-01-15 17:28:48'),
(94, '我的寵物日記 94', '今天和我的寵物一起出去玩，牠真的很可愛！', 12, '已發佈', 30, 19, 0, '2025-01-15 17:28:48', '2025-01-15 17:28:48'),
(96, '我的寵物日記 96', '今天和我的寵物一起出去玩，牠真的很可愛！', 2, '已發佈', 27, 7, 0, '2025-01-15 17:28:48', '2025-01-15 17:28:48'),
(97, '我的寵物日記 97', '今天和我的寵物一起出去玩，牠真的很可愛！', 3, '已發佈', 42, 6, 0, '2025-01-15 17:28:48', '2025-01-15 17:28:48'),
(98, '我的寵物日記 98', '今天和我的寵物一起出去玩，牠真的很可愛！', 18, '已發佈', 9, 10, 0, '2025-01-15 17:28:48', '2025-01-15 17:28:48'),
(99, '我的寵物日記 99', '今天和我的寵物一起出去玩，牠真的很可愛！', 14, '已發佈', 12, 16, 0, '2025-01-15 17:28:48', '2025-01-15 17:28:48'),
(100, '我的寵物日記 100', '今天和我的寵物一起出去玩，牠真的很可愛！', 12, '已發佈', 42, 19, 0, '2025-01-15 17:28:48', '2025-01-15 17:28:48'),
(101, '我的寵物日記 101', '今天和我的寵物一起出去玩，牠真的很可愛！', 19, '已發佈', 39, 13, 0, '2025-01-15 17:28:48', '2025-01-15 17:28:48'),
(102, '我的寵物日記 102', '今天和我的寵物一起出去玩，牠真的很可愛！', 14, '已發佈', 36, 4, 0, '2025-01-15 17:28:48', '2025-01-15 17:28:48'),
(103, '我的寵物日記 103', '今天和我的寵物一起出去玩，牠真的很可愛！', 13, '已發佈', 8, 6, 0, '2025-01-15 17:28:48', '2025-01-15 17:28:48'),
(104, '我的寵物日記 104', '今天和我的寵物一起出去玩，牠真的很可愛！', 7, '已發佈', 2, 4, 0, '2025-01-15 17:28:48', '2025-01-15 17:28:48'),
(105, '我的寵物日記 105', '今天和我的寵物一起出去玩，牠真的很可愛！', 19, '已發佈', 33, 7, 0, '2025-01-15 17:28:48', '2025-01-15 17:28:48'),
(107, '我的寵物日記 107', '今天和我的寵物一起出去玩，牠真的很可愛！', 14, '已發佈', 42, 11, 0, '2025-01-15 17:28:48', '2025-01-15 17:28:48'),
(108, '我的寵物日記 108', '今天和我的寵物一起出去玩，牠真的很可愛！', 5, '已發佈', 27, 9, 0, '2025-01-15 17:28:48', '2025-01-15 17:28:48'),
(109, '我的寵物日記 109', '今天和我的寵物一起出去玩，牠真的很可愛！', 16, '已發佈', 2, 3, 0, '2025-01-15 17:28:48', '2025-01-15 17:28:48'),
(110, '我的寵物日記 110', '今天和我的寵物一起出去玩，牠真的很可愛！', 11, '已發佈', 4, 16, 0, '2025-01-15 17:28:48', '2025-01-15 17:28:48'),
(111, '我的寵物日記 111', '今天和我的寵物一起出去玩，牠真的很可愛！', 12, '已發佈', 7, 5, 0, '2025-01-15 17:28:48', '2025-01-15 17:28:48'),
(112, '我的寵物日記 112', '今天和我的寵物一起出去玩，牠真的很可愛！', 15, '已發佈', 38, 1, 0, '2025-01-15 17:28:48', '2025-01-15 17:28:48'),
(113, '我的寵物日記 113', '今天和我的寵物一起出去玩，牠真的很可愛！', 15, '已發佈', 42, 4, 0, '2025-01-15 17:28:48', '2025-01-15 17:28:48'),
(114, '我的寵物日記 114', '今天和我的寵物一起出去玩，牠真的很可愛！', 17, '已發佈', 44, 13, 0, '2025-01-15 17:28:48', '2025-01-15 17:28:48'),
(115, '我的寵物日記 115', '今天和我的寵物一起出去玩，牠真的很可愛！', 9, '已發佈', 44, 0, 0, '2025-01-15 17:28:48', '2025-01-15 17:28:48'),
(116, '我的寵物日記 116', '今天和我的寵物一起出去玩，牠真的很可愛！', 17, '已發佈', 42, 1, 0, '2025-01-15 17:28:48', '2025-01-15 17:28:48'),
(117, '我的寵物日記 117', '今天和我的寵物一起出去玩，牠真的很可愛！', 19, '已發佈', 11, 5, 0, '2025-01-15 17:28:48', '2025-01-15 17:28:48'),
(118, '我的寵物日記 118', '今天和我的寵物一起出去玩，牠真的很可愛！', 11, '已發佈', 12, 9, 0, '2025-01-15 17:28:48', '2025-01-15 17:28:48'),
(119, '我的寵物日記 119', '今天和我的寵物一起出去玩，牠真的很可愛！', 12, '已發佈', 1, 4, 0, '2025-01-15 17:28:48', '2025-01-15 17:28:48'),
(120, '我的寵物日記 120', '今天和我的寵物一起出去玩，牠真的很可愛！', 14, '已發佈', 35, 16, 0, '2025-01-15 17:28:48', '2025-01-15 17:28:48'),
(121, '我的寵物日記 121', '今天和我的寵物一起出去玩，牠真的很可愛！', 13, '已發佈', 2, 9, 0, '2025-01-15 17:28:48', '2025-01-15 17:28:48'),
(122, '我的寵物日記 122', '今天和我的寵物一起出去玩，牠真的很可愛！', 3, '已發佈', 43, 19, 0, '2025-01-15 17:28:48', '2025-01-15 17:28:48'),
(123, '我的寵物日記 123', '今天和我的寵物一起出去玩，牠真的很可愛！', 4, '已發佈', 3, 3, 0, '2025-01-15 17:28:48', '2025-01-15 17:28:48'),
(124, '我的寵物日記 124', '今天和我的寵物一起出去玩，牠真的很可愛！', 12, '已發佈', 11, 13, 0, '2025-01-15 17:28:48', '2025-01-15 17:28:48'),
(125, '我的寵物日記 125', '今天和我的寵物一起出去玩，牠真的很可愛！', 8, '已發佈', 14, 10, 0, '2025-01-15 17:28:48', '2025-01-15 17:28:48'),
(126, '我的寵物日記 126', '今天和我的寵物一起出去玩，牠真的很可愛！', 6, '已發佈', 32, 7, 0, '2025-01-15 17:28:48', '2025-01-15 17:28:48'),
(127, '我的寵物日記 127', '今天和我的寵物一起出去玩，牠真的很可愛！', 13, '已發佈', 34, 3, 0, '2025-01-15 17:28:48', '2025-01-15 17:28:48'),
(128, '我的寵物日記 128', '今天和我的寵物一起出去玩，牠真的很可愛！', 9, '已發佈', 24, 10, 0, '2025-01-15 17:28:48', '2025-01-15 17:28:48'),
(129, '我的寵物日記 129', '今天和我的寵物一起出去玩，牠真的很可愛！', 12, '已發佈', 42, 9, 0, '2025-01-15 17:28:48', '2025-01-15 17:28:48'),
(130, '我的寵物日記 130', '今天和我的寵物一起出去玩，牠真的很可愛！', 9, '已發佈', 38, 17, 0, '2025-01-15 17:28:48', '2025-01-15 17:28:48'),
(131, '我的寵物日記 131', '今天和我的寵物一起出去玩，牠真的很可愛！', 1, '已發佈', 9, 8, 0, '2025-01-15 17:28:48', '2025-01-15 17:28:48'),
(133, '我的寵物日記 133', '今天和我的寵物一起出去玩，牠真的很可愛！', 3, '已發佈', 16, 14, 0, '2025-01-15 17:28:48', '2025-01-15 17:28:48'),
(134, '我的寵物日記 134', '今天和我的寵物一起出去玩，牠真的很可愛！', 6, '已發佈', 31, 19, 0, '2025-01-15 17:28:48', '2025-01-15 17:28:48'),
(135, '我的寵物日記 135', '今天和我的寵物一起出去玩，牠真的很可愛！', 9, '已發佈', 8, 8, 0, '2025-01-15 17:28:48', '2025-01-15 17:28:48'),
(136, '我的寵物日記 136', '今天和我的寵物一起出去玩，牠真的很可愛！', 1, '已發佈', 44, 19, 0, '2025-01-15 17:28:48', '2025-01-15 17:28:48'),
(137, '我的寵物日記 137', '今天和我的寵物一起出去玩，牠真的很可愛！', 15, '已發佈', 37, 0, 0, '2025-01-15 17:28:48', '2025-01-15 17:28:48'),
(138, '我的寵物日記 138', '今天和我的寵物一起出去玩，牠真的很可愛！', 6, '已發佈', 2, 12, 0, '2025-01-15 17:28:48', '2025-01-15 17:28:48'),
(139, '我的寵物日記 139', '今天和我的寵物一起出去玩，牠真的很可愛！', 5, '已發佈', 0, 3, 0, '2025-01-15 17:28:48', '2025-01-15 17:28:48'),
(140, '我的寵物日記 140', '今天和我的寵物一起出去玩，牠真的很可愛！', 18, '已發佈', 27, 7, 0, '2025-01-15 17:28:48', '2025-01-15 17:28:48'),
(141, '我的寵物日記 141', '今天和我的寵物一起出去玩，牠真的很可愛！', 7, '已發佈', 36, 14, 0, '2025-01-15 17:28:48', '2025-01-15 17:28:48'),
(142, '我的寵物日記 142', '今天和我的寵物一起出去玩，牠真的很可愛！', 12, '已發佈', 49, 20, 0, '2025-01-15 17:28:48', '2025-01-15 17:28:48'),
(143, '我的寵物日記 143', '今天和我的寵物一起出去玩，牠真的很可愛！', 15, '已發佈', 40, 4, 0, '2025-01-15 17:28:48', '2025-01-15 17:28:48'),
(144, '我的寵物日記 144', '今天和我的寵物一起出去玩，牠真的很可愛！', 5, '已發佈', 37, 14, 0, '2025-01-15 17:28:48', '2025-01-15 17:28:48'),
(145, '我的寵物日記 145', '今天和我的寵物一起出去玩，牠真的很可愛！', 1, '已發佈', 2, 0, 0, '2025-01-15 17:28:48', '2025-01-15 17:28:48'),
(146, '我的寵物日記 146', '今天和我的寵物一起出去玩，牠真的很可愛！', 6, '已發佈', 35, 3, 0, '2025-01-15 17:28:48', '2025-01-15 17:28:48'),
(147, '我的寵物日記 147', '今天和我的寵物一起出去玩，牠真的很可愛！', 12, '已發佈', 34, 12, 0, '2025-01-15 17:28:48', '2025-01-15 17:28:48'),
(148, '我的寵物日記 148', '今天和我的寵物一起出去玩，牠真的很可愛！', 5, '已發佈', 30, 13, 0, '2025-01-15 17:28:48', '2025-01-15 17:28:48'),
(149, '我的寵物日記 149', '今天和我的寵物一起出去玩，牠真的很可愛！', 16, '已發佈', 30, 10, 0, '2025-01-15 17:28:48', '2025-01-15 17:28:48'),
(150, '我的寵物日記 150', '今天和我的寵物一起出去玩，牠真的很可愛！', 17, '已發佈', 9, 13, 0, '2025-01-15 17:28:48', '2025-01-15 17:28:48'),
(151, '我的寵物日記 151', '今天和我的寵物一起出去玩，牠真的很可愛！', 5, '已發佈', 25, 11, 0, '2025-01-15 17:28:48', '2025-01-15 17:28:48'),
(152, '我的寵物日記 152', '今天和我的寵物一起出去玩，牠真的很可愛！', 3, '已發佈', 28, 5, 0, '2025-01-15 17:28:48', '2025-01-15 17:28:48'),
(153, '我的寵物日記 153', '今天和我的寵物一起出去玩，牠真的很可愛！', 12, '已發佈', 26, 14, 0, '2025-01-15 17:28:48', '2025-01-15 17:28:48'),
(154, '我的寵物日記 154', '今天和我的寵物一起出去玩，牠真的很可愛！', 1, '已發佈', 36, 13, 0, '2025-01-15 17:28:48', '2025-01-15 17:28:48'),
(155, '我的寵物日記 155', '今天和我的寵物一起出去玩，牠真的很可愛！', 3, '已發佈', 26, 1, 0, '2025-01-15 17:28:48', '2025-01-15 17:28:48'),
(156, '我的寵物日記 156', '今天和我的寵物一起出去玩，牠真的很可愛！', 11, '已發佈', 23, 14, 0, '2025-01-15 17:28:48', '2025-01-15 17:28:48'),
(157, '我的寵物日記 157', '今天和我的寵物一起出去玩，牠真的很可愛！', 13, '已發佈', 44, 17, 0, '2025-01-15 17:28:48', '2025-01-15 17:28:48'),
(158, '我的寵物日記 158', '今天和我的寵物一起出去玩，牠真的很可愛！', 7, '已發佈', 0, 20, 0, '2025-01-15 17:28:48', '2025-01-15 17:28:48'),
(159, '我的寵物日記 159', '今天和我的寵物一起出去玩，牠真的很可愛！', 6, '已發佈', 38, 7, 0, '2025-01-15 17:28:48', '2025-01-15 17:28:48'),
(160, '我的寵物日記 160', '今天和我的寵物一起出去玩，牠真的很可愛！', 19, '已發佈', 48, 15, 0, '2025-01-15 17:28:48', '2025-01-15 17:28:48'),
(161, '我的寵物日記 161', '今天和我的寵物一起出去玩，牠真的很可愛！', 4, '已發佈', 13, 2, 0, '2025-01-15 17:28:48', '2025-01-15 17:28:48'),
(162, '我的寵物日記 162', '今天和我的寵物一起出去玩，牠真的很可愛！', 7, '已發佈', 43, 4, 0, '2025-01-15 17:28:48', '2025-01-15 17:28:48'),
(163, '我的寵物日記 163', '今天和我的寵物一起出去玩，牠真的很可愛！', 4, '已發佈', 20, 0, 0, '2025-01-15 17:28:48', '2025-01-15 17:28:48'),
(164, '我的寵物日記 164', '今天和我的寵物一起出去玩，牠真的很可愛！', 2, '已發佈', 26, 14, 0, '2025-01-15 17:28:48', '2025-01-15 17:28:48'),
(166, '我的寵物日記 166', '今天和我的寵物一起出去玩，牠真的很可愛！', 16, '已發佈', 48, 18, 0, '2025-01-15 17:28:48', '2025-01-15 17:28:48'),
(167, '我的寵物日記 167', '今天和我的寵物一起出去玩，牠真的很可愛！', 8, '已發佈', 47, 16, 0, '2025-01-15 17:28:48', '2025-01-15 17:28:48'),
(168, '我的寵物日記 168', '今天和我的寵物一起出去玩，牠真的很可愛！', 16, '已發佈', 29, 3, 0, '2025-01-15 17:28:48', '2025-01-15 17:28:48'),
(169, '我的寵物日記 169', '今天和我的寵物一起出去玩，牠真的很可愛！', 13, '已發佈', 3, 10, 0, '2025-01-15 17:28:48', '2025-01-15 17:28:48'),
(170, '我的寵物日記 170', '今天和我的寵物一起出去玩，牠真的很可愛！', 8, '已發佈', 7, 0, 0, '2025-01-15 17:28:48', '2025-01-15 17:28:48'),
(171, '我的寵物日記 171', '今天和我的寵物一起出去玩，牠真的很可愛！', 16, '已發佈', 40, 18, 0, '2025-01-15 17:28:48', '2025-01-15 17:28:48'),
(172, '我的寵物日記 172', '今天和我的寵物一起出去玩，牠真的很可愛！', 11, '已發佈', 19, 9, 0, '2025-01-15 17:28:48', '2025-01-15 17:28:48'),
(173, '我的寵物日記 173', '今天和我的寵物一起出去玩，牠真的很可愛！', 17, '已發佈', 38, 0, 0, '2025-01-15 17:28:48', '2025-01-15 17:28:48'),
(174, '我的寵物日記 174', '今天和我的寵物一起出去玩，牠真的很可愛！', 19, '已發佈', 35, 9, 0, '2025-01-15 17:28:48', '2025-01-15 17:28:48'),
(175, '我的寵物日記 175', '今天和我的寵物一起出去玩，牠真的很可愛！', 18, '已發佈', 17, 1, 0, '2025-01-15 17:28:48', '2025-01-15 17:28:48'),
(176, '我的寵物日記 176', '今天和我的寵物一起出去玩，牠真的很可愛！', 4, '已發佈', 22, 20, 0, '2025-01-15 17:28:48', '2025-01-15 17:28:48'),
(177, '我的寵物日記 177', '今天和我的寵物一起出去玩，牠真的很可愛！', 9, '已發佈', 20, 3, 0, '2025-01-15 17:28:48', '2025-01-15 17:28:48'),
(178, '我的寵物日記 178', '今天和我的寵物一起出去玩，牠真的很可愛！', 19, '已發佈', 27, 11, 0, '2025-01-15 17:28:48', '2025-01-15 17:28:48'),
(179, '我的寵物日記 179', '今天和我的寵物一起出去玩，牠真的很可愛！', 12, '已發佈', 49, 12, 0, '2025-01-15 17:28:48', '2025-01-15 17:28:48'),
(180, '我的寵物日記 180', '今天和我的寵物一起出去玩，牠真的很可愛！', 15, '已發佈', 42, 5, 0, '2025-01-15 17:28:48', '2025-01-15 17:28:48'),
(181, '我的寵物日記 181', '今天和我的寵物一起出去玩，牠真的很可愛！', 5, '已發佈', 16, 1, 0, '2025-01-15 17:28:48', '2025-01-15 17:28:48'),
(182, '我的寵物日記 182', '今天和我的寵物一起出去玩，牠真的很可愛！', 18, '已發佈', 27, 11, 0, '2025-01-15 17:28:48', '2025-01-15 17:28:48'),
(183, '我的寵物日記 183', '今天和我的寵物一起出去玩，牠真的很可愛！', 14, '已發佈', 1, 1, 0, '2025-01-15 17:28:48', '2025-01-15 17:28:48'),
(184, '我的寵物日記 184', '今天和我的寵物一起出去玩，牠真的很可愛！', 17, '已發佈', 41, 13, 0, '2025-01-15 17:28:48', '2025-01-15 17:28:48'),
(185, '我的寵物日記 185', '今天和我的寵物一起出去玩，牠真的很可愛！', 18, '已發佈', 34, 9, 0, '2025-01-15 17:28:48', '2025-01-15 17:28:48'),
(186, '我的寵物日記 186', '今天和我的寵物一起出去玩，牠真的很可愛！', 3, '已發佈', 5, 11, 0, '2025-01-15 17:28:48', '2025-01-15 17:28:48'),
(187, '我的寵物日記 187', '今天和我的寵物一起出去玩，牠真的很可愛！', 13, '已發佈', 7, 18, 0, '2025-01-15 17:28:48', '2025-01-15 17:28:48'),
(189, '我的寵物日記 189', '今天和我的寵物一起出去玩，牠真的很可愛！', 18, '已發佈', 32, 7, 0, '2025-01-15 17:28:48', '2025-01-15 17:28:48'),
(190, '我的寵物日記 190', '今天和我的寵物一起出去玩，牠真的很可愛！', 13, '已發佈', 12, 7, 0, '2025-01-15 17:28:48', '2025-01-15 17:28:48'),
(191, '我的寵物日記 191', '今天和我的寵物一起出去玩，牠真的很可愛！', 3, '已發佈', 40, 13, 0, '2025-01-15 17:28:48', '2025-01-15 17:28:48'),
(192, '我的寵物日記 192', '今天和我的寵物一起出去玩，牠真的很可愛！', 18, '已發佈', 45, 9, 0, '2025-01-15 17:28:48', '2025-01-15 17:28:48'),
(193, '我的寵物日記 193', '今天和我的寵物一起出去玩，牠真的很可愛！', 11, '已發佈', 9, 1, 0, '2025-01-15 17:28:48', '2025-01-15 17:28:48'),
(194, '我的寵物日記 194', '今天和我的寵物一起出去玩，牠真的很可愛！', 9, '已發佈', 48, 3, 0, '2025-01-15 17:28:48', '2025-01-15 17:28:48'),
(195, '我的寵物日記 195', '今天和我的寵物一起出去玩，牠真的很可愛！', 5, '已發佈', 12, 13, 0, '2025-01-15 17:28:48', '2025-01-15 17:28:48'),
(196, '我的寵物日記 196', '今天和我的寵物一起出去玩，牠真的很可愛！', 8, '已發佈', 3, 17, 0, '2025-01-15 17:28:48', '2025-01-15 17:28:48'),
(197, '我的寵物日記 197', '今天和我的寵物一起出去玩，牠真的很可愛！', 19, '已發佈', 42, 5, 0, '2025-01-15 17:28:48', '2025-01-15 17:28:48'),
(198, '我的寵物日記 198', '今天和我的寵物一起出去玩，牠真的很可愛！', 17, '已發佈', 23, 3, 0, '2025-01-15 17:28:48', '2025-01-15 17:28:48'),
(199, '我的寵物日記 199', '今天和我的寵物一起出去玩，牠真的很可愛！', 6, '已發佈', 8, 19, 0, '2025-01-15 17:28:48', '2025-01-15 17:28:48'),
(200, '我的寵物日記 200', '今天和我的寵物一起出去玩，牠真的很可愛！', 3, '被檢舉', 48, 4, 0, '2025-01-15 17:28:48', '2025-01-15 23:26:33');

-- --------------------------------------------------------

--
-- 資料表結構 `posts_likes`
--

CREATE TABLE `posts_likes` (
  `id` int NOT NULL,
  `post_id` int NOT NULL,
  `user_id` int DEFAULT NULL,
  `ip` varchar(45) CHARACTER SET utf8mb4 COLLATE utf8mb4_general_ci DEFAULT NULL
) ENGINE=InnoDB DEFAULT CHARSET=utf8mb4 COLLATE=utf8mb4_general_ci;

--
-- 傾印資料表的資料 `posts_likes`
--

INSERT INTO `posts_likes` (`id`, `post_id`, `user_id`, `ip`) VALUES
(1, 13, NULL, '192.168.1.219'),
(2, 161, NULL, '192.168.1.194'),
(3, 2, 15, '192.168.1.180'),
(4, 91, 14, '192.168.1.79'),
(5, 26, NULL, '192.168.1.193'),
(6, 14, 2, '192.168.1.125'),
(7, 133, NULL, '192.168.1.110'),
(8, 196, NULL, '192.168.1.165'),
(9, 42, NULL, '192.168.1.247'),
(10, 161, NULL, '192.168.1.72'),
(11, 139, 16, '192.168.1.225'),
(12, 179, NULL, '192.168.1.207'),
(13, 131, NULL, '192.168.1.248'),
(14, 193, 6, '192.168.1.37'),
(15, 103, NULL, '192.168.1.182'),
(17, 150, NULL, '192.168.1.158'),
(18, 163, NULL, '192.168.1.168'),
(19, 77, NULL, '192.168.1.189'),
(20, 199, NULL, '192.168.1.179'),
(21, 43, NULL, '192.168.1.103'),
(22, 168, NULL, '192.168.1.166'),
(24, 141, NULL, '192.168.1.223'),
(25, 91, NULL, '192.168.1.84'),
(26, 166, NULL, '192.168.1.10'),
(27, 55, 12, '192.168.1.90'),
(28, 30, 9, '192.168.1.251'),
(29, 39, NULL, '192.168.1.193'),
(30, 47, NULL, '192.168.1.80'),
(31, 5, 12, '192.168.1.44'),
(32, 79, 7, '192.168.1.228'),
(33, 90, NULL, '192.168.1.112'),
(34, 153, 11, '192.168.1.222'),
(35, 113, NULL, '192.168.1.102'),
(36, 143, 14, '192.168.1.102'),
(37, 110, NULL, '192.168.1.108'),
(38, 81, 12, '192.168.1.82'),
(39, 15, 3, '192.168.1.7'),
(40, 181, NULL, '192.168.1.20'),
(41, 176, 2, '192.168.1.26'),
(42, 54, 4, '192.168.1.113'),
(43, 16, NULL, '192.168.1.99'),
(44, 59, 9, '192.168.1.117'),
(45, 70, 13, '192.168.1.206'),
(46, 42, 19, '192.168.1.175'),
(47, 57, NULL, '192.168.1.65'),
(48, 124, NULL, '192.168.1.191'),
(49, 169, 7, '192.168.1.178'),
(50, 81, 14, '192.168.1.109');

-- --------------------------------------------------------

--
-- 資料表結構 `products`
--

CREATE TABLE `products` (
  `product_id` int NOT NULL,
  `product_name` varchar(255) CHARACTER SET utf8mb4 COLLATE utf8mb4_general_ci NOT NULL,
  `product_description` text CHARACTER SET utf8mb4 COLLATE utf8mb4_general_ci,
  `price` int NOT NULL,
  `category_id` int NOT NULL,
  `created_at` datetime NOT NULL DEFAULT CURRENT_TIMESTAMP,
  `updated_at` datetime NOT NULL DEFAULT CURRENT_TIMESTAMP ON UPDATE CURRENT_TIMESTAMP,
  `product_status` varchar(20) CHARACTER SET utf8mb4 COLLATE utf8mb4_general_ci DEFAULT '上架',
  `image_url` varchar(255) CHARACTER SET utf8mb4 COLLATE utf8mb4_general_ci DEFAULT NULL,
  `stock_quantity` int NOT NULL DEFAULT '0',
  `is_deleted` tinyint(1) NOT NULL DEFAULT '0'
) ENGINE=InnoDB DEFAULT CHARSET=utf8mb4 COLLATE=utf8mb4_general_ci;

--
-- 傾印資料表的資料 `products`
--

INSERT INTO `products` (`product_id`, `product_name`, `product_description`, `price`, `category_id`, `created_at`, `updated_at`, `product_status`, `image_url`, `stock_quantity`, `is_deleted`) VALUES
(1, 'MonPetit貓倍麗乾糧-成貓鮮魚什錦', '# 自然主義 全齡貓 草本美毛貓糧 (雞肉鮭魚+百合根) \r\n **無麩質低敏食譜** \r\n \r\n ## 特色 \r\n - 荷蘭獸醫調配，毛孩均衡食補 \r\n - 海藻 & 綠茶萃取塗層，充氮包裝能保鮮 \r\n - 本配方符合歐洲 FEDIAF 營養規範 \r\n \r\n ## 成份 \r\n 雞肉、米、玉米、豌豆、雞脂、鮭魚、鮭魚油、 \r\n 海藻、菊苣纖維、蕃茄乾、紫花苜蓿、百合根、絲蘭、 \r\n 維生素 A、維生素 D3、維生素 E、硫酸銅、硫酸亞鐵、 \r\n 二氧化錳、硫酸鋅、碘酸鈣、亞硒酸鈉、牛磺酸 \r\n \r\n ## 營養分析 \r\n - **粗蛋白**：32.0% \r\n - **粗脂肪**：15.0% \r\n - **粗灰分**：8.0% \r\n - **粗纖維**：1.6% \r\n - **水分**：8.0% \r\n - **鈣**：1.7% \r\n - **磷**：1.3% \r\n - **熱量**：3859 仟卡/公斤 \r\n \r\n ## 適用對象 \r\n 全齡貓適用。 \r\n \r\n ## 食用方式 \r\n 請參閱包裝上每日建議餵食量。 \r\n \r\n ## 保存方式 \r\n 請儲存於陰涼乾燥無蟲害處並避免日曬，拆封後請盡速食用完畢。 \r\n \r\n ## 注意事項 \r\n 1. 本產品有海藻塗層，顆粒上有黑褐色小點屬於正常現象。 \r\n 2. 品牌轉換時，建議以 7-10 天逐步轉換為宜。 \r\n 3. 請放置於兒童及寵物無法取得的地方，避免誤吞造成噎食意外。 \r\n \r\n ## 原產地 \r\n 荷蘭', 100, 7, '2025-01-16 03:08:00', '2025-03-28 15:52:00', '上架', '/images/shop/DryFoodCat/catDryFood (1).jpg', 50, 0),
(2, '【法國皇家】E42挑嘴成貓營養滿分飼料', '# 自然主義 全齡貓 草本美毛貓糧 (雞肉鮭魚+百合根) \r\n **無麩質低敏食譜** \r\n \r\n ## 特色 \r\n - 荷蘭獸醫調配，毛孩均衡食補 \r\n - 海藻 & 綠茶萃取塗層，充氮包裝能保鮮 \r\n - 本配方符合歐洲 FEDIAF 營養規範 \r\n \r\n ## 成份 \r\n 雞肉、米、玉米、豌豆、雞脂、鮭魚、鮭魚油、 \r\n 海藻、菊苣纖維、蕃茄乾、紫花苜蓿、百合根、絲蘭、 \r\n 維生素 A、維生素 D3、維生素 E、硫酸銅、硫酸亞鐵、 \r\n 二氧化錳、硫酸鋅、碘酸鈣、亞硒酸鈉、牛磺酸 \r\n \r\n ## 營養分析 \r\n - **粗蛋白**：32.0% \r\n - **粗脂肪**：15.0% \r\n - **粗灰分**：8.0% \r\n - **粗纖維**：1.6% \r\n - **水分**：8.0% \r\n - **鈣**：1.7% \r\n - **磷**：1.3% \r\n - **熱量**：3859 仟卡/公斤 \r\n \r\n ## 適用對象 \r\n 全齡貓適用。 \r\n \r\n ## 食用方式 \r\n 請參閱包裝上每日建議餵食量。 \r\n \r\n ## 保存方式 \r\n 請儲存於陰涼乾燥無蟲害處並避免日曬，拆封後請盡速食用完畢。 \r\n \r\n ## 注意事項 \r\n 1. 本產品有海藻塗層，顆粒上有黑褐色小點屬於正常現象。 \r\n 2. 品牌轉換時，建議以 7-10 天逐步轉換為宜。 \r\n 4. 請放置於兒童及寵物無法取得的地方，避免誤吞造成噎食意外。 \r\n \r\n ## 原產地 \r\n 荷蘭', 150, 7, '2025-01-16 03:08:00', '2025-03-11 15:42:00', '上架', '/images/shop/DryFoodCat/catDryFood (10).jpg', 30, 0),
(3, '【法國皇家】BS34英國短毛成貓專用飼料', '# 自然主義 全齡貓 草本美毛貓糧 (雞肉鮭魚+百合根) \r\n **無麩質低敏食譜** \r\n \r\n ## 特色 \r\n - 荷蘭獸醫調配，毛孩均衡食補 \r\n - 海藻 & 綠茶萃取塗層，充氮包裝能保鮮 \r\n - 本配方符合歐洲 FEDIAF 營養規範 \r\n \r\n ## 成份 \r\n 雞肉、米、玉米、豌豆、雞脂、鮭魚、鮭魚油、 \r\n 海藻、菊苣纖維、蕃茄乾、紫花苜蓿、百合根、絲蘭、 \r\n 維生素 A、維生素 D3、維生素 E、硫酸銅、硫酸亞鐵、 \r\n 二氧化錳、硫酸鋅、碘酸鈣、亞硒酸鈉、牛磺酸 \r\n \r\n ## 營養分析 \r\n - **粗蛋白**：32.0% \r\n - **粗脂肪**：15.0% \r\n - **粗灰分**：8.0% \r\n - **粗纖維**：1.6% \r\n - **水分**：8.0% \r\n - **鈣**：1.7% \r\n - **磷**：1.3% \r\n - **熱量**：3859 仟卡/公斤 \r\n \r\n ## 適用對象 \r\n 全齡貓適用。 \r\n \r\n ## 食用方式 \r\n 請參閱包裝上每日建議餵食量。 \r\n \r\n ## 保存方式 \r\n 請儲存於陰涼乾燥無蟲害處並避免日曬，拆封後請盡速食用完畢。 \r\n \r\n ## 注意事項 \r\n 1. 本產品有海藻塗層，顆粒上有黑褐色小點屬於正常現象。 \r\n 2. 品牌轉換時，建議以 7-10 天逐步轉換為宜。 \r\n 5. 請放置於兒童及寵物無法取得的地方，避免誤吞造成噎食意外。 \r\n \r\n ## 原產地 \r\n 荷蘭', 80, 7, '2025-01-16 03:08:00', '2025-03-11 15:42:00', '上架', '/images/shop/DryFoodCat/catDryFood (11).jpg', 70, 0),
(4, '【法國皇家】BSK38英國短毛幼貓專用飼料', '# 自然主義 全齡貓 草本美毛貓糧 (雞肉鮭魚+百合根) \r\n **無麩質低敏食譜** \r\n \r\n ## 特色 \r\n - 荷蘭獸醫調配，毛孩均衡食補 \r\n - 海藻 & 綠茶萃取塗層，充氮包裝能保鮮 \r\n - 本配方符合歐洲 FEDIAF 營養規範 \r\n \r\n ## 成份 \r\n 雞肉、米、玉米、豌豆、雞脂、鮭魚、鮭魚油、 \r\n 海藻、菊苣纖維、蕃茄乾、紫花苜蓿、百合根、絲蘭、 \r\n 維生素 A、維生素 D3、維生素 E、硫酸銅、硫酸亞鐵、 \r\n 二氧化錳、硫酸鋅、碘酸鈣、亞硒酸鈉、牛磺酸 \r\n \r\n ## 營養分析 \r\n - **粗蛋白**：32.0% \r\n - **粗脂肪**：15.0% \r\n - **粗灰分**：8.0% \r\n - **粗纖維**：1.6% \r\n - **水分**：8.0% \r\n - **鈣**：1.7% \r\n - **磷**：1.3% \r\n - **熱量**：3859 仟卡/公斤 \r\n \r\n ## 適用對象 \r\n 全齡貓適用。 \r\n \r\n ## 食用方式 \r\n 請參閱包裝上每日建議餵食量。 \r\n \r\n ## 保存方式 \r\n 請儲存於陰涼乾燥無蟲害處並避免日曬，拆封後請盡速食用完畢。 \r\n \r\n ## 注意事項 \r\n 1. 本產品有海藻塗層，顆粒上有黑褐色小點屬於正常現象。 \r\n 2. 品牌轉換時，建議以 7-10 天逐步轉換為宜。 \r\n 6. 請放置於兒童及寵物無法取得的地方，避免誤吞造成噎食意外。 \r\n \r\n ## 原產地 \r\n 荷蘭', 120, 7, '2025-01-16 03:08:00', '2025-03-11 15:42:00', '上架', '/images/shop/DryFoodCat/catDryFood (12).jpg', 40, 0),
(5, '陪心寵糧 全齡貓無穀低碳貓糧(鮮雞野莓)', '# 自然主義 全齡貓 草本美毛貓糧 (雞肉鮭魚+百合根) \r\n **無麩質低敏食譜** \r\n \r\n ## 特色 \r\n - 荷蘭獸醫調配，毛孩均衡食補 \r\n - 海藻 & 綠茶萃取塗層，充氮包裝能保鮮 \r\n - 本配方符合歐洲 FEDIAF 營養規範 \r\n \r\n ## 成份 \r\n 雞肉、米、玉米、豌豆、雞脂、鮭魚、鮭魚油、 \r\n 海藻、菊苣纖維、蕃茄乾、紫花苜蓿、百合根、絲蘭、 \r\n 維生素 A、維生素 D3、維生素 E、硫酸銅、硫酸亞鐵、 \r\n 二氧化錳、硫酸鋅、碘酸鈣、亞硒酸鈉、牛磺酸 \r\n \r\n ## 營養分析 \r\n - **粗蛋白**：32.0% \r\n - **粗脂肪**：15.0% \r\n - **粗灰分**：8.0% \r\n - **粗纖維**：1.6% \r\n - **水分**：8.0% \r\n - **鈣**：1.7% \r\n - **磷**：1.3% \r\n - **熱量**：3859 仟卡/公斤 \r\n \r\n ## 適用對象 \r\n 全齡貓適用。 \r\n \r\n ## 食用方式 \r\n 請參閱包裝上每日建議餵食量。 \r\n \r\n ## 保存方式 \r\n 請儲存於陰涼乾燥無蟲害處並避免日曬，拆封後請盡速食用完畢。 \r\n \r\n ## 注意事項 \r\n 1. 本產品有海藻塗層，顆粒上有黑褐色小點屬於正常現象。 \r\n 2. 品牌轉換時，建議以 7-10 天逐步轉換為宜。 \r\n 7. 請放置於兒童及寵物無法取得的地方，避免誤吞造成噎食意外。 \r\n \r\n ## 原產地 \r\n 荷蘭', 200, 7, '2025-01-16 03:08:00', '2025-03-11 15:42:00', '上架', '/images/shop/DryFoodCat/catDryFood (13).jpg', 20, 0),
(6, '【法國皇家】BG40豹貓成貓專用飼料', '# 自然主義 全齡貓 草本美毛貓糧 (雞肉鮭魚+百合根) \r\n **無麩質低敏食譜** \r\n \r\n ## 特色 \r\n - 荷蘭獸醫調配，毛孩均衡食補 \r\n - 海藻 & 綠茶萃取塗層，充氮包裝能保鮮 \r\n - 本配方符合歐洲 FEDIAF 營養規範 \r\n \r\n ## 成份 \r\n 雞肉、米、玉米、豌豆、雞脂、鮭魚、鮭魚油、 \r\n 海藻、菊苣纖維、蕃茄乾、紫花苜蓿、百合根、絲蘭、 \r\n 維生素 A、維生素 D3、維生素 E、硫酸銅、硫酸亞鐵、 \r\n 二氧化錳、硫酸鋅、碘酸鈣、亞硒酸鈉、牛磺酸 \r\n \r\n ## 營養分析 \r\n - **粗蛋白**：32.0% \r\n - **粗脂肪**：15.0% \r\n - **粗灰分**：8.0% \r\n - **粗纖維**：1.6% \r\n - **水分**：8.0% \r\n - **鈣**：1.7% \r\n - **磷**：1.3% \r\n - **熱量**：3859 仟卡/公斤 \r\n \r\n ## 適用對象 \r\n 全齡貓適用。 \r\n \r\n ## 食用方式 \r\n 請參閱包裝上每日建議餵食量。 \r\n \r\n ## 保存方式 \r\n 請儲存於陰涼乾燥無蟲害處並避免日曬，拆封後請盡速食用完畢。 \r\n \r\n ## 注意事項 \r\n 1. 本產品有海藻塗層，顆粒上有黑褐色小點屬於正常現象。 \r\n 2. 品牌轉換時，建議以 7-10 天逐步轉換為宜。 \r\n 8. 請放置於兒童及寵物無法取得的地方，避免誤吞造成噎食意外。 \r\n \r\n ## 原產地 \r\n 荷蘭', 250, 7, '2025-01-16 03:08:00', '2025-03-11 15:42:00', '上架', '/images/shop/DryFoodCat/catDryFood (14).jpg', 25, 0),
(7, '【加贈凍乾】自然主義 成貓 草本貓糧', '# 自然主義 全齡貓 草本美毛貓糧 (雞肉鮭魚+百合根) \r\n **無麩質低敏食譜** \r\n \r\n ## 特色 \r\n - 荷蘭獸醫調配，毛孩均衡食補 \r\n - 海藻 & 綠茶萃取塗層，充氮包裝能保鮮 \r\n - 本配方符合歐洲 FEDIAF 營養規範 \r\n \r\n ## 成份 \r\n 雞肉、米、玉米、豌豆、雞脂、鮭魚、鮭魚油、 \r\n 海藻、菊苣纖維、蕃茄乾、紫花苜蓿、百合根、絲蘭、 \r\n 維生素 A、維生素 D3、維生素 E、硫酸銅、硫酸亞鐵、 \r\n 二氧化錳、硫酸鋅、碘酸鈣、亞硒酸鈉、牛磺酸 \r\n \r\n ## 營養分析 \r\n - **粗蛋白**：32.0% \r\n - **粗脂肪**：15.0% \r\n - **粗灰分**：8.0% \r\n - **粗纖維**：1.6% \r\n - **水分**：8.0% \r\n - **鈣**：1.7% \r\n - **磷**：1.3% \r\n - **熱量**：3859 仟卡/公斤 \r\n \r\n ## 適用對象 \r\n 全齡貓適用。 \r\n \r\n ## 食用方式 \r\n 請參閱包裝上每日建議餵食量。 \r\n \r\n ## 保存方式 \r\n 請儲存於陰涼乾燥無蟲害處並避免日曬，拆封後請盡速食用完畢。 \r\n \r\n ## 注意事項 \r\n 1. 本產品有海藻塗層，顆粒上有黑褐色小點屬於正常現象。 \r\n 2. 品牌轉換時，建議以 7-10 天逐步轉換為宜。 \r\n 9. 請放置於兒童及寵物無法取得的地方，避免誤吞造成噎食意外。 \r\n \r\n ## 原產地 \r\n 荷蘭', 500, 7, '2025-01-16 03:08:00', '2025-03-11 15:42:00', '上架', '/images/shop/DryFoodCat/catDryFood (2).jpg', 10, 0),
(8, '【加贈凍乾】自然主義 全齡貓 草本美毛貓糧(雞肉鮭魚+百合根)', '# 自然主義 全齡貓 草本美毛貓糧 (雞肉鮭魚+百合根) \r\n **無麩質低敏食譜** \r\n \r\n ## 特色 \r\n - 荷蘭獸醫調配，毛孩均衡食補 \r\n - 海藻 & 綠茶萃取塗層，充氮包裝能保鮮 \r\n - 本配方符合歐洲 FEDIAF 營養規範 \r\n \r\n ## 成份 \r\n 雞肉、米、玉米、豌豆、雞脂、鮭魚、鮭魚油、 \r\n 海藻、菊苣纖維、蕃茄乾、紫花苜蓿、百合根、絲蘭、 \r\n 維生素 A、維生素 D3、維生素 E、硫酸銅、硫酸亞鐵、 \r\n 二氧化錳、硫酸鋅、碘酸鈣、亞硒酸鈉、牛磺酸 \r\n \r\n ## 營養分析 \r\n - **粗蛋白**：32.0% \r\n - **粗脂肪**：15.0% \r\n - **粗灰分**：8.0% \r\n - **粗纖維**：1.6% \r\n - **水分**：8.0% \r\n - **鈣**：1.7% \r\n - **磷**：1.3% \r\n - **熱量**：3859 仟卡/公斤 \r\n \r\n ## 適用對象 \r\n 全齡貓適用。 \r\n \r\n ## 食用方式 \r\n 請參閱包裝上每日建議餵食量。 \r\n \r\n ## 保存方式 \r\n 請儲存於陰涼乾燥無蟲害處並避免日曬，拆封後請盡速食用完畢。 \r\n \r\n ## 注意事項 \r\n 1. 本產品有海藻塗層，顆粒上有黑褐色小點屬於正常現象。 \r\n 2. 品牌轉換時，建議以 7-10 天逐步轉換為宜。 \r\n 10. 請放置於兒童及寵物無法取得的地方，避免誤吞造成噎食意外。 \r\n \r\n ## 原產地 \r\n 荷蘭', 550, 7, '2025-01-16 03:08:00', '2025-03-11 15:42:00', '上架', '/images/shop/DryFoodCat/catDryFood (3).jpg', 15, 0),
(9, 'CHARM野性魅力 成貓配方', '# 自然主義 全齡貓 草本美毛貓糧 (雞肉鮭魚+百合根) \r\n **無麩質低敏食譜** \r\n \r\n ## 特色 \r\n - 荷蘭獸醫調配，毛孩均衡食補 \r\n - 海藻 & 綠茶萃取塗層，充氮包裝能保鮮 \r\n - 本配方符合歐洲 FEDIAF 營養規範 \r\n \r\n ## 成份 \r\n 雞肉、米、玉米、豌豆、雞脂、鮭魚、鮭魚油、 \r\n 海藻、菊苣纖維、蕃茄乾、紫花苜蓿、百合根、絲蘭、 \r\n 維生素 A、維生素 D3、維生素 E、硫酸銅、硫酸亞鐵、 \r\n 二氧化錳、硫酸鋅、碘酸鈣、亞硒酸鈉、牛磺酸 \r\n \r\n ## 營養分析 \r\n - **粗蛋白**：32.0% \r\n - **粗脂肪**：15.0% \r\n - **粗灰分**：8.0% \r\n - **粗纖維**：1.6% \r\n - **水分**：8.0% \r\n - **鈣**：1.7% \r\n - **磷**：1.3% \r\n - **熱量**：3859 仟卡/公斤 \r\n \r\n ## 適用對象 \r\n 全齡貓適用。 \r\n \r\n ## 食用方式 \r\n 請參閱包裝上每日建議餵食量。 \r\n \r\n ## 保存方式 \r\n 請儲存於陰涼乾燥無蟲害處並避免日曬，拆封後請盡速食用完畢。 \r\n \r\n ## 注意事項 \r\n 1. 本產品有海藻塗層，顆粒上有黑褐色小點屬於正常現象。 \r\n 2. 品牌轉換時，建議以 7-10 天逐步轉換為宜。 \r\n 11. 請放置於兒童及寵物無法取得的地方，避免誤吞造成噎食意外。 \r\n \r\n ## 原產地 \r\n 荷蘭', 60, 7, '2025-01-16 03:08:00', '2025-03-11 15:42:00', '上架', '/images/shop/DryFoodCat/catDryFood (4).jpg', 80, 0),
(10, '【加贈抗菌慕斯】TOMA-PRO優格 經典系列-成幼貓雞肉+', '# 自然主義 全齡貓 草本美毛貓糧 (雞肉鮭魚+百合根) \r\n **無麩質低敏食譜** \r\n \r\n ## 特色 \r\n - 荷蘭獸醫調配，毛孩均衡食補 \r\n - 海藻 & 綠茶萃取塗層，充氮包裝能保鮮 \r\n - 本配方符合歐洲 FEDIAF 營養規範 \r\n \r\n ## 成份 \r\n 雞肉、米、玉米、豌豆、雞脂、鮭魚、鮭魚油、 \r\n 海藻、菊苣纖維、蕃茄乾、紫花苜蓿、百合根、絲蘭、 \r\n 維生素 A、維生素 D3、維生素 E、硫酸銅、硫酸亞鐵、 \r\n 二氧化錳、硫酸鋅、碘酸鈣、亞硒酸鈉、牛磺酸 \r\n \r\n ## 營養分析 \r\n - **粗蛋白**：32.0% \r\n - **粗脂肪**：15.0% \r\n - **粗灰分**：8.0% \r\n - **粗纖維**：1.6% \r\n - **水分**：8.0% \r\n - **鈣**：1.7% \r\n - **磷**：1.3% \r\n - **熱量**：3859 仟卡/公斤 \r\n \r\n ## 適用對象 \r\n 全齡貓適用。 \r\n \r\n ## 食用方式 \r\n 請參閱包裝上每日建議餵食量。 \r\n \r\n ## 保存方式 \r\n 請儲存於陰涼乾燥無蟲害處並避免日曬，拆封後請盡速食用完畢。 \r\n \r\n ## 注意事項 \r\n 1. 本產品有海藻塗層，顆粒上有黑褐色小點屬於正常現象。 \r\n 2. 品牌轉換時，建議以 7-10 天逐步轉換為宜。 \r\n 12. 請放置於兒童及寵物無法取得的地方，避免誤吞造成噎食意外。 \r\n \r\n ## 原產地 \r\n 荷蘭', 70, 7, '2025-01-16 03:08:00', '2025-03-11 15:42:00', '上架', '/images/shop/DryFoodCat/catDryFood (5).jpg', 90, 0),
(11, '【加贈抗菌慕斯】希爾思-成貓1-6歲毛球控制(雞肉特調食譜)', '# 自然主義 全齡貓 草本美毛貓糧 (雞肉鮭魚+百合根) \r\n **無麩質低敏食譜** \r\n \r\n ## 特色 \r\n - 荷蘭獸醫調配，毛孩均衡食補 \r\n - 海藻 & 綠茶萃取塗層，充氮包裝能保鮮 \r\n - 本配方符合歐洲 FEDIAF 營養規範 \r\n \r\n ## 成份 \r\n 雞肉、米、玉米、豌豆、雞脂、鮭魚、鮭魚油、 \r\n 海藻、菊苣纖維、蕃茄乾、紫花苜蓿、百合根、絲蘭、 \r\n 維生素 A、維生素 D3、維生素 E、硫酸銅、硫酸亞鐵、 \r\n 二氧化錳、硫酸鋅、碘酸鈣、亞硒酸鈉、牛磺酸 \r\n \r\n ## 營養分析 \r\n - **粗蛋白**：32.0% \r\n - **粗脂肪**：15.0% \r\n - **粗灰分**：8.0% \r\n - **粗纖維**：1.6% \r\n - **水分**：8.0% \r\n - **鈣**：1.7% \r\n - **磷**：1.3% \r\n - **熱量**：3859 仟卡/公斤 \r\n \r\n ## 適用對象 \r\n 全齡貓適用。 \r\n \r\n ## 食用方式 \r\n 請參閱包裝上每日建議餵食量。 \r\n \r\n ## 保存方式 \r\n 請儲存於陰涼乾燥無蟲害處並避免日曬，拆封後請盡速食用完畢。 \r\n \r\n ## 注意事項 \r\n 1. 本產品有海藻塗層，顆粒上有黑褐色小點屬於正常現象。 \r\n 2. 品牌轉換時，建議以 7-10 天逐步轉換為宜。 \r\n 13. 請放置於兒童及寵物無法取得的地方，避免誤吞造成噎食意外。 \r\n \r\n ## 原產地 \r\n 荷蘭', 450, 7, '2025-01-16 13:28:00', '2025-03-11 15:42:00', '上架', '/images/shop/DryFoodCat/catDryFood (6).jpg', 20, 0),
(12, '【加贈抗菌慕斯】希爾思-成貓泌尿道毛球控制(雞肉食譜)', '# 自然主義 全齡貓 草本美毛貓糧 (雞肉鮭魚+百合根) \r\n **無麩質低敏食譜** \r\n \r\n ## 特色 \r\n - 荷蘭獸醫調配，毛孩均衡食補 \r\n - 海藻 & 綠茶萃取塗層，充氮包裝能保鮮 \r\n - 本配方符合歐洲 FEDIAF 營養規範 \r\n \r\n ## 成份 \r\n 雞肉、米、玉米、豌豆、雞脂、鮭魚、鮭魚油、 \r\n 海藻、菊苣纖維、蕃茄乾、紫花苜蓿、百合根、絲蘭、 \r\n 維生素 A、維生素 D3、維生素 E、硫酸銅、硫酸亞鐵、 \r\n 二氧化錳、硫酸鋅、碘酸鈣、亞硒酸鈉、牛磺酸 \r\n \r\n ## 營養分析 \r\n - **粗蛋白**：32.0% \r\n - **粗脂肪**：15.0% \r\n - **粗灰分**：8.0% \r\n - **粗纖維**：1.6% \r\n - **水分**：8.0% \r\n - **鈣**：1.7% \r\n - **磷**：1.3% \r\n - **熱量**：3859 仟卡/公斤 \r\n \r\n ## 適用對象 \r\n 全齡貓適用。 \r\n \r\n ## 食用方式 \r\n 請參閱包裝上每日建議餵食量。 \r\n \r\n ## 保存方式 \r\n 請儲存於陰涼乾燥無蟲害處並避免日曬，拆封後請盡速食用完畢。 \r\n \r\n ## 注意事項 \r\n 1. 本產品有海藻塗層，顆粒上有黑褐色小點屬於正常現象。 \r\n 2. 品牌轉換時，建議以 7-10 天逐步轉換為宜。 \r\n 14. 請放置於兒童及寵物無法取得的地方，避免誤吞造成噎食意外。 \r\n \r\n ## 原產地 \r\n 荷蘭', 55, 7, '2025-01-16 15:20:00', '2025-03-11 15:42:00', '上架', '/images/shop/DryFoodCat/catDryFood (7).jpg', 50, 0),
(13, '【法國皇家】BCA比熊成犬專用飼料', '# 產品資訊\r\n \r\n ## 產品特色\r\n 1. **葡萄糖胺/軟骨素** - 幫助關節靈活，骨質保健 \r\n 2. **大顆粒** - 幫助潔牙 \r\n 3. **腸益菌/益菌生** - 整腸助消化及吸收 \r\n \r\n ## 優質成份\r\n 乾燥羊肉、乾燥雞肉、研磨糙米、研磨釀造米、研磨高粱、研磨玉米、珍珠大麥、雞脂（以混合生育酚保存）、玉米麩粉、乾燥甜菜根、天然調味料、乾燥鮭魚、食鹽、氯化鉀、乾燥蕃茄粕、藜麥、乾燥雞蛋、釀造乾燥酵母、研磨亞麻仁、維生素（維生素E、菸鹼酸（維生素B3）、硫胺素（維生素B1）、泛酸鈣（維生素B5）、維生素A、鹽酸吡哆醇（維生素B6）、維生素B2、維生素D3、維生素B12、葉酸、生物素）、乾燥番茄、礦物質（硫酸鋅、硫酸鐵、硫酸銅、氧化錳、亞硒酸鈉、碘酸鈣）、氯化膽鹼、乾燥菊苣根（菊苣多醣、果寡糖來源）、鯡魚油（以混合生育酚保存）、DL-甲硫氨酸、絲蘭萃取精華、L-抗壞血酸-2-聚磷酸鹽（維生素C活性來源）、鹽酸鹽葡萄糖胺、軟骨素、左旋肉鹼、肌醇、啤酒酵母萃取物、益生菌（腸球菌、嗜酸乳桿菌、黑麴菌、長枝木黴菌、枯草芽孢桿菌）。\r\n \r\n ## 保證成份分析\r\n - **粗蛋白質**（最低量）：23.00% \r\n - **粗脂肪**（最低量）：14.00% \r\n - **粗纖維**（最高量）：4.00% \r\n - **水分**（最高量）：10.00% \r\n - **灰分**（最高量）：7.50% \r\n - **鈣**（最低量）：0.50% \r\n - **磷**（最低量）：0.40% \r\n - **茄紅素**（最低量）：8 mg/kg \r\n - **Omega-3 脂肪酸**（最低量）：0.30% \r\n - **Omega-6 脂肪酸**（最低量）：1.50% \r\n - **葡萄糖胺**（最低量）：210 mg/kg \r\n - **軟骨素**（最低量）：85 mg/kg \r\n - **熱量**：3600 仟卡/公斤 \r\n \r\n ## 適用對象\r\n **成犬適用** \r\n \r\n ## 保存方式\r\n 避免放置潮濕處，避免放置太陽照射處。 \r\n \r\n ## 產地\r\n **美國** \r\n \r\n ## 備註\r\n - 快速轉換新食物可能引起寵物消化不良及腸胃不適，因此應以**七天以上的時間**逐漸轉換，讓寵物慢慢適應新食物。 \r\n - **優格寵物食譜**符合 **AAFCO（美國飼料管理協會）**所制定的營養標準。 \r\n - **無麩質低敏食譜** \r\n \r\n ---\r\n \r\n ## **全齡貓草本美毛貓糧 (雞肉鮭魚+百合根)** \r\n \r\n **無麩質低敏食譜** \r\n \r\n ### 產品特色\r\n 1. **荷蘭獸醫調配** - 毛孩均衡食補 \r\n 2. **海藻 & 綠茶萃取塗層** - 充氮包裝能保鮮 \r\n 3. **符合歐洲 FEDIAF 營養規範** \r\n \r\n ### 成份\r\n 雞肉、米、玉米、豌豆、雞脂、鮭魚、鮭魚油、 \r\n 海藻、菊苣纖維、蕃茄乾、紫花苜蓿、百合根、絲蘭、 \r\n 維生素A、維生素D3、維生素E、硫酸銅、硫酸亞鐵、 \r\n 二氧化錳、硫酸鋅、碘酸鈣、亞硒酸鈉、牛磺酸 \r\n \r\n ### 營養分析\r\n - **粗蛋白**：32.0% \r\n - **粗脂肪**：15.0% \r\n - **粗灰分**：8.0% \r\n - **粗纖維**：1.6% \r\n - **水分**：8.0% \r\n - **鈣**：1.7% \r\n - **磷**：1.3% \r\n - **熱量**：3859 仟卡/公斤 \r\n \r\n ### 適用對象\r\n **全齡貓適用** \r\n \r\n ### 食用方式\r\n 請參閱包裝上每日建議餵食量。 \r\n \r\n ### 保存方式\r\n 請儲存於陰涼乾燥無蟲害處並避免日曬，拆封後請盡速食用完畢。 \r\n \r\n ### 注意事項\r\n 1. 本產品有海藻塗層，顆粒上有黑褐色小點屬於正常現象。 \r\n 2. 品牌轉換時，建議以 7-10 天逐步轉換為宜。 \r\n 3. 請放置於兒童及寵物無法取得的地方，避免誤吞造成噎食意外。 \r\n \r\n ### 原產地\r\n **荷蘭**', 100, 6, '2025-01-16 03:08:00', '2025-03-28 15:52:00', '上架', '/images/shop/DryFoodDog/dryFoodDog (1).jpg', 50, 0),
(14, '希爾思-成犬1-6歲(羊肉與糙米特調食譜)小顆粒', '# 產品資訊\r\n \r\n ## 產品特色\r\n 1. **葡萄糖胺/軟骨素** - 幫助關節靈活，骨質保健 \r\n 2. **大顆粒** - 幫助潔牙 \r\n 3. **腸益菌/益菌生** - 整腸助消化及吸收 \r\n \r\n ## 優質成份\r\n 乾燥羊肉、乾燥雞肉、研磨糙米、研磨釀造米、研磨高粱、研磨玉米、珍珠大麥、雞脂（以混合生育酚保存）、玉米麩粉、乾燥甜菜根、天然調味料、乾燥鮭魚、食鹽、氯化鉀、乾燥蕃茄粕、藜麥、乾燥雞蛋、釀造乾燥酵母、研磨亞麻仁、維生素（維生素E、菸鹼酸（維生素B3）、硫胺素（維生素B1）、泛酸鈣（維生素B5）、維生素A、鹽酸吡哆醇（維生素B6）、維生素B2、維生素D3、維生素B12、葉酸、生物素）、乾燥番茄、礦物質（硫酸鋅、硫酸鐵、硫酸銅、氧化錳、亞硒酸鈉、碘酸鈣）、氯化膽鹼、乾燥菊苣根（菊苣多醣、果寡糖來源）、鯡魚油（以混合生育酚保存）、DL-甲硫氨酸、絲蘭萃取精華、L-抗壞血酸-2-聚磷酸鹽（維生素C活性來源）、鹽酸鹽葡萄糖胺、軟骨素、左旋肉鹼、肌醇、啤酒酵母萃取物、益生菌（腸球菌、嗜酸乳桿菌、黑麴菌、長枝木黴菌、枯草芽孢桿菌）。\r\n \r\n ## 保證成份分析\r\n - **粗蛋白質**（最低量）：23.00% \r\n - **粗脂肪**（最低量）：14.00% \r\n - **粗纖維**（最高量）：4.00% \r\n - **水分**（最高量）：10.00% \r\n - **灰分**（最高量）：7.50% \r\n - **鈣**（最低量）：0.50% \r\n - **磷**（最低量）：0.40% \r\n - **茄紅素**（最低量）：8 mg/kg \r\n - **Omega-3 脂肪酸**（最低量）：0.30% \r\n - **Omega-6 脂肪酸**（最低量）：1.50% \r\n - **葡萄糖胺**（最低量）：210 mg/kg \r\n - **軟骨素**（最低量）：85 mg/kg \r\n - **熱量**：3600 仟卡/公斤 \r\n \r\n ## 適用對象\r\n **成犬適用** \r\n \r\n ## 保存方式\r\n 避免放置潮濕處，避免放置太陽照射處。 \r\n \r\n ## 產地\r\n **美國** \r\n \r\n ## 備註\r\n - 快速轉換新食物可能引起寵物消化不良及腸胃不適，因此應以**七天以上的時間**逐漸轉換，讓寵物慢慢適應新食物。 \r\n - **優格寵物食譜**符合 **AAFCO（美國飼料管理協會）**所制定的營養標準。 \r\n - **無麩質低敏食譜** \r\n \r\n ---\r\n \r\n ## **全齡貓草本美毛貓糧 (雞肉鮭魚+百合根)** \r\n \r\n **無麩質低敏食譜** \r\n \r\n ### 產品特色\r\n 1. **荷蘭獸醫調配** - 毛孩均衡食補 \r\n 2. **海藻 & 綠茶萃取塗層** - 充氮包裝能保鮮 \r\n 3. **符合歐洲 FEDIAF 營養規範** \r\n \r\n ### 成份\r\n 雞肉、米、玉米、豌豆、雞脂、鮭魚、鮭魚油、 \r\n 海藻、菊苣纖維、蕃茄乾、紫花苜蓿、百合根、絲蘭、 \r\n 維生素A、維生素D3、維生素E、硫酸銅、硫酸亞鐵、 \r\n 二氧化錳、硫酸鋅、碘酸鈣、亞硒酸鈉、牛磺酸 \r\n \r\n ### 營養分析\r\n - **粗蛋白**：32.0% \r\n - **粗脂肪**：15.0% \r\n - **粗灰分**：8.0% \r\n - **粗纖維**：1.6% \r\n - **水分**：8.0% \r\n - **鈣**：1.7% \r\n - **磷**：1.3% \r\n - **熱量**：3859 仟卡/公斤 \r\n \r\n ### 適用對象\r\n **全齡貓適用** \r\n \r\n ### 食用方式\r\n 請參閱包裝上每日建議餵食量。 \r\n \r\n ### 保存方式\r\n 請儲存於陰涼乾燥無蟲害處並避免日曬，拆封後請盡速食用完畢。 \r\n \r\n ### 注意事項\r\n 1. 本產品有海藻塗層，顆粒上有黑褐色小點屬於正常現象。 \r\n 2. 品牌轉換時，建議以 7-10 天逐步轉換為宜。 \r\n 4. 請放置於兒童及寵物無法取得的地方，避免誤吞造成噎食意外。 \r\n \r\n ### 原產地\r\n **荷蘭**', 150, 6, '2025-01-16 03:08:00', '2025-03-11 15:42:00', '上架', '/images/shop/DryFoodDog/dryFoodDog (1).png', 50, 0),
(15, '【加贈抗菌慕斯】TOMA-PRO優格 經典系列-成犬羊肉+米(毛髮柔亮配方)(小顆粒)', '# 產品資訊\r\n \r\n ## 產品特色\r\n 1. **葡萄糖胺/軟骨素** - 幫助關節靈活，骨質保健 \r\n 2. **大顆粒** - 幫助潔牙 \r\n 3. **腸益菌/益菌生** - 整腸助消化及吸收 \r\n \r\n ## 優質成份\r\n 乾燥羊肉、乾燥雞肉、研磨糙米、研磨釀造米、研磨高粱、研磨玉米、珍珠大麥、雞脂（以混合生育酚保存）、玉米麩粉、乾燥甜菜根、天然調味料、乾燥鮭魚、食鹽、氯化鉀、乾燥蕃茄粕、藜麥、乾燥雞蛋、釀造乾燥酵母、研磨亞麻仁、維生素（維生素E、菸鹼酸（維生素B3）、硫胺素（維生素B1）、泛酸鈣（維生素B5）、維生素A、鹽酸吡哆醇（維生素B6）、維生素B2、維生素D3、維生素B12、葉酸、生物素）、乾燥番茄、礦物質（硫酸鋅、硫酸鐵、硫酸銅、氧化錳、亞硒酸鈉、碘酸鈣）、氯化膽鹼、乾燥菊苣根（菊苣多醣、果寡糖來源）、鯡魚油（以混合生育酚保存）、DL-甲硫氨酸、絲蘭萃取精華、L-抗壞血酸-2-聚磷酸鹽（維生素C活性來源）、鹽酸鹽葡萄糖胺、軟骨素、左旋肉鹼、肌醇、啤酒酵母萃取物、益生菌（腸球菌、嗜酸乳桿菌、黑麴菌、長枝木黴菌、枯草芽孢桿菌）。\r\n \r\n ## 保證成份分析\r\n - **粗蛋白質**（最低量）：23.00% \r\n - **粗脂肪**（最低量）：14.00% \r\n - **粗纖維**（最高量）：4.00% \r\n - **水分**（最高量）：10.00% \r\n - **灰分**（最高量）：7.50% \r\n - **鈣**（最低量）：0.50% \r\n - **磷**（最低量）：0.40% \r\n - **茄紅素**（最低量）：8 mg/kg \r\n - **Omega-3 脂肪酸**（最低量）：0.30% \r\n - **Omega-6 脂肪酸**（最低量）：1.50% \r\n - **葡萄糖胺**（最低量）：210 mg/kg \r\n - **軟骨素**（最低量）：85 mg/kg \r\n - **熱量**：3600 仟卡/公斤 \r\n \r\n ## 適用對象\r\n **成犬適用** \r\n \r\n ## 保存方式\r\n 避免放置潮濕處，避免放置太陽照射處。 \r\n \r\n ## 產地\r\n **美國** \r\n \r\n ## 備註\r\n - 快速轉換新食物可能引起寵物消化不良及腸胃不適，因此應以**七天以上的時間**逐漸轉換，讓寵物慢慢適應新食物。 \r\n - **優格寵物食譜**符合 **AAFCO（美國飼料管理協會）**所制定的營養標準。 \r\n - **無麩質低敏食譜** \r\n \r\n ---\r\n \r\n ## **全齡貓草本美毛貓糧 (雞肉鮭魚+百合根)** \r\n \r\n **無麩質低敏食譜** \r\n \r\n ### 產品特色\r\n 1. **荷蘭獸醫調配** - 毛孩均衡食補 \r\n 2. **海藻 & 綠茶萃取塗層** - 充氮包裝能保鮮 \r\n 3. **符合歐洲 FEDIAF 營養規範** \r\n \r\n ### 成份\r\n 雞肉、米、玉米、豌豆、雞脂、鮭魚、鮭魚油、 \r\n 海藻、菊苣纖維、蕃茄乾、紫花苜蓿、百合根、絲蘭、 \r\n 維生素A、維生素D3、維生素E、硫酸銅、硫酸亞鐵、 \r\n 二氧化錳、硫酸鋅、碘酸鈣、亞硒酸鈉、牛磺酸 \r\n \r\n ### 營養分析\r\n - **粗蛋白**：32.0% \r\n - **粗脂肪**：15.0% \r\n - **粗灰分**：8.0% \r\n - **粗纖維**：1.6% \r\n - **水分**：8.0% \r\n - **鈣**：1.7% \r\n - **磷**：1.3% \r\n - **熱量**：3859 仟卡/公斤 \r\n \r\n ### 適用對象\r\n **全齡貓適用** \r\n \r\n ### 食用方式\r\n 請參閱包裝上每日建議餵食量。 \r\n \r\n ### 保存方式\r\n 請儲存於陰涼乾燥無蟲害處並避免日曬，拆封後請盡速食用完畢。 \r\n \r\n ### 注意事項\r\n 1. 本產品有海藻塗層，顆粒上有黑褐色小點屬於正常現象。 \r\n 2. 品牌轉換時，建議以 7-10 天逐步轉換為宜。 \r\n 5. 請放置於兒童及寵物無法取得的地方，避免誤吞造成噎食意外。 \r\n \r\n ### 原產地\r\n **荷蘭**', 80, 6, '2025-01-16 03:08:00', '2025-03-11 15:42:00', '上架', '/images/shop/DryFoodDog/dryFoodDog (10).jpg', 50, 0),
(16, '【加贈抗菌慕斯】TOMA-PRO優格 經典系列-成犬羊肉+米(骨關節強化配方)(大顆粒)', '# 產品資訊\r\n \r\n ## 產品特色\r\n 1. **葡萄糖胺/軟骨素** - 幫助關節靈活，骨質保健 \r\n 2. **大顆粒** - 幫助潔牙 \r\n 3. **腸益菌/益菌生** - 整腸助消化及吸收 \r\n \r\n ## 優質成份\r\n 乾燥羊肉、乾燥雞肉、研磨糙米、研磨釀造米、研磨高粱、研磨玉米、珍珠大麥、雞脂（以混合生育酚保存）、玉米麩粉、乾燥甜菜根、天然調味料、乾燥鮭魚、食鹽、氯化鉀、乾燥蕃茄粕、藜麥、乾燥雞蛋、釀造乾燥酵母、研磨亞麻仁、維生素（維生素E、菸鹼酸（維生素B3）、硫胺素（維生素B1）、泛酸鈣（維生素B5）、維生素A、鹽酸吡哆醇（維生素B6）、維生素B2、維生素D3、維生素B12、葉酸、生物素）、乾燥番茄、礦物質（硫酸鋅、硫酸鐵、硫酸銅、氧化錳、亞硒酸鈉、碘酸鈣）、氯化膽鹼、乾燥菊苣根（菊苣多醣、果寡糖來源）、鯡魚油（以混合生育酚保存）、DL-甲硫氨酸、絲蘭萃取精華、L-抗壞血酸-2-聚磷酸鹽（維生素C活性來源）、鹽酸鹽葡萄糖胺、軟骨素、左旋肉鹼、肌醇、啤酒酵母萃取物、益生菌（腸球菌、嗜酸乳桿菌、黑麴菌、長枝木黴菌、枯草芽孢桿菌）。\r\n \r\n ## 保證成份分析\r\n - **粗蛋白質**（最低量）：23.00% \r\n - **粗脂肪**（最低量）：14.00% \r\n - **粗纖維**（最高量）：4.00% \r\n - **水分**（最高量）：10.00% \r\n - **灰分**（最高量）：7.50% \r\n - **鈣**（最低量）：0.50% \r\n - **磷**（最低量）：0.40% \r\n - **茄紅素**（最低量）：8 mg/kg \r\n - **Omega-3 脂肪酸**（最低量）：0.30% \r\n - **Omega-6 脂肪酸**（最低量）：1.50% \r\n - **葡萄糖胺**（最低量）：210 mg/kg \r\n - **軟骨素**（最低量）：85 mg/kg \r\n - **熱量**：3600 仟卡/公斤 \r\n \r\n ## 適用對象\r\n **成犬適用** \r\n \r\n ## 保存方式\r\n 避免放置潮濕處，避免放置太陽照射處。 \r\n \r\n ## 產地\r\n **美國** \r\n \r\n ## 備註\r\n - 快速轉換新食物可能引起寵物消化不良及腸胃不適，因此應以**七天以上的時間**逐漸轉換，讓寵物慢慢適應新食物。 \r\n - **優格寵物食譜**符合 **AAFCO（美國飼料管理協會）**所制定的營養標準。 \r\n - **無麩質低敏食譜** \r\n \r\n ---\r\n \r\n ## **全齡貓草本美毛貓糧 (雞肉鮭魚+百合根)** \r\n \r\n **無麩質低敏食譜** \r\n \r\n ### 產品特色\r\n 1. **荷蘭獸醫調配** - 毛孩均衡食補 \r\n 2. **海藻 & 綠茶萃取塗層** - 充氮包裝能保鮮 \r\n 3. **符合歐洲 FEDIAF 營養規範** \r\n \r\n ### 成份\r\n 雞肉、米、玉米、豌豆、雞脂、鮭魚、鮭魚油、 \r\n 海藻、菊苣纖維、蕃茄乾、紫花苜蓿、百合根、絲蘭、 \r\n 維生素A、維生素D3、維生素E、硫酸銅、硫酸亞鐵、 \r\n 二氧化錳、硫酸鋅、碘酸鈣、亞硒酸鈉、牛磺酸 \r\n \r\n ### 營養分析\r\n - **粗蛋白**：32.0% \r\n - **粗脂肪**：15.0% \r\n - **粗灰分**：8.0% \r\n - **粗纖維**：1.6% \r\n - **水分**：8.0% \r\n - **鈣**：1.7% \r\n - **磷**：1.3% \r\n - **熱量**：3859 仟卡/公斤 \r\n \r\n ### 適用對象\r\n **全齡貓適用** \r\n \r\n ### 食用方式\r\n 請參閱包裝上每日建議餵食量。 \r\n \r\n ### 保存方式\r\n 請儲存於陰涼乾燥無蟲害處並避免日曬，拆封後請盡速食用完畢。 \r\n \r\n ### 注意事項\r\n 1. 本產品有海藻塗層，顆粒上有黑褐色小點屬於正常現象。 \r\n 2. 品牌轉換時，建議以 7-10 天逐步轉換為宜。 \r\n 6. 請放置於兒童及寵物無法取得的地方，避免誤吞造成噎食意外。 \r\n \r\n ### 原產地\r\n **荷蘭**', 120, 6, '2025-01-16 03:08:00', '2025-03-11 15:42:00', '上架', '/images/shop/DryFoodDog/dryFoodDog (11).jpg', 50, 0),
(17, '【加贈抗菌慕斯】希爾思-成犬1-6歲(雞肉與大麥特調食譜)小顆粒', '# 產品資訊\r\n \r\n ## 產品特色\r\n 1. **葡萄糖胺/軟骨素** - 幫助關節靈活，骨質保健 \r\n 2. **大顆粒** - 幫助潔牙 \r\n 3. **腸益菌/益菌生** - 整腸助消化及吸收 \r\n \r\n ## 優質成份\r\n 乾燥羊肉、乾燥雞肉、研磨糙米、研磨釀造米、研磨高粱、研磨玉米、珍珠大麥、雞脂（以混合生育酚保存）、玉米麩粉、乾燥甜菜根、天然調味料、乾燥鮭魚、食鹽、氯化鉀、乾燥蕃茄粕、藜麥、乾燥雞蛋、釀造乾燥酵母、研磨亞麻仁、維生素（維生素E、菸鹼酸（維生素B3）、硫胺素（維生素B1）、泛酸鈣（維生素B5）、維生素A、鹽酸吡哆醇（維生素B6）、維生素B2、維生素D3、維生素B12、葉酸、生物素）、乾燥番茄、礦物質（硫酸鋅、硫酸鐵、硫酸銅、氧化錳、亞硒酸鈉、碘酸鈣）、氯化膽鹼、乾燥菊苣根（菊苣多醣、果寡糖來源）、鯡魚油（以混合生育酚保存）、DL-甲硫氨酸、絲蘭萃取精華、L-抗壞血酸-2-聚磷酸鹽（維生素C活性來源）、鹽酸鹽葡萄糖胺、軟骨素、左旋肉鹼、肌醇、啤酒酵母萃取物、益生菌（腸球菌、嗜酸乳桿菌、黑麴菌、長枝木黴菌、枯草芽孢桿菌）。\r\n \r\n ## 保證成份分析\r\n - **粗蛋白質**（最低量）：23.00% \r\n - **粗脂肪**（最低量）：14.00% \r\n - **粗纖維**（最高量）：4.00% \r\n - **水分**（最高量）：10.00% \r\n - **灰分**（最高量）：7.50% \r\n - **鈣**（最低量）：0.50% \r\n - **磷**（最低量）：0.40% \r\n - **茄紅素**（最低量）：8 mg/kg \r\n - **Omega-3 脂肪酸**（最低量）：0.30% \r\n - **Omega-6 脂肪酸**（最低量）：1.50% \r\n - **葡萄糖胺**（最低量）：210 mg/kg \r\n - **軟骨素**（最低量）：85 mg/kg \r\n - **熱量**：3600 仟卡/公斤 \r\n \r\n ## 適用對象\r\n **成犬適用** \r\n \r\n ## 保存方式\r\n 避免放置潮濕處，避免放置太陽照射處。 \r\n \r\n ## 產地\r\n **美國** \r\n \r\n ## 備註\r\n - 快速轉換新食物可能引起寵物消化不良及腸胃不適，因此應以**七天以上的時間**逐漸轉換，讓寵物慢慢適應新食物。 \r\n - **優格寵物食譜**符合 **AAFCO（美國飼料管理協會）**所制定的營養標準。 \r\n - **無麩質低敏食譜** \r\n \r\n ---\r\n \r\n ## **全齡貓草本美毛貓糧 (雞肉鮭魚+百合根)** \r\n \r\n **無麩質低敏食譜** \r\n \r\n ### 產品特色\r\n 1. **荷蘭獸醫調配** - 毛孩均衡食補 \r\n 2. **海藻 & 綠茶萃取塗層** - 充氮包裝能保鮮 \r\n 3. **符合歐洲 FEDIAF 營養規範** \r\n \r\n ### 成份\r\n 雞肉、米、玉米、豌豆、雞脂、鮭魚、鮭魚油、 \r\n 海藻、菊苣纖維、蕃茄乾、紫花苜蓿、百合根、絲蘭、 \r\n 維生素A、維生素D3、維生素E、硫酸銅、硫酸亞鐵、 \r\n 二氧化錳、硫酸鋅、碘酸鈣、亞硒酸鈉、牛磺酸 \r\n \r\n ### 營養分析\r\n - **粗蛋白**：32.0% \r\n - **粗脂肪**：15.0% \r\n - **粗灰分**：8.0% \r\n - **粗纖維**：1.6% \r\n - **水分**：8.0% \r\n - **鈣**：1.7% \r\n - **磷**：1.3% \r\n - **熱量**：3859 仟卡/公斤 \r\n \r\n ### 適用對象\r\n **全齡貓適用** \r\n \r\n ### 食用方式\r\n 請參閱包裝上每日建議餵食量。 \r\n \r\n ### 保存方式\r\n 請儲存於陰涼乾燥無蟲害處並避免日曬，拆封後請盡速食用完畢。 \r\n \r\n ### 注意事項\r\n 1. 本產品有海藻塗層，顆粒上有黑褐色小點屬於正常現象。 \r\n 2. 品牌轉換時，建議以 7-10 天逐步轉換為宜。 \r\n 7. 請放置於兒童及寵物無法取得的地方，避免誤吞造成噎食意外。 \r\n \r\n ### 原產地\r\n **荷蘭**', 200, 6, '2025-01-16 03:08:00', '2025-03-11 15:42:00', '上架', '/images/shop/DryFoodDog/dryFoodDog (12).jpg', 50, 0),
(18, '紐頓 無穀全能系列 T28(鮭魚+鱒魚挑嘴全齡犬小顆粒)', '# 產品資訊\r\n \r\n ## 產品特色\r\n 1. **葡萄糖胺/軟骨素** - 幫助關節靈活，骨質保健 \r\n 2. **大顆粒** - 幫助潔牙 \r\n 3. **腸益菌/益菌生** - 整腸助消化及吸收 \r\n \r\n ## 優質成份\r\n 乾燥羊肉、乾燥雞肉、研磨糙米、研磨釀造米、研磨高粱、研磨玉米、珍珠大麥、雞脂（以混合生育酚保存）、玉米麩粉、乾燥甜菜根、天然調味料、乾燥鮭魚、食鹽、氯化鉀、乾燥蕃茄粕、藜麥、乾燥雞蛋、釀造乾燥酵母、研磨亞麻仁、維生素（維生素E、菸鹼酸（維生素B3）、硫胺素（維生素B1）、泛酸鈣（維生素B5）、維生素A、鹽酸吡哆醇（維生素B6）、維生素B2、維生素D3、維生素B12、葉酸、生物素）、乾燥番茄、礦物質（硫酸鋅、硫酸鐵、硫酸銅、氧化錳、亞硒酸鈉、碘酸鈣）、氯化膽鹼、乾燥菊苣根（菊苣多醣、果寡糖來源）、鯡魚油（以混合生育酚保存）、DL-甲硫氨酸、絲蘭萃取精華、L-抗壞血酸-2-聚磷酸鹽（維生素C活性來源）、鹽酸鹽葡萄糖胺、軟骨素、左旋肉鹼、肌醇、啤酒酵母萃取物、益生菌（腸球菌、嗜酸乳桿菌、黑麴菌、長枝木黴菌、枯草芽孢桿菌）。\r\n \r\n ## 保證成份分析\r\n - **粗蛋白質**（最低量）：23.00% \r\n - **粗脂肪**（最低量）：14.00% \r\n - **粗纖維**（最高量）：4.00% \r\n - **水分**（最高量）：10.00% \r\n - **灰分**（最高量）：7.50% \r\n - **鈣**（最低量）：0.50% \r\n - **磷**（最低量）：0.40% \r\n - **茄紅素**（最低量）：8 mg/kg \r\n - **Omega-3 脂肪酸**（最低量）：0.30% \r\n - **Omega-6 脂肪酸**（最低量）：1.50% \r\n - **葡萄糖胺**（最低量）：210 mg/kg \r\n - **軟骨素**（最低量）：85 mg/kg \r\n - **熱量**：3600 仟卡/公斤 \r\n \r\n ## 適用對象\r\n **成犬適用** \r\n \r\n ## 保存方式\r\n 避免放置潮濕處，避免放置太陽照射處。 \r\n \r\n ## 產地\r\n **美國** \r\n \r\n ## 備註\r\n - 快速轉換新食物可能引起寵物消化不良及腸胃不適，因此應以**七天以上的時間**逐漸轉換，讓寵物慢慢適應新食物。 \r\n - **優格寵物食譜**符合 **AAFCO（美國飼料管理協會）**所制定的營養標準。 \r\n - **無麩質低敏食譜** \r\n \r\n ---\r\n \r\n ## **全齡貓草本美毛貓糧 (雞肉鮭魚+百合根)** \r\n \r\n **無麩質低敏食譜** \r\n \r\n ### 產品特色\r\n 1. **荷蘭獸醫調配** - 毛孩均衡食補 \r\n 2. **海藻 & 綠茶萃取塗層** - 充氮包裝能保鮮 \r\n 3. **符合歐洲 FEDIAF 營養規範** \r\n \r\n ### 成份\r\n 雞肉、米、玉米、豌豆、雞脂、鮭魚、鮭魚油、 \r\n 海藻、菊苣纖維、蕃茄乾、紫花苜蓿、百合根、絲蘭、 \r\n 維生素A、維生素D3、維生素E、硫酸銅、硫酸亞鐵、 \r\n 二氧化錳、硫酸鋅、碘酸鈣、亞硒酸鈉、牛磺酸 \r\n \r\n ### 營養分析\r\n - **粗蛋白**：32.0% \r\n - **粗脂肪**：15.0% \r\n - **粗灰分**：8.0% \r\n - **粗纖維**：1.6% \r\n - **水分**：8.0% \r\n - **鈣**：1.7% \r\n - **磷**：1.3% \r\n - **熱量**：3859 仟卡/公斤 \r\n \r\n ### 適用對象\r\n **全齡貓適用** \r\n \r\n ### 食用方式\r\n 請參閱包裝上每日建議餵食量。 \r\n \r\n ### 保存方式\r\n 請儲存於陰涼乾燥無蟲害處並避免日曬，拆封後請盡速食用完畢。 \r\n \r\n ### 注意事項\r\n 1. 本產品有海藻塗層，顆粒上有黑褐色小點屬於正常現象。 \r\n 2. 品牌轉換時，建議以 7-10 天逐步轉換為宜。 \r\n 8. 請放置於兒童及寵物無法取得的地方，避免誤吞造成噎食意外。 \r\n \r\n ### 原產地\r\n **荷蘭**', 250, 6, '2025-01-16 03:08:00', '2025-03-11 15:42:00', '上架', '/images/shop/DryFoodDog/dryFoodDog (2).jpg', 50, 0),
(19, '紐頓 無穀全能系列 T29(低敏羊肉挑嘴全齡犬小顆粒)', '# 產品資訊\r\n \r\n ## 產品特色\r\n 1. **葡萄糖胺/軟骨素** - 幫助關節靈活，骨質保健 \r\n 2. **大顆粒** - 幫助潔牙 \r\n 3. **腸益菌/益菌生** - 整腸助消化及吸收 \r\n \r\n ## 優質成份\r\n 乾燥羊肉、乾燥雞肉、研磨糙米、研磨釀造米、研磨高粱、研磨玉米、珍珠大麥、雞脂（以混合生育酚保存）、玉米麩粉、乾燥甜菜根、天然調味料、乾燥鮭魚、食鹽、氯化鉀、乾燥蕃茄粕、藜麥、乾燥雞蛋、釀造乾燥酵母、研磨亞麻仁、維生素（維生素E、菸鹼酸（維生素B3）、硫胺素（維生素B1）、泛酸鈣（維生素B5）、維生素A、鹽酸吡哆醇（維生素B6）、維生素B2、維生素D3、維生素B12、葉酸、生物素）、乾燥番茄、礦物質（硫酸鋅、硫酸鐵、硫酸銅、氧化錳、亞硒酸鈉、碘酸鈣）、氯化膽鹼、乾燥菊苣根（菊苣多醣、果寡糖來源）、鯡魚油（以混合生育酚保存）、DL-甲硫氨酸、絲蘭萃取精華、L-抗壞血酸-2-聚磷酸鹽（維生素C活性來源）、鹽酸鹽葡萄糖胺、軟骨素、左旋肉鹼、肌醇、啤酒酵母萃取物、益生菌（腸球菌、嗜酸乳桿菌、黑麴菌、長枝木黴菌、枯草芽孢桿菌）。\r\n \r\n ## 保證成份分析\r\n - **粗蛋白質**（最低量）：23.00% \r\n - **粗脂肪**（最低量）：14.00% \r\n - **粗纖維**（最高量）：4.00% \r\n - **水分**（最高量）：10.00% \r\n - **灰分**（最高量）：7.50% \r\n - **鈣**（最低量）：0.50% \r\n - **磷**（最低量）：0.40% \r\n - **茄紅素**（最低量）：8 mg/kg \r\n - **Omega-3 脂肪酸**（最低量）：0.30% \r\n - **Omega-6 脂肪酸**（最低量）：1.50% \r\n - **葡萄糖胺**（最低量）：210 mg/kg \r\n - **軟骨素**（最低量）：85 mg/kg \r\n - **熱量**：3600 仟卡/公斤 \r\n \r\n ## 適用對象\r\n **成犬適用** \r\n \r\n ## 保存方式\r\n 避免放置潮濕處，避免放置太陽照射處。 \r\n \r\n ## 產地\r\n **美國** \r\n \r\n ## 備註\r\n - 快速轉換新食物可能引起寵物消化不良及腸胃不適，因此應以**七天以上的時間**逐漸轉換，讓寵物慢慢適應新食物。 \r\n - **優格寵物食譜**符合 **AAFCO（美國飼料管理協會）**所制定的營養標準。 \r\n - **無麩質低敏食譜** \r\n \r\n ---\r\n \r\n ## **全齡貓草本美毛貓糧 (雞肉鮭魚+百合根)** \r\n \r\n **無麩質低敏食譜** \r\n \r\n ### 產品特色\r\n 1. **荷蘭獸醫調配** - 毛孩均衡食補 \r\n 2. **海藻 & 綠茶萃取塗層** - 充氮包裝能保鮮 \r\n 3. **符合歐洲 FEDIAF 營養規範** \r\n \r\n ### 成份\r\n 雞肉、米、玉米、豌豆、雞脂、鮭魚、鮭魚油、 \r\n 海藻、菊苣纖維、蕃茄乾、紫花苜蓿、百合根、絲蘭、 \r\n 維生素A、維生素D3、維生素E、硫酸銅、硫酸亞鐵、 \r\n 二氧化錳、硫酸鋅、碘酸鈣、亞硒酸鈉、牛磺酸 \r\n \r\n ### 營養分析\r\n - **粗蛋白**：32.0% \r\n - **粗脂肪**：15.0% \r\n - **粗灰分**：8.0% \r\n - **粗纖維**：1.6% \r\n - **水分**：8.0% \r\n - **鈣**：1.7% \r\n - **磷**：1.3% \r\n - **熱量**：3859 仟卡/公斤 \r\n \r\n ### 適用對象\r\n **全齡貓適用** \r\n \r\n ### 食用方式\r\n 請參閱包裝上每日建議餵食量。 \r\n \r\n ### 保存方式\r\n 請儲存於陰涼乾燥無蟲害處並避免日曬，拆封後請盡速食用完畢。 \r\n \r\n ### 注意事項\r\n 1. 本產品有海藻塗層，顆粒上有黑褐色小點屬於正常現象。 \r\n 2. 品牌轉換時，建議以 7-10 天逐步轉換為宜。 \r\n 9. 請放置於兒童及寵物無法取得的地方，避免誤吞造成噎食意外。 \r\n \r\n ### 原產地\r\n **荷蘭**', 550, 6, '2025-01-16 03:08:00', '2025-03-11 15:42:00', '上架', '/images/shop/DryFoodDog/dryFoodDog (3).jpg', 50, 0),
(20, '【加贈凍乾】自然主義 中小型成犬 草本犬糧(火雞肉豌豆+黨參)', '# 產品資訊\r\n \r\n ## 產品特色\r\n 1. **葡萄糖胺/軟骨素** - 幫助關節靈活，骨質保健 \r\n 2. **大顆粒** - 幫助潔牙 \r\n 3. **腸益菌/益菌生** - 整腸助消化及吸收 \r\n \r\n ## 優質成份\r\n 乾燥羊肉、乾燥雞肉、研磨糙米、研磨釀造米、研磨高粱、研磨玉米、珍珠大麥、雞脂（以混合生育酚保存）、玉米麩粉、乾燥甜菜根、天然調味料、乾燥鮭魚、食鹽、氯化鉀、乾燥蕃茄粕、藜麥、乾燥雞蛋、釀造乾燥酵母、研磨亞麻仁、維生素（維生素E、菸鹼酸（維生素B3）、硫胺素（維生素B1）、泛酸鈣（維生素B5）、維生素A、鹽酸吡哆醇（維生素B6）、維生素B2、維生素D3、維生素B12、葉酸、生物素）、乾燥番茄、礦物質（硫酸鋅、硫酸鐵、硫酸銅、氧化錳、亞硒酸鈉、碘酸鈣）、氯化膽鹼、乾燥菊苣根（菊苣多醣、果寡糖來源）、鯡魚油（以混合生育酚保存）、DL-甲硫氨酸、絲蘭萃取精華、L-抗壞血酸-2-聚磷酸鹽（維生素C活性來源）、鹽酸鹽葡萄糖胺、軟骨素、左旋肉鹼、肌醇、啤酒酵母萃取物、益生菌（腸球菌、嗜酸乳桿菌、黑麴菌、長枝木黴菌、枯草芽孢桿菌）。\r\n \r\n ## 保證成份分析\r\n - **粗蛋白質**（最低量）：23.00% \r\n - **粗脂肪**（最低量）：14.00% \r\n - **粗纖維**（最高量）：4.00% \r\n - **水分**（最高量）：10.00% \r\n - **灰分**（最高量）：7.50% \r\n - **鈣**（最低量）：0.50% \r\n - **磷**（最低量）：0.40% \r\n - **茄紅素**（最低量）：8 mg/kg \r\n - **Omega-3 脂肪酸**（最低量）：0.30% \r\n - **Omega-6 脂肪酸**（最低量）：1.50% \r\n - **葡萄糖胺**（最低量）：210 mg/kg \r\n - **軟骨素**（最低量）：85 mg/kg \r\n - **熱量**：3600 仟卡/公斤 \r\n \r\n ## 適用對象\r\n **成犬適用** \r\n \r\n ## 保存方式\r\n 避免放置潮濕處，避免放置太陽照射處。 \r\n \r\n ## 產地\r\n **美國** \r\n \r\n ## 備註\r\n - 快速轉換新食物可能引起寵物消化不良及腸胃不適，因此應以**七天以上的時間**逐漸轉換，讓寵物慢慢適應新食物。 \r\n - **優格寵物食譜**符合 **AAFCO（美國飼料管理協會）**所制定的營養標準。 \r\n - **無麩質低敏食譜** \r\n \r\n ---\r\n \r\n ## **全齡貓草本美毛貓糧 (雞肉鮭魚+百合根)** \r\n \r\n **無麩質低敏食譜** \r\n \r\n ### 產品特色\r\n 1. **荷蘭獸醫調配** - 毛孩均衡食補 \r\n 2. **海藻 & 綠茶萃取塗層** - 充氮包裝能保鮮 \r\n 3. **符合歐洲 FEDIAF 營養規範** \r\n \r\n ### 成份\r\n 雞肉、米、玉米、豌豆、雞脂、鮭魚、鮭魚油、 \r\n 海藻、菊苣纖維、蕃茄乾、紫花苜蓿、百合根、絲蘭、 \r\n 維生素A、維生素D3、維生素E、硫酸銅、硫酸亞鐵、 \r\n 二氧化錳、硫酸鋅、碘酸鈣、亞硒酸鈉、牛磺酸 \r\n \r\n ### 營養分析\r\n - **粗蛋白**：32.0% \r\n - **粗脂肪**：15.0% \r\n - **粗灰分**：8.0% \r\n - **粗纖維**：1.6% \r\n - **水分**：8.0% \r\n - **鈣**：1.7% \r\n - **磷**：1.3% \r\n - **熱量**：3859 仟卡/公斤 \r\n \r\n ### 適用對象\r\n **全齡貓適用** \r\n \r\n ### 食用方式\r\n 請參閱包裝上每日建議餵食量。 \r\n \r\n ### 保存方式\r\n 請儲存於陰涼乾燥無蟲害處並避免日曬，拆封後請盡速食用完畢。 \r\n \r\n ### 注意事項\r\n 1. 本產品有海藻塗層，顆粒上有黑褐色小點屬於正常現象。 \r\n 2. 品牌轉換時，建議以 7-10 天逐步轉換為宜。 \r\n 10. 請放置於兒童及寵物無法取得的地方，避免誤吞造成噎食意外。 \r\n \r\n ### 原產地\r\n **荷蘭**', 60, 6, '2025-01-16 03:08:00', '2025-03-11 15:42:00', '上架', '/images/shop/DryFoodDog/dryFoodDog (4).jpg', 50, 0),
(21, '【加贈凍乾】自然主義 全齡犬 草本美毛犬糧(雞肉鮭魚+百合根)', '# 產品資訊\r\n \r\n ## 產品特色\r\n 1. **葡萄糖胺/軟骨素** - 幫助關節靈活，骨質保健 \r\n 2. **大顆粒** - 幫助潔牙 \r\n 3. **腸益菌/益菌生** - 整腸助消化及吸收 \r\n \r\n ## 優質成份\r\n 乾燥羊肉、乾燥雞肉、研磨糙米、研磨釀造米、研磨高粱、研磨玉米、珍珠大麥、雞脂（以混合生育酚保存）、玉米麩粉、乾燥甜菜根、天然調味料、乾燥鮭魚、食鹽、氯化鉀、乾燥蕃茄粕、藜麥、乾燥雞蛋、釀造乾燥酵母、研磨亞麻仁、維生素（維生素E、菸鹼酸（維生素B3）、硫胺素（維生素B1）、泛酸鈣（維生素B5）、維生素A、鹽酸吡哆醇（維生素B6）、維生素B2、維生素D3、維生素B12、葉酸、生物素）、乾燥番茄、礦物質（硫酸鋅、硫酸鐵、硫酸銅、氧化錳、亞硒酸鈉、碘酸鈣）、氯化膽鹼、乾燥菊苣根（菊苣多醣、果寡糖來源）、鯡魚油（以混合生育酚保存）、DL-甲硫氨酸、絲蘭萃取精華、L-抗壞血酸-2-聚磷酸鹽（維生素C活性來源）、鹽酸鹽葡萄糖胺、軟骨素、左旋肉鹼、肌醇、啤酒酵母萃取物、益生菌（腸球菌、嗜酸乳桿菌、黑麴菌、長枝木黴菌、枯草芽孢桿菌）。\r\n \r\n ## 保證成份分析\r\n - **粗蛋白質**（最低量）：23.00% \r\n - **粗脂肪**（最低量）：14.00% \r\n - **粗纖維**（最高量）：4.00% \r\n - **水分**（最高量）：10.00% \r\n - **灰分**（最高量）：7.50% \r\n - **鈣**（最低量）：0.50% \r\n - **磷**（最低量）：0.40% \r\n - **茄紅素**（最低量）：8 mg/kg \r\n - **Omega-3 脂肪酸**（最低量）：0.30% \r\n - **Omega-6 脂肪酸**（最低量）：1.50% \r\n - **葡萄糖胺**（最低量）：210 mg/kg \r\n - **軟骨素**（最低量）：85 mg/kg \r\n - **熱量**：3600 仟卡/公斤 \r\n \r\n ## 適用對象\r\n **成犬適用** \r\n \r\n ## 保存方式\r\n 避免放置潮濕處，避免放置太陽照射處。 \r\n \r\n ## 產地\r\n **美國** \r\n \r\n ## 備註\r\n - 快速轉換新食物可能引起寵物消化不良及腸胃不適，因此應以**七天以上的時間**逐漸轉換，讓寵物慢慢適應新食物。 \r\n - **優格寵物食譜**符合 **AAFCO（美國飼料管理協會）**所制定的營養標準。 \r\n - **無麩質低敏食譜** \r\n \r\n ---\r\n \r\n ## **全齡貓草本美毛貓糧 (雞肉鮭魚+百合根)** \r\n \r\n **無麩質低敏食譜** \r\n \r\n ### 產品特色\r\n 1. **荷蘭獸醫調配** - 毛孩均衡食補 \r\n 2. **海藻 & 綠茶萃取塗層** - 充氮包裝能保鮮 \r\n 3. **符合歐洲 FEDIAF 營養規範** \r\n \r\n ### 成份\r\n 雞肉、米、玉米、豌豆、雞脂、鮭魚、鮭魚油、 \r\n 海藻、菊苣纖維、蕃茄乾、紫花苜蓿、百合根、絲蘭、 \r\n 維生素A、維生素D3、維生素E、硫酸銅、硫酸亞鐵、 \r\n 二氧化錳、硫酸鋅、碘酸鈣、亞硒酸鈉、牛磺酸 \r\n \r\n ### 營養分析\r\n - **粗蛋白**：32.0% \r\n - **粗脂肪**：15.0% \r\n - **粗灰分**：8.0% \r\n - **粗纖維**：1.6% \r\n - **水分**：8.0% \r\n - **鈣**：1.7% \r\n - **磷**：1.3% \r\n - **熱量**：3859 仟卡/公斤 \r\n \r\n ### 適用對象\r\n **全齡貓適用** \r\n \r\n ### 食用方式\r\n 請參閱包裝上每日建議餵食量。 \r\n \r\n ### 保存方式\r\n 請儲存於陰涼乾燥無蟲害處並避免日曬，拆封後請盡速食用完畢。 \r\n \r\n ### 注意事項\r\n 1. 本產品有海藻塗層，顆粒上有黑褐色小點屬於正常現象。 \r\n 2. 品牌轉換時，建議以 7-10 天逐步轉換為宜。 \r\n 11. 請放置於兒童及寵物無法取得的地方，避免誤吞造成噎食意外。 \r\n \r\n ### 原產地\r\n **荷蘭**', 70, 6, '2025-01-16 03:08:00', '2025-03-11 15:42:00', '上架', '/images/shop/DryFoodDog/dryFoodDog (5).jpg', 50, 0),
(22, 'Petlife晶饌纖蔬肉糧-鮮緻嫩雞(全齡犬)', '# 產品資訊\r\n \r\n ## 產品特色\r\n 1. **葡萄糖胺/軟骨素** - 幫助關節靈活，骨質保健 \r\n 2. **大顆粒** - 幫助潔牙 \r\n 3. **腸益菌/益菌生** - 整腸助消化及吸收 \r\n \r\n ## 優質成份\r\n 乾燥羊肉、乾燥雞肉、研磨糙米、研磨釀造米、研磨高粱、研磨玉米、珍珠大麥、雞脂（以混合生育酚保存）、玉米麩粉、乾燥甜菜根、天然調味料、乾燥鮭魚、食鹽、氯化鉀、乾燥蕃茄粕、藜麥、乾燥雞蛋、釀造乾燥酵母、研磨亞麻仁、維生素（維生素E、菸鹼酸（維生素B3）、硫胺素（維生素B1）、泛酸鈣（維生素B5）、維生素A、鹽酸吡哆醇（維生素B6）、維生素B2、維生素D3、維生素B12、葉酸、生物素）、乾燥番茄、礦物質（硫酸鋅、硫酸鐵、硫酸銅、氧化錳、亞硒酸鈉、碘酸鈣）、氯化膽鹼、乾燥菊苣根（菊苣多醣、果寡糖來源）、鯡魚油（以混合生育酚保存）、DL-甲硫氨酸、絲蘭萃取精華、L-抗壞血酸-2-聚磷酸鹽（維生素C活性來源）、鹽酸鹽葡萄糖胺、軟骨素、左旋肉鹼、肌醇、啤酒酵母萃取物、益生菌（腸球菌、嗜酸乳桿菌、黑麴菌、長枝木黴菌、枯草芽孢桿菌）。\r\n \r\n ## 保證成份分析\r\n - **粗蛋白質**（最低量）：23.00% \r\n - **粗脂肪**（最低量）：14.00% \r\n - **粗纖維**（最高量）：4.00% \r\n - **水分**（最高量）：10.00% \r\n - **灰分**（最高量）：7.50% \r\n - **鈣**（最低量）：0.50% \r\n - **磷**（最低量）：0.40% \r\n - **茄紅素**（最低量）：8 mg/kg \r\n - **Omega-3 脂肪酸**（最低量）：0.30% \r\n - **Omega-6 脂肪酸**（最低量）：1.50% \r\n - **葡萄糖胺**（最低量）：210 mg/kg \r\n - **軟骨素**（最低量）：85 mg/kg \r\n - **熱量**：3600 仟卡/公斤 \r\n \r\n ## 適用對象\r\n **成犬適用** \r\n \r\n ## 保存方式\r\n 避免放置潮濕處，避免放置太陽照射處。 \r\n \r\n ## 產地\r\n **美國** \r\n \r\n ## 備註\r\n - 快速轉換新食物可能引起寵物消化不良及腸胃不適，因此應以**七天以上的時間**逐漸轉換，讓寵物慢慢適應新食物。 \r\n - **優格寵物食譜**符合 **AAFCO（美國飼料管理協會）**所制定的營養標準。 \r\n - **無麩質低敏食譜** \r\n \r\n ---\r\n \r\n ## **全齡貓草本美毛貓糧 (雞肉鮭魚+百合根)** \r\n \r\n **無麩質低敏食譜** \r\n \r\n ### 產品特色\r\n 1. **荷蘭獸醫調配** - 毛孩均衡食補 \r\n 2. **海藻 & 綠茶萃取塗層** - 充氮包裝能保鮮 \r\n 3. **符合歐洲 FEDIAF 營養規範** \r\n \r\n ### 成份\r\n 雞肉、米、玉米、豌豆、雞脂、鮭魚、鮭魚油、 \r\n 海藻、菊苣纖維、蕃茄乾、紫花苜蓿、百合根、絲蘭、 \r\n 維生素A、維生素D3、維生素E、硫酸銅、硫酸亞鐵、 \r\n 二氧化錳、硫酸鋅、碘酸鈣、亞硒酸鈉、牛磺酸 \r\n \r\n ### 營養分析\r\n - **粗蛋白**：32.0% \r\n - **粗脂肪**：15.0% \r\n - **粗灰分**：8.0% \r\n - **粗纖維**：1.6% \r\n - **水分**：8.0% \r\n - **鈣**：1.7% \r\n - **磷**：1.3% \r\n - **熱量**：3859 仟卡/公斤 \r\n \r\n ### 適用對象\r\n **全齡貓適用** \r\n \r\n ### 食用方式\r\n 請參閱包裝上每日建議餵食量。 \r\n \r\n ### 保存方式\r\n 請儲存於陰涼乾燥無蟲害處並避免日曬，拆封後請盡速食用完畢。 \r\n \r\n ### 注意事項\r\n 1. 本產品有海藻塗層，顆粒上有黑褐色小點屬於正常現象。 \r\n 2. 品牌轉換時，建議以 7-10 天逐步轉換為宜。 \r\n 12. 請放置於兒童及寵物無法取得的地方，避免誤吞造成噎食意外。 \r\n \r\n ### 原產地\r\n **荷蘭**', 450, 6, '2025-01-16 13:28:00', '2025-03-11 15:42:00', '上架', '/images/shop/DryFoodDog/dryFoodDog (6).jpg', 50, 0),
(23, '【法國皇家】BCA比熊成犬專用飼料', '# 產品資訊\r\n \r\n ## 產品特色\r\n 1. **葡萄糖胺/軟骨素** - 幫助關節靈活，骨質保健 \r\n 2. **大顆粒** - 幫助潔牙 \r\n 3. **腸益菌/益菌生** - 整腸助消化及吸收 \r\n \r\n ## 優質成份\r\n 乾燥羊肉、乾燥雞肉、研磨糙米、研磨釀造米、研磨高粱、研磨玉米、珍珠大麥、雞脂（以混合生育酚保存）、玉米麩粉、乾燥甜菜根、天然調味料、乾燥鮭魚、食鹽、氯化鉀、乾燥蕃茄粕、藜麥、乾燥雞蛋、釀造乾燥酵母、研磨亞麻仁、維生素（維生素E、菸鹼酸（維生素B3）、硫胺素（維生素B1）、泛酸鈣（維生素B5）、維生素A、鹽酸吡哆醇（維生素B6）、維生素B2、維生素D3、維生素B12、葉酸、生物素）、乾燥番茄、礦物質（硫酸鋅、硫酸鐵、硫酸銅、氧化錳、亞硒酸鈉、碘酸鈣）、氯化膽鹼、乾燥菊苣根（菊苣多醣、果寡糖來源）、鯡魚油（以混合生育酚保存）、DL-甲硫氨酸、絲蘭萃取精華、L-抗壞血酸-2-聚磷酸鹽（維生素C活性來源）、鹽酸鹽葡萄糖胺、軟骨素、左旋肉鹼、肌醇、啤酒酵母萃取物、益生菌（腸球菌、嗜酸乳桿菌、黑麴菌、長枝木黴菌、枯草芽孢桿菌）。\r\n \r\n ## 保證成份分析\r\n - **粗蛋白質**（最低量）：23.00% \r\n - **粗脂肪**（最低量）：14.00% \r\n - **粗纖維**（最高量）：4.00% \r\n - **水分**（最高量）：10.00% \r\n - **灰分**（最高量）：7.50% \r\n - **鈣**（最低量）：0.50% \r\n - **磷**（最低量）：0.40% \r\n - **茄紅素**（最低量）：8 mg/kg \r\n - **Omega-3 脂肪酸**（最低量）：0.30% \r\n - **Omega-6 脂肪酸**（最低量）：1.50% \r\n - **葡萄糖胺**（最低量）：210 mg/kg \r\n - **軟骨素**（最低量）：85 mg/kg \r\n - **熱量**：3600 仟卡/公斤 \r\n \r\n ## 適用對象\r\n **成犬適用** \r\n \r\n ## 保存方式\r\n 避免放置潮濕處，避免放置太陽照射處。 \r\n \r\n ## 產地\r\n **美國** \r\n \r\n ## 備註\r\n - 快速轉換新食物可能引起寵物消化不良及腸胃不適，因此應以**七天以上的時間**逐漸轉換，讓寵物慢慢適應新食物。 \r\n - **優格寵物食譜**符合 **AAFCO（美國飼料管理協會）**所制定的營養標準。 \r\n - **無麩質低敏食譜** \r\n \r\n ---\r\n \r\n ## **全齡貓草本美毛貓糧 (雞肉鮭魚+百合根)** \r\n \r\n **無麩質低敏食譜** \r\n \r\n ### 產品特色\r\n 1. **荷蘭獸醫調配** - 毛孩均衡食補 \r\n 2. **海藻 & 綠茶萃取塗層** - 充氮包裝能保鮮 \r\n 3. **符合歐洲 FEDIAF 營養規範** \r\n \r\n ### 成份\r\n 雞肉、米、玉米、豌豆、雞脂、鮭魚、鮭魚油、 \r\n 海藻、菊苣纖維、蕃茄乾、紫花苜蓿、百合根、絲蘭、 \r\n 維生素A、維生素D3、維生素E、硫酸銅、硫酸亞鐵、 \r\n 二氧化錳、硫酸鋅、碘酸鈣、亞硒酸鈉、牛磺酸 \r\n \r\n ### 營養分析\r\n - **粗蛋白**：32.0% \r\n - **粗脂肪**：15.0% \r\n - **粗灰分**：8.0% \r\n - **粗纖維**：1.6% \r\n - **水分**：8.0% \r\n - **鈣**：1.7% \r\n - **磷**：1.3% \r\n - **熱量**：3859 仟卡/公斤 \r\n \r\n ### 適用對象\r\n **全齡貓適用** \r\n \r\n ### 食用方式\r\n 請參閱包裝上每日建議餵食量。 \r\n \r\n ### 保存方式\r\n 請儲存於陰涼乾燥無蟲害處並避免日曬，拆封後請盡速食用完畢。 \r\n \r\n ### 注意事項\r\n 1. 本產品有海藻塗層，顆粒上有黑褐色小點屬於正常現象。 \r\n 2. 品牌轉換時，建議以 7-10 天逐步轉換為宜。 \r\n 13. 請放置於兒童及寵物無法取得的地方，避免誤吞造成噎食意外。 \r\n \r\n ### 原產地\r\n **荷蘭**', 55, 6, '2025-01-16 15:20:00', '2025-03-11 15:42:00', '上架', '/images/shop/DryFoodDog/dryFoodDog (7).jpg', 50, 0),
(24, '耐吉斯 E7 極品鹿肉餐-無穀全齡犬配方', '# 產品資訊\r\n \r\n ## 產品特色\r\n 1. **葡萄糖胺/軟骨素** - 幫助關節靈活，骨質保健 \r\n 2. **大顆粒** - 幫助潔牙 \r\n 3. **腸益菌/益菌生** - 整腸助消化及吸收 \r\n \r\n ## 優質成份\r\n 乾燥羊肉、乾燥雞肉、研磨糙米、研磨釀造米、研磨高粱、研磨玉米、珍珠大麥、雞脂（以混合生育酚保存）、玉米麩粉、乾燥甜菜根、天然調味料、乾燥鮭魚、食鹽、氯化鉀、乾燥蕃茄粕、藜麥、乾燥雞蛋、釀造乾燥酵母、研磨亞麻仁、維生素（維生素E、菸鹼酸（維生素B3）、硫胺素（維生素B1）、泛酸鈣（維生素B5）、維生素A、鹽酸吡哆醇（維生素B6）、維生素B2、維生素D3、維生素B12、葉酸、生物素）、乾燥番茄、礦物質（硫酸鋅、硫酸鐵、硫酸銅、氧化錳、亞硒酸鈉、碘酸鈣）、氯化膽鹼、乾燥菊苣根（菊苣多醣、果寡糖來源）、鯡魚油（以混合生育酚保存）、DL-甲硫氨酸、絲蘭萃取精華、L-抗壞血酸-2-聚磷酸鹽（維生素C活性來源）、鹽酸鹽葡萄糖胺、軟骨素、左旋肉鹼、肌醇、啤酒酵母萃取物、益生菌（腸球菌、嗜酸乳桿菌、黑麴菌、長枝木黴菌、枯草芽孢桿菌）。\r\n \r\n ## 保證成份分析\r\n - **粗蛋白質**（最低量）：23.00% \r\n - **粗脂肪**（最低量）：14.00% \r\n - **粗纖維**（最高量）：4.00% \r\n - **水分**（最高量）：10.00% \r\n - **灰分**（最高量）：7.50% \r\n - **鈣**（最低量）：0.50% \r\n - **磷**（最低量）：0.40% \r\n - **茄紅素**（最低量）：8 mg/kg \r\n - **Omega-3 脂肪酸**（最低量）：0.30% \r\n - **Omega-6 脂肪酸**（最低量）：1.50% \r\n - **葡萄糖胺**（最低量）：210 mg/kg \r\n - **軟骨素**（最低量）：85 mg/kg \r\n - **熱量**：3600 仟卡/公斤 \r\n \r\n ## 適用對象\r\n **成犬適用** \r\n \r\n ## 保存方式\r\n 避免放置潮濕處，避免放置太陽照射處。 \r\n \r\n ## 產地\r\n **美國** \r\n \r\n ## 備註\r\n - 快速轉換新食物可能引起寵物消化不良及腸胃不適，因此應以**七天以上的時間**逐漸轉換，讓寵物慢慢適應新食物。 \r\n - **優格寵物食譜**符合 **AAFCO（美國飼料管理協會）**所制定的營養標準。 \r\n - **無麩質低敏食譜** \r\n \r\n ---\r\n \r\n ## **全齡貓草本美毛貓糧 (雞肉鮭魚+百合根)** \r\n \r\n **無麩質低敏食譜** \r\n \r\n ### 產品特色\r\n 1. **荷蘭獸醫調配** - 毛孩均衡食補 \r\n 2. **海藻 & 綠茶萃取塗層** - 充氮包裝能保鮮 \r\n 3. **符合歐洲 FEDIAF 營養規範** \r\n \r\n ### 成份\r\n 雞肉、米、玉米、豌豆、雞脂、鮭魚、鮭魚油、 \r\n 海藻、菊苣纖維、蕃茄乾、紫花苜蓿、百合根、絲蘭、 \r\n 維生素A、維生素D3、維生素E、硫酸銅、硫酸亞鐵、 \r\n 二氧化錳、硫酸鋅、碘酸鈣、亞硒酸鈉、牛磺酸 \r\n \r\n ### 營養分析\r\n - **粗蛋白**：32.0% \r\n - **粗脂肪**：15.0% \r\n - **粗灰分**：8.0% \r\n - **粗纖維**：1.6% \r\n - **水分**：8.0% \r\n - **鈣**：1.7% \r\n - **磷**：1.3% \r\n - **熱量**：3859 仟卡/公斤 \r\n \r\n ### 適用對象\r\n **全齡貓適用** \r\n \r\n ### 食用方式\r\n 請參閱包裝上每日建議餵食量。 \r\n \r\n ### 保存方式\r\n 請儲存於陰涼乾燥無蟲害處並避免日曬，拆封後請盡速食用完畢。 \r\n \r\n ### 注意事項\r\n 1. 本產品有海藻塗層，顆粒上有黑褐色小點屬於正常現象。 \r\n 2. 品牌轉換時，建議以 7-10 天逐步轉換為宜。 \r\n 14. 請放置於兒童及寵物無法取得的地方，避免誤吞造成噎食意外。 \r\n \r\n ### 原產地\r\n **荷蘭**', 55, 6, '2025-01-16 15:20:00', '2025-03-11 15:42:00', '上架', '/images/shop/DryFoodDog/dryFoodDog (8).jpg', 50, 0),
(25, '【法國皇家】BDA英國鬥牛成犬專用飼料', '# 產品資訊\r\n \r\n ## 產品特色\r\n 1. **葡萄糖胺/軟骨素** - 幫助關節靈活，骨質保健 \r\n 2. **大顆粒** - 幫助潔牙 \r\n 3. **腸益菌/益菌生** - 整腸助消化及吸收 \r\n \r\n ## 優質成份\r\n 乾燥羊肉、乾燥雞肉、研磨糙米、研磨釀造米、研磨高粱、研磨玉米、珍珠大麥、雞脂（以混合生育酚保存）、玉米麩粉、乾燥甜菜根、天然調味料、乾燥鮭魚、食鹽、氯化鉀、乾燥蕃茄粕、藜麥、乾燥雞蛋、釀造乾燥酵母、研磨亞麻仁、維生素（維生素E、菸鹼酸（維生素B3）、硫胺素（維生素B1）、泛酸鈣（維生素B5）、維生素A、鹽酸吡哆醇（維生素B6）、維生素B2、維生素D3、維生素B12、葉酸、生物素）、乾燥番茄、礦物質（硫酸鋅、硫酸鐵、硫酸銅、氧化錳、亞硒酸鈉、碘酸鈣）、氯化膽鹼、乾燥菊苣根（菊苣多醣、果寡糖來源）、鯡魚油（以混合生育酚保存）、DL-甲硫氨酸、絲蘭萃取精華、L-抗壞血酸-2-聚磷酸鹽（維生素C活性來源）、鹽酸鹽葡萄糖胺、軟骨素、左旋肉鹼、肌醇、啤酒酵母萃取物、益生菌（腸球菌、嗜酸乳桿菌、黑麴菌、長枝木黴菌、枯草芽孢桿菌）。\r\n \r\n ## 保證成份分析\r\n - **粗蛋白質**（最低量）：23.00% \r\n - **粗脂肪**（最低量）：14.00% \r\n - **粗纖維**（最高量）：4.00% \r\n - **水分**（最高量）：10.00% \r\n - **灰分**（最高量）：7.50% \r\n - **鈣**（最低量）：0.50% \r\n - **磷**（最低量）：0.40% \r\n - **茄紅素**（最低量）：8 mg/kg \r\n - **Omega-3 脂肪酸**（最低量）：0.30% \r\n - **Omega-6 脂肪酸**（最低量）：1.50% \r\n - **葡萄糖胺**（最低量）：210 mg/kg \r\n - **軟骨素**（最低量）：85 mg/kg \r\n - **熱量**：3600 仟卡/公斤 \r\n \r\n ## 適用對象\r\n **成犬適用** \r\n \r\n ## 保存方式\r\n 避免放置潮濕處，避免放置太陽照射處。 \r\n \r\n ## 產地\r\n **美國** \r\n \r\n ## 備註\r\n - 快速轉換新食物可能引起寵物消化不良及腸胃不適，因此應以**七天以上的時間**逐漸轉換，讓寵物慢慢適應新食物。 \r\n - **優格寵物食譜**符合 **AAFCO（美國飼料管理協會）**所制定的營養標準。 \r\n - **無麩質低敏食譜** \r\n \r\n ---\r\n \r\n ## **全齡貓草本美毛貓糧 (雞肉鮭魚+百合根)** \r\n \r\n **無麩質低敏食譜** \r\n \r\n ### 產品特色\r\n 1. **荷蘭獸醫調配** - 毛孩均衡食補 \r\n 2. **海藻 & 綠茶萃取塗層** - 充氮包裝能保鮮 \r\n 3. **符合歐洲 FEDIAF 營養規範** \r\n \r\n ### 成份\r\n 雞肉、米、玉米、豌豆、雞脂、鮭魚、鮭魚油、 \r\n 海藻、菊苣纖維、蕃茄乾、紫花苜蓿、百合根、絲蘭、 \r\n 維生素A、維生素D3、維生素E、硫酸銅、硫酸亞鐵、 \r\n 二氧化錳、硫酸鋅、碘酸鈣、亞硒酸鈉、牛磺酸 \r\n \r\n ### 營養分析\r\n - **粗蛋白**：32.0% \r\n - **粗脂肪**：15.0% \r\n - **粗灰分**：8.0% \r\n - **粗纖維**：1.6% \r\n - **水分**：8.0% \r\n - **鈣**：1.7% \r\n - **磷**：1.3% \r\n - **熱量**：3859 仟卡/公斤 \r\n \r\n ### 適用對象\r\n **全齡貓適用** \r\n \r\n ### 食用方式\r\n 請參閱包裝上每日建議餵食量。 \r\n \r\n ### 保存方式\r\n 請儲存於陰涼乾燥無蟲害處並避免日曬，拆封後請盡速食用完畢。 \r\n \r\n ### 注意事項\r\n 1. 本產品有海藻塗層，顆粒上有黑褐色小點屬於正常現象。 \r\n 2. 品牌轉換時，建議以 7-10 天逐步轉換為宜。 \r\n 15. 請放置於兒童及寵物無法取得的地方，避免誤吞造成噎食意外。 \r\n \r\n ### 原產地\r\n **荷蘭**', 55, 6, '2025-01-16 15:20:00', '2025-03-11 15:42:00', '上架', '/images/shop/DryFoodDog/dryFoodDog (9).jpg', 1, 0),
(26, '歐司特-無穀貓罐 80g x24罐組', '# 自然主義 全齡貓 草本美毛貓糧 (雞肉鮭魚+百合根) \r\n **無麩質低敏食譜** \r\n \r\n ## 特色 \r\n - 荷蘭獸醫調配，毛孩均衡食補 \r\n - 海藻 & 綠茶萃取塗層，充氮包裝能保鮮 \r\n - 本配方符合歐洲 FEDIAF 營養規範 \r\n \r\n ## 成份 \r\n 雞肉、米、玉米、豌豆、雞脂、鮭魚、鮭魚油、 \r\n 海藻、菊苣纖維、蕃茄乾、紫花苜蓿、百合根、絲蘭、 \r\n 維生素 A、維生素 D3、維生素 E、硫酸銅、硫酸亞鐵、 \r\n 二氧化錳、硫酸鋅、碘酸鈣、亞硒酸鈉、牛磺酸 \r\n \r\n ## 營養分析 \r\n - **粗蛋白**：32.0% \r\n - **粗脂肪**：15.0% \r\n - **粗灰分**：8.0% \r\n - **粗纖維**：1.6% \r\n - **水分**：8.0% \r\n - **鈣**：1.7% \r\n - **磷**：1.3% \r\n - **熱量**：3859 仟卡/公斤 \r\n \r\n ## 適用對象 \r\n 全齡貓適用。 \r\n \r\n ## 食用方式 \r\n 請參閱包裝上每日建議餵食量。 \r\n \r\n ## 保存方式 \r\n 請儲存於陰涼乾燥無蟲害處並避免日曬，拆封後請盡速食用完畢。 \r\n \r\n ## 注意事項 \r\n 1. 本產品有海藻塗層，顆粒上有黑褐色小點屬於正常現象。 \r\n 2. 品牌轉換時，建議以 7-10 天逐步轉換為宜。 \r\n 3. 請放置於兒童及寵物無法取得的地方，避免誤吞造成噎食意外。 \r\n \r\n ## 原產地 \r\n 荷蘭', 550, 9, '2025-01-16 15:20:00', '2025-03-11 15:42:00', '上架', '/images/shop/WetFoodCat/wetFoodCat (1).jpg', 50, 0),
(27, 'MeetCute遇可愛 肉泥主食罐(鮪魚+綠唇貽貝)', '# 自然主義 全齡貓 草本美毛貓糧 (雞肉鮭魚+百合根) \r\n **無麩質低敏食譜** \r\n \r\n ## 特色 \r\n - 荷蘭獸醫調配，毛孩均衡食補 \r\n - 海藻 & 綠茶萃取塗層，充氮包裝能保鮮 \r\n - 本配方符合歐洲 FEDIAF 營養規範 \r\n \r\n ## 成份 \r\n 雞肉、米、玉米、豌豆、雞脂、鮭魚、鮭魚油、 \r\n 海藻、菊苣纖維、蕃茄乾、紫花苜蓿、百合根、絲蘭、 \r\n 維生素 A、維生素 D3、維生素 E、硫酸銅、硫酸亞鐵、 \r\n 二氧化錳、硫酸鋅、碘酸鈣、亞硒酸鈉、牛磺酸 \r\n \r\n ## 營養分析 \r\n - **粗蛋白**：32.0% \r\n - **粗脂肪**：15.0% \r\n - **粗灰分**：8.0% \r\n - **粗纖維**：1.6% \r\n - **水分**：8.0% \r\n - **鈣**：1.7% \r\n - **磷**：1.3% \r\n - **熱量**：3859 仟卡/公斤 \r\n \r\n ## 適用對象 \r\n 全齡貓適用。 \r\n \r\n ## 食用方式 \r\n 請參閱包裝上每日建議餵食量。 \r\n \r\n ## 保存方式 \r\n 請儲存於陰涼乾燥無蟲害處並避免日曬，拆封後請盡速食用完畢。 \r\n \r\n ## 注意事項 \r\n 1. 本產品有海藻塗層，顆粒上有黑褐色小點屬於正常現象。 \r\n 2. 品牌轉換時，建議以 7-10 天逐步轉換為宜。 \r\n 4. 請放置於兒童及寵物無法取得的地方，避免誤吞造成噎食意外。 \r\n \r\n ## 原產地 \r\n 荷蘭', 60, 9, '2025-01-16 15:20:00', '2025-03-11 15:42:00', '上架', '/images/shop/WetFoodCat/wetFoodCat (10).jpg', 50, 0),
(28, 'MeetCute遇可愛 肉泥主食罐(雞肉+鴨肉)', '# 自然主義 全齡貓 草本美毛貓糧 (雞肉鮭魚+百合根) \r\n **無麩質低敏食譜** \r\n \r\n ## 特色 \r\n - 荷蘭獸醫調配，毛孩均衡食補 \r\n - 海藻 & 綠茶萃取塗層，充氮包裝能保鮮 \r\n - 本配方符合歐洲 FEDIAF 營養規範 \r\n \r\n ## 成份 \r\n 雞肉、米、玉米、豌豆、雞脂、鮭魚、鮭魚油、 \r\n 海藻、菊苣纖維、蕃茄乾、紫花苜蓿、百合根、絲蘭、 \r\n 維生素 A、維生素 D3、維生素 E、硫酸銅、硫酸亞鐵、 \r\n 二氧化錳、硫酸鋅、碘酸鈣、亞硒酸鈉、牛磺酸 \r\n \r\n ## 營養分析 \r\n - **粗蛋白**：32.0% \r\n - **粗脂肪**：15.0% \r\n - **粗灰分**：8.0% \r\n - **粗纖維**：1.6% \r\n - **水分**：8.0% \r\n - **鈣**：1.7% \r\n - **磷**：1.3% \r\n - **熱量**：3859 仟卡/公斤 \r\n \r\n ## 適用對象 \r\n 全齡貓適用。 \r\n \r\n ## 食用方式 \r\n 請參閱包裝上每日建議餵食量。 \r\n \r\n ## 保存方式 \r\n 請儲存於陰涼乾燥無蟲害處並避免日曬，拆封後請盡速食用完畢。 \r\n \r\n ## 注意事項 \r\n 1. 本產品有海藻塗層，顆粒上有黑褐色小點屬於正常現象。 \r\n 2. 品牌轉換時，建議以 7-10 天逐步轉換為宜。 \r\n 5. 請放置於兒童及寵物無法取得的地方，避免誤吞造成噎食意外。 \r\n \r\n ## 原產地 \r\n 荷蘭', 70, 9, '2025-01-16 15:20:00', '2025-03-11 15:42:00', '上架', '/images/shop/WetFoodCat/wetFoodCat (11).jpg', 50, 0),
(29, 'MeetCute遇可愛 肉泥主食罐(雞肉+南瓜)', '# 自然主義 全齡貓 草本美毛貓糧 (雞肉鮭魚+百合根) \r\n **無麩質低敏食譜** \r\n \r\n ## 特色 \r\n - 荷蘭獸醫調配，毛孩均衡食補 \r\n - 海藻 & 綠茶萃取塗層，充氮包裝能保鮮 \r\n - 本配方符合歐洲 FEDIAF 營養規範 \r\n \r\n ## 成份 \r\n 雞肉、米、玉米、豌豆、雞脂、鮭魚、鮭魚油、 \r\n 海藻、菊苣纖維、蕃茄乾、紫花苜蓿、百合根、絲蘭、 \r\n 維生素 A、維生素 D3、維生素 E、硫酸銅、硫酸亞鐵、 \r\n 二氧化錳、硫酸鋅、碘酸鈣、亞硒酸鈉、牛磺酸 \r\n \r\n ## 營養分析 \r\n - **粗蛋白**：32.0% \r\n - **粗脂肪**：15.0% \r\n - **粗灰分**：8.0% \r\n - **粗纖維**：1.6% \r\n - **水分**：8.0% \r\n - **鈣**：1.7% \r\n - **磷**：1.3% \r\n - **熱量**：3859 仟卡/公斤 \r\n \r\n ## 適用對象 \r\n 全齡貓適用。 \r\n \r\n ## 食用方式 \r\n 請參閱包裝上每日建議餵食量。 \r\n \r\n ## 保存方式 \r\n 請儲存於陰涼乾燥無蟲害處並避免日曬，拆封後請盡速食用完畢。 \r\n \r\n ## 注意事項 \r\n 1. 本產品有海藻塗層，顆粒上有黑褐色小點屬於正常現象。 \r\n 2. 品牌轉換時，建議以 7-10 天逐步轉換為宜。 \r\n 6. 請放置於兒童及寵物無法取得的地方，避免誤吞造成噎食意外。 \r\n \r\n ## 原產地 \r\n 荷蘭', 80, 9, '2025-01-16 15:20:00', '2025-03-11 15:42:00', '上架', '/images/shop/WetFoodCat/wetFoodCat (12).jpg', 50, 0),
(30, 'MeetCute遇可愛 高湯主食罐(鮪魚+蔓越莓)', '# 自然主義 全齡貓 草本美毛貓糧 (雞肉鮭魚+百合根) \r\n **無麩質低敏食譜** \r\n \r\n ## 特色 \r\n - 荷蘭獸醫調配，毛孩均衡食補 \r\n - 海藻 & 綠茶萃取塗層，充氮包裝能保鮮 \r\n - 本配方符合歐洲 FEDIAF 營養規範 \r\n \r\n ## 成份 \r\n 雞肉、米、玉米、豌豆、雞脂、鮭魚、鮭魚油、 \r\n 海藻、菊苣纖維、蕃茄乾、紫花苜蓿、百合根、絲蘭、 \r\n 維生素 A、維生素 D3、維生素 E、硫酸銅、硫酸亞鐵、 \r\n 二氧化錳、硫酸鋅、碘酸鈣、亞硒酸鈉、牛磺酸 \r\n \r\n ## 營養分析 \r\n - **粗蛋白**：32.0% \r\n - **粗脂肪**：15.0% \r\n - **粗灰分**：8.0% \r\n - **粗纖維**：1.6% \r\n - **水分**：8.0% \r\n - **鈣**：1.7% \r\n - **磷**：1.3% \r\n - **熱量**：3859 仟卡/公斤 \r\n \r\n ## 適用對象 \r\n 全齡貓適用。 \r\n \r\n ## 食用方式 \r\n 請參閱包裝上每日建議餵食量。 \r\n \r\n ## 保存方式 \r\n 請儲存於陰涼乾燥無蟲害處並避免日曬，拆封後請盡速食用完畢。 \r\n \r\n ## 注意事項 \r\n 1. 本產品有海藻塗層，顆粒上有黑褐色小點屬於正常現象。 \r\n 2. 品牌轉換時，建議以 7-10 天逐步轉換為宜。 \r\n 7. 請放置於兒童及寵物無法取得的地方，避免誤吞造成噎食意外。 \r\n \r\n ## 原產地 \r\n 荷蘭', 90, 9, '2025-01-16 15:20:00', '2025-03-11 15:42:00', '上架', '/images/shop/WetFoodCat/wetFoodCat (13).jpg', 50, 0),
(31, 'MeetCute遇可愛 高湯主食罐(鮪魚+綠唇貽貝)', '# 自然主義 全齡貓 草本美毛貓糧 (雞肉鮭魚+百合根) \r\n **無麩質低敏食譜** \r\n \r\n ## 特色 \r\n - 荷蘭獸醫調配，毛孩均衡食補 \r\n - 海藻 & 綠茶萃取塗層，充氮包裝能保鮮 \r\n - 本配方符合歐洲 FEDIAF 營養規範 \r\n \r\n ## 成份 \r\n 雞肉、米、玉米、豌豆、雞脂、鮭魚、鮭魚油、 \r\n 海藻、菊苣纖維、蕃茄乾、紫花苜蓿、百合根、絲蘭、 \r\n 維生素 A、維生素 D3、維生素 E、硫酸銅、硫酸亞鐵、 \r\n 二氧化錳、硫酸鋅、碘酸鈣、亞硒酸鈉、牛磺酸 \r\n \r\n ## 營養分析 \r\n - **粗蛋白**：32.0% \r\n - **粗脂肪**：15.0% \r\n - **粗灰分**：8.0% \r\n - **粗纖維**：1.6% \r\n - **水分**：8.0% \r\n - **鈣**：1.7% \r\n - **磷**：1.3% \r\n - **熱量**：3859 仟卡/公斤 \r\n \r\n ## 適用對象 \r\n 全齡貓適用。 \r\n \r\n ## 食用方式 \r\n 請參閱包裝上每日建議餵食量。 \r\n \r\n ## 保存方式 \r\n 請儲存於陰涼乾燥無蟲害處並避免日曬，拆封後請盡速食用完畢。 \r\n \r\n ## 注意事項 \r\n 1. 本產品有海藻塗層，顆粒上有黑褐色小點屬於正常現象。 \r\n 2. 品牌轉換時，建議以 7-10 天逐步轉換為宜。 \r\n 8. 請放置於兒童及寵物無法取得的地方，避免誤吞造成噎食意外。 \r\n \r\n ## 原產地 \r\n 荷蘭', 100, 9, '2025-01-16 15:20:00', '2025-03-11 15:42:00', '上架', '/images/shop/WetFoodCat/wetFoodCat (14).jpg', 50, 0),
(32, '歐司特-無穀貓罐 1號(鮪魚紅肉佐雞肉', '# 自然主義 全齡貓 草本美毛貓糧 (雞肉鮭魚+百合根) \r\n **無麩質低敏食譜** \r\n \r\n ## 特色 \r\n - 荷蘭獸醫調配，毛孩均衡食補 \r\n - 海藻 & 綠茶萃取塗層，充氮包裝能保鮮 \r\n - 本配方符合歐洲 FEDIAF 營養規範 \r\n \r\n ## 成份 \r\n 雞肉、米、玉米、豌豆、雞脂、鮭魚、鮭魚油、 \r\n 海藻、菊苣纖維、蕃茄乾、紫花苜蓿、百合根、絲蘭、 \r\n 維生素 A、維生素 D3、維生素 E、硫酸銅、硫酸亞鐵、 \r\n 二氧化錳、硫酸鋅、碘酸鈣、亞硒酸鈉、牛磺酸 \r\n \r\n ## 營養分析 \r\n - **粗蛋白**：32.0% \r\n - **粗脂肪**：15.0% \r\n - **粗灰分**：8.0% \r\n - **粗纖維**：1.6% \r\n - **水分**：8.0% \r\n - **鈣**：1.7% \r\n - **磷**：1.3% \r\n - **熱量**：3859 仟卡/公斤 \r\n \r\n ## 適用對象 \r\n 全齡貓適用。 \r\n \r\n ## 食用方式 \r\n 請參閱包裝上每日建議餵食量。 \r\n \r\n ## 保存方式 \r\n 請儲存於陰涼乾燥無蟲害處並避免日曬，拆封後請盡速食用完畢。 \r\n \r\n ## 注意事項 \r\n 1. 本產品有海藻塗層，顆粒上有黑褐色小點屬於正常現象。 \r\n 2. 品牌轉換時，建議以 7-10 天逐步轉換為宜。 \r\n 9. 請放置於兒童及寵物無法取得的地方，避免誤吞造成噎食意外。 \r\n \r\n ## 原產地 \r\n 荷蘭', 110, 9, '2025-01-16 15:20:00', '2025-03-11 15:42:00', '上架', '/images/shop/WetFoodCat/wetFoodCat (2).jpg', 50, 0),
(33, '歐司特-無穀貓罐 2號(鮪魚紅肉佐鮮蝦)', '# 自然主義 全齡貓 草本美毛貓糧 (雞肉鮭魚+百合根) \r\n **無麩質低敏食譜** \r\n \r\n ## 特色 \r\n - 荷蘭獸醫調配，毛孩均衡食補 \r\n - 海藻 & 綠茶萃取塗層，充氮包裝能保鮮 \r\n - 本配方符合歐洲 FEDIAF 營養規範 \r\n \r\n ## 成份 \r\n 雞肉、米、玉米、豌豆、雞脂、鮭魚、鮭魚油、 \r\n 海藻、菊苣纖維、蕃茄乾、紫花苜蓿、百合根、絲蘭、 \r\n 維生素 A、維生素 D3、維生素 E、硫酸銅、硫酸亞鐵、 \r\n 二氧化錳、硫酸鋅、碘酸鈣、亞硒酸鈉、牛磺酸 \r\n \r\n ## 營養分析 \r\n - **粗蛋白**：32.0% \r\n - **粗脂肪**：15.0% \r\n - **粗灰分**：8.0% \r\n - **粗纖維**：1.6% \r\n - **水分**：8.0% \r\n - **鈣**：1.7% \r\n - **磷**：1.3% \r\n - **熱量**：3859 仟卡/公斤 \r\n \r\n ## 適用對象 \r\n 全齡貓適用。 \r\n \r\n ## 食用方式 \r\n 請參閱包裝上每日建議餵食量。 \r\n \r\n ## 保存方式 \r\n 請儲存於陰涼乾燥無蟲害處並避免日曬，拆封後請盡速食用完畢。 \r\n \r\n ## 注意事項 \r\n 1. 本產品有海藻塗層，顆粒上有黑褐色小點屬於正常現象。 \r\n 2. 品牌轉換時，建議以 7-10 天逐步轉換為宜。 \r\n 10. 請放置於兒童及寵物無法取得的地方，避免誤吞造成噎食意外。 \r\n \r\n ## 原產地 \r\n 荷蘭', 120, 9, '2025-01-16 15:20:00', '2025-03-11 15:42:00', '上架', '/images/shop/WetFoodCat/wetFoodCat (3).jpg', 50, 0),
(34, '歐司特-無穀貓罐 3號(鮪魚紅肉佐海鮮)', '# 自然主義 全齡貓 草本美毛貓糧 (雞肉鮭魚+百合根) \r\n **無麩質低敏食譜** \r\n \r\n ## 特色 \r\n - 荷蘭獸醫調配，毛孩均衡食補 \r\n - 海藻 & 綠茶萃取塗層，充氮包裝能保鮮 \r\n - 本配方符合歐洲 FEDIAF 營養規範 \r\n \r\n ## 成份 \r\n 雞肉、米、玉米、豌豆、雞脂、鮭魚、鮭魚油、 \r\n 海藻、菊苣纖維、蕃茄乾、紫花苜蓿、百合根、絲蘭、 \r\n 維生素 A、維生素 D3、維生素 E、硫酸銅、硫酸亞鐵、 \r\n 二氧化錳、硫酸鋅、碘酸鈣、亞硒酸鈉、牛磺酸 \r\n \r\n ## 營養分析 \r\n - **粗蛋白**：32.0% \r\n - **粗脂肪**：15.0% \r\n - **粗灰分**：8.0% \r\n - **粗纖維**：1.6% \r\n - **水分**：8.0% \r\n - **鈣**：1.7% \r\n - **磷**：1.3% \r\n - **熱量**：3859 仟卡/公斤 \r\n \r\n ## 適用對象 \r\n 全齡貓適用。 \r\n \r\n ## 食用方式 \r\n 請參閱包裝上每日建議餵食量。 \r\n \r\n ## 保存方式 \r\n 請儲存於陰涼乾燥無蟲害處並避免日曬，拆封後請盡速食用完畢。 \r\n \r\n ## 注意事項 \r\n 1. 本產品有海藻塗層，顆粒上有黑褐色小點屬於正常現象。 \r\n 2. 品牌轉換時，建議以 7-10 天逐步轉換為宜。 \r\n 11. 請放置於兒童及寵物無法取得的地方，避免誤吞造成噎食意外。 \r\n \r\n ## 原產地 \r\n 荷蘭', 130, 9, '2025-01-16 15:20:00', '2025-03-11 15:42:00', '上架', '/images/shop/WetFoodCat/wetFoodCat (4).jpg', 50, 0),
(35, '歐司特-無穀貓罐 4號(鮪魚紅肉南瓜)', '# 自然主義 全齡貓 草本美毛貓糧 (雞肉鮭魚+百合根) \r\n **無麩質低敏食譜** \r\n \r\n ## 特色 \r\n - 荷蘭獸醫調配，毛孩均衡食補 \r\n - 海藻 & 綠茶萃取塗層，充氮包裝能保鮮 \r\n - 本配方符合歐洲 FEDIAF 營養規範 \r\n \r\n ## 成份 \r\n 雞肉、米、玉米、豌豆、雞脂、鮭魚、鮭魚油、 \r\n 海藻、菊苣纖維、蕃茄乾、紫花苜蓿、百合根、絲蘭、 \r\n 維生素 A、維生素 D3、維生素 E、硫酸銅、硫酸亞鐵、 \r\n 二氧化錳、硫酸鋅、碘酸鈣、亞硒酸鈉、牛磺酸 \r\n \r\n ## 營養分析 \r\n - **粗蛋白**：32.0% \r\n - **粗脂肪**：15.0% \r\n - **粗灰分**：8.0% \r\n - **粗纖維**：1.6% \r\n - **水分**：8.0% \r\n - **鈣**：1.7% \r\n - **磷**：1.3% \r\n - **熱量**：3859 仟卡/公斤 \r\n \r\n ## 適用對象 \r\n 全齡貓適用。 \r\n \r\n ## 食用方式 \r\n 請參閱包裝上每日建議餵食量。 \r\n \r\n ## 保存方式 \r\n 請儲存於陰涼乾燥無蟲害處並避免日曬，拆封後請盡速食用完畢。 \r\n \r\n ## 注意事項 \r\n 1. 本產品有海藻塗層，顆粒上有黑褐色小點屬於正常現象。 \r\n 2. 品牌轉換時，建議以 7-10 天逐步轉換為宜。 \r\n 12. 請放置於兒童及寵物無法取得的地方，避免誤吞造成噎食意外。 \r\n \r\n ## 原產地 \r\n 荷蘭', 140, 9, '2025-01-16 15:20:00', '2025-03-11 15:42:00', '上架', '/images/shop/WetFoodCat/wetFoodCat (5).jpg', 50, 0),
(36, '歐司特-無穀貓罐 5號(鮪魚紅肉佐吻仔魚)', '# 自然主義 全齡貓 草本美毛貓糧 (雞肉鮭魚+百合根) \r\n **無麩質低敏食譜** \r\n \r\n ## 特色 \r\n - 荷蘭獸醫調配，毛孩均衡食補 \r\n - 海藻 & 綠茶萃取塗層，充氮包裝能保鮮 \r\n - 本配方符合歐洲 FEDIAF 營養規範 \r\n \r\n ## 成份 \r\n 雞肉、米、玉米、豌豆、雞脂、鮭魚、鮭魚油、 \r\n 海藻、菊苣纖維、蕃茄乾、紫花苜蓿、百合根、絲蘭、 \r\n 維生素 A、維生素 D3、維生素 E、硫酸銅、硫酸亞鐵、 \r\n 二氧化錳、硫酸鋅、碘酸鈣、亞硒酸鈉、牛磺酸 \r\n \r\n ## 營養分析 \r\n - **粗蛋白**：32.0% \r\n - **粗脂肪**：15.0% \r\n - **粗灰分**：8.0% \r\n - **粗纖維**：1.6% \r\n - **水分**：8.0% \r\n - **鈣**：1.7% \r\n - **磷**：1.3% \r\n - **熱量**：3859 仟卡/公斤 \r\n \r\n ## 適用對象 \r\n 全齡貓適用。 \r\n \r\n ## 食用方式 \r\n 請參閱包裝上每日建議餵食量。 \r\n \r\n ## 保存方式 \r\n 請儲存於陰涼乾燥無蟲害處並避免日曬，拆封後請盡速食用完畢。 \r\n \r\n ## 注意事項 \r\n 1. 本產品有海藻塗層，顆粒上有黑褐色小點屬於正常現象。 \r\n 2. 品牌轉換時，建議以 7-10 天逐步轉換為宜。 \r\n 13. 請放置於兒童及寵物無法取得的地方，避免誤吞造成噎食意外。 \r\n \r\n ## 原產地 \r\n 荷蘭', 150, 9, '2025-01-16 15:20:00', '2025-03-11 15:42:00', '上架', '/images/shop/WetFoodCat/wetFoodCat (6).jpg', 50, 0),
(37, '歐司特-無穀貓罐 6號(鮪魚紅肉佐蟹肉棒)', '# 自然主義 全齡貓 草本美毛貓糧 (雞肉鮭魚+百合根) \r\n **無麩質低敏食譜** \r\n \r\n ## 特色 \r\n - 荷蘭獸醫調配，毛孩均衡食補 \r\n - 海藻 & 綠茶萃取塗層，充氮包裝能保鮮 \r\n - 本配方符合歐洲 FEDIAF 營養規範 \r\n \r\n ## 成份 \r\n 雞肉、米、玉米、豌豆、雞脂、鮭魚、鮭魚油、 \r\n 海藻、菊苣纖維、蕃茄乾、紫花苜蓿、百合根、絲蘭、 \r\n 維生素 A、維生素 D3、維生素 E、硫酸銅、硫酸亞鐵、 \r\n 二氧化錳、硫酸鋅、碘酸鈣、亞硒酸鈉、牛磺酸 \r\n \r\n ## 營養分析 \r\n - **粗蛋白**：32.0% \r\n - **粗脂肪**：15.0% \r\n - **粗灰分**：8.0% \r\n - **粗纖維**：1.6% \r\n - **水分**：8.0% \r\n - **鈣**：1.7% \r\n - **磷**：1.3% \r\n - **熱量**：3859 仟卡/公斤 \r\n \r\n ## 適用對象 \r\n 全齡貓適用。 \r\n \r\n ## 食用方式 \r\n 請參閱包裝上每日建議餵食量。 \r\n \r\n ## 保存方式 \r\n 請儲存於陰涼乾燥無蟲害處並避免日曬，拆封後請盡速食用完畢。 \r\n \r\n ## 注意事項 \r\n 1. 本產品有海藻塗層，顆粒上有黑褐色小點屬於正常現象。 \r\n 2. 品牌轉換時，建議以 7-10 天逐步轉換為宜。 \r\n 14. 請放置於兒童及寵物無法取得的地方，避免誤吞造成噎食意外。 \r\n \r\n ## 原產地 \r\n 荷蘭', 160, 9, '2025-01-16 15:20:00', '2025-03-11 15:42:00', '上架', '/images/shop/WetFoodCat/wetFoodCat (7).jpg', 50, 0),
(38, '歐司特-無穀貓罐 7號(鮪魚紅肉)', '# 自然主義 全齡貓 草本美毛貓糧 (雞肉鮭魚+百合根) \r\n **無麩質低敏食譜** \r\n \r\n ## 特色 \r\n - 荷蘭獸醫調配，毛孩均衡食補 \r\n - 海藻 & 綠茶萃取塗層，充氮包裝能保鮮 \r\n - 本配方符合歐洲 FEDIAF 營養規範 \r\n \r\n ## 成份 \r\n 雞肉、米、玉米、豌豆、雞脂、鮭魚、鮭魚油、 \r\n 海藻、菊苣纖維、蕃茄乾、紫花苜蓿、百合根、絲蘭、 \r\n 維生素 A、維生素 D3、維生素 E、硫酸銅、硫酸亞鐵、 \r\n 二氧化錳、硫酸鋅、碘酸鈣、亞硒酸鈉、牛磺酸 \r\n \r\n ## 營養分析 \r\n - **粗蛋白**：32.0% \r\n - **粗脂肪**：15.0% \r\n - **粗灰分**：8.0% \r\n - **粗纖維**：1.6% \r\n - **水分**：8.0% \r\n - **鈣**：1.7% \r\n - **磷**：1.3% \r\n - **熱量**：3859 仟卡/公斤 \r\n \r\n ## 適用對象 \r\n 全齡貓適用。 \r\n \r\n ## 食用方式 \r\n 請參閱包裝上每日建議餵食量。 \r\n \r\n ## 保存方式 \r\n 請儲存於陰涼乾燥無蟲害處並避免日曬，拆封後請盡速食用完畢。 \r\n \r\n ## 注意事項 \r\n 1. 本產品有海藻塗層，顆粒上有黑褐色小點屬於正常現象。 \r\n 2. 品牌轉換時，建議以 7-10 天逐步轉換為宜。 \r\n 15. 請放置於兒童及寵物無法取得的地方，避免誤吞造成噎食意外。 \r\n \r\n ## 原產地 \r\n 荷蘭', 170, 9, '2025-01-16 15:20:00', '2025-03-11 15:42:00', '上架', '/images/shop/WetFoodCat/wetFoodCat (8).jpg', 50, 0),
(39, '歐司特-無穀貓罐 8號(鮪魚紅肉紅蘿蔔)', '# 自然主義 全齡貓 草本美毛貓糧 (雞肉鮭魚+百合根) \r\n **無麩質低敏食譜** \r\n \r\n ## 特色 \r\n - 荷蘭獸醫調配，毛孩均衡食補 \r\n - 海藻 & 綠茶萃取塗層，充氮包裝能保鮮 \r\n - 本配方符合歐洲 FEDIAF 營養規範 \r\n \r\n ## 成份 \r\n 雞肉、米、玉米、豌豆、雞脂、鮭魚、鮭魚油、 \r\n 海藻、菊苣纖維、蕃茄乾、紫花苜蓿、百合根、絲蘭、 \r\n 維生素 A、維生素 D3、維生素 E、硫酸銅、硫酸亞鐵、 \r\n 二氧化錳、硫酸鋅、碘酸鈣、亞硒酸鈉、牛磺酸 \r\n \r\n ## 營養分析 \r\n - **粗蛋白**：32.0% \r\n - **粗脂肪**：15.0% \r\n - **粗灰分**：8.0% \r\n - **粗纖維**：1.6% \r\n - **水分**：8.0% \r\n - **鈣**：1.7% \r\n - **磷**：1.3% \r\n - **熱量**：3859 仟卡/公斤 \r\n \r\n ## 適用對象 \r\n 全齡貓適用。 \r\n \r\n ## 食用方式 \r\n 請參閱包裝上每日建議餵食量。 \r\n \r\n ## 保存方式 \r\n 請儲存於陰涼乾燥無蟲害處並避免日曬，拆封後請盡速食用完畢。 \r\n \r\n ## 注意事項 \r\n 1. 本產品有海藻塗層，顆粒上有黑褐色小點屬於正常現象。 \r\n 2. 品牌轉換時，建議以 7-10 天逐步轉換為宜。 \r\n 16. 請放置於兒童及寵物無法取得的地方，避免誤吞造成噎食意外。 \r\n \r\n ## 原產地 \r\n 荷蘭', 180, 9, '2025-01-16 15:20:00', '2025-03-11 15:42:00', '上架', '/images/shop/WetFoodCat/wetFoodCat (9).jpg', 50, 0);
INSERT INTO `products` (`product_id`, `product_name`, `product_description`, `price`, `category_id`, `created_at`, `updated_at`, `product_status`, `image_url`, `stock_quantity`, `is_deleted`) VALUES
(40, 'NatureKE紐崔克犬罐 110g x24罐組', '# 產品資訊\r\n \r\n ## 產品特色\r\n 1. **葡萄糖胺/軟骨素** - 幫助關節靈活，骨質保健 \r\n 2. **大顆粒** - 幫助潔牙 \r\n 3. **腸益菌/益菌生** - 整腸助消化及吸收 \r\n \r\n ## 優質成份\r\n 乾燥羊肉、乾燥雞肉、研磨糙米、研磨釀造米、研磨高粱、研磨玉米、珍珠大麥、雞脂（以混合生育酚保存）、玉米麩粉、乾燥甜菜根、天然調味料、乾燥鮭魚、食鹽、氯化鉀、乾燥蕃茄粕、藜麥、乾燥雞蛋、釀造乾燥酵母、研磨亞麻仁、維生素（維生素E、菸鹼酸（維生素B3）、硫胺素（維生素B1）、泛酸鈣（維生素B5）、維生素A、鹽酸吡哆醇（維生素B6）、維生素B2、維生素D3、維生素B12、葉酸、生物素）、乾燥番茄、礦物質（硫酸鋅、硫酸鐵、硫酸銅、氧化錳、亞硒酸鈉、碘酸鈣）、氯化膽鹼、乾燥菊苣根（菊苣多醣、果寡糖來源）、鯡魚油（以混合生育酚保存）、DL-甲硫氨酸、絲蘭萃取精華、L-抗壞血酸-2-聚磷酸鹽（維生素C活性來源）、鹽酸鹽葡萄糖胺、軟骨素、左旋肉鹼、肌醇、啤酒酵母萃取物、益生菌（腸球菌、嗜酸乳桿菌、黑麴菌、長枝木黴菌、枯草芽孢桿菌）。\r\n \r\n ## 保證成份分析\r\n - **粗蛋白質**（最低量）：23.00% \r\n - **粗脂肪**（最低量）：14.00% \r\n - **粗纖維**（最高量）：4.00% \r\n - **水分**（最高量）：10.00% \r\n - **灰分**（最高量）：7.50% \r\n - **鈣**（最低量）：0.50% \r\n - **磷**（最低量）：0.40% \r\n - **茄紅素**（最低量）：8 mg/kg \r\n - **Omega-3 脂肪酸**（最低量）：0.30% \r\n - **Omega-6 脂肪酸**（最低量）：1.50% \r\n - **葡萄糖胺**（最低量）：210 mg/kg \r\n - **軟骨素**（最低量）：85 mg/kg \r\n - **熱量**：3600 仟卡/公斤 \r\n \r\n ## 適用對象\r\n **成犬適用** \r\n \r\n ## 保存方式\r\n 避免放置潮濕處，避免放置太陽照射處。 \r\n \r\n ## 產地\r\n **美國** \r\n \r\n ## 備註\r\n - 快速轉換新食物可能引起寵物消化不良及腸胃不適，因此應以**七天以上的時間**逐漸轉換，讓寵物慢慢適應新食物。 \r\n - **優格寵物食譜**符合 **AAFCO（美國飼料管理協會）**所制定的營養標準。 \r\n - **無麩質低敏食譜** \r\n ', 190, 8, '2025-01-16 15:20:00', '2025-03-11 15:42:00', '上架', '/images/shop/WetFoodDog/wetFoodDog (1).jpg', 50, 0),
(41, 'MiiT有雞愛犬機能湯罐(鮮嫩雞丁鮮雞湯佐蕃茄玉米筍通心麵)', '# 產品資訊\r\n \r\n ## 產品特色\r\n 1. **葡萄糖胺/軟骨素** - 幫助關節靈活，骨質保健 \r\n 2. **大顆粒** - 幫助潔牙 \r\n 3. **腸益菌/益菌生** - 整腸助消化及吸收 \r\n \r\n ## 優質成份\r\n 乾燥羊肉、乾燥雞肉、研磨糙米、研磨釀造米、研磨高粱、研磨玉米、珍珠大麥、雞脂（以混合生育酚保存）、玉米麩粉、乾燥甜菜根、天然調味料、乾燥鮭魚、食鹽、氯化鉀、乾燥蕃茄粕、藜麥、乾燥雞蛋、釀造乾燥酵母、研磨亞麻仁、維生素（維生素E、菸鹼酸（維生素B3）、硫胺素（維生素B1）、泛酸鈣（維生素B5）、維生素A、鹽酸吡哆醇（維生素B6）、維生素B2、維生素D3、維生素B12、葉酸、生物素）、乾燥番茄、礦物質（硫酸鋅、硫酸鐵、硫酸銅、氧化錳、亞硒酸鈉、碘酸鈣）、氯化膽鹼、乾燥菊苣根（菊苣多醣、果寡糖來源）、鯡魚油（以混合生育酚保存）、DL-甲硫氨酸、絲蘭萃取精華、L-抗壞血酸-2-聚磷酸鹽（維生素C活性來源）、鹽酸鹽葡萄糖胺、軟骨素、左旋肉鹼、肌醇、啤酒酵母萃取物、益生菌（腸球菌、嗜酸乳桿菌、黑麴菌、長枝木黴菌、枯草芽孢桿菌）。\r\n \r\n ## 保證成份分析\r\n - **粗蛋白質**（最低量）：23.00% \r\n - **粗脂肪**（最低量）：14.00% \r\n - **粗纖維**（最高量）：4.00% \r\n - **水分**（最高量）：10.00% \r\n - **灰分**（最高量）：7.50% \r\n - **鈣**（最低量）：0.50% \r\n - **磷**（最低量）：0.40% \r\n - **茄紅素**（最低量）：8 mg/kg \r\n - **Omega-3 脂肪酸**（最低量）：0.30% \r\n - **Omega-6 脂肪酸**（最低量）：1.50% \r\n - **葡萄糖胺**（最低量）：210 mg/kg \r\n - **軟骨素**（最低量）：85 mg/kg \r\n - **熱量**：3600 仟卡/公斤 \r\n \r\n ## 適用對象\r\n **成犬適用** \r\n \r\n ## 保存方式\r\n 避免放置潮濕處，避免放置太陽照射處。 \r\n \r\n ## 產地\r\n **美國** \r\n \r\n ## 備註\r\n - 快速轉換新食物可能引起寵物消化不良及腸胃不適，因此應以**七天以上的時間**逐漸轉換，讓寵物慢慢適應新食物。 \r\n - **優格寵物食譜**符合 **AAFCO（美國飼料管理協會）**所制定的營養標準。 \r\n - **無麩質低敏食譜** \r\n ', 200, 8, '2025-01-16 15:20:00', '2025-03-11 15:42:00', '上架', '/images/shop/WetFoodDog/wetFoodDog (10).jpg', 50, 0),
(42, 'MiiT有雞愛犬機能湯罐(鮮嫩雞丁菠菜湯佐雞絲燕麥)', '# 產品資訊\r\n \r\n ## 產品特色\r\n 1. **葡萄糖胺/軟骨素** - 幫助關節靈活，骨質保健 \r\n 2. **大顆粒** - 幫助潔牙 \r\n 3. **腸益菌/益菌生** - 整腸助消化及吸收 \r\n \r\n ## 優質成份\r\n 乾燥羊肉、乾燥雞肉、研磨糙米、研磨釀造米、研磨高粱、研磨玉米、珍珠大麥、雞脂（以混合生育酚保存）、玉米麩粉、乾燥甜菜根、天然調味料、乾燥鮭魚、食鹽、氯化鉀、乾燥蕃茄粕、藜麥、乾燥雞蛋、釀造乾燥酵母、研磨亞麻仁、維生素（維生素E、菸鹼酸（維生素B3）、硫胺素（維生素B1）、泛酸鈣（維生素B5）、維生素A、鹽酸吡哆醇（維生素B6）、維生素B2、維生素D3、維生素B12、葉酸、生物素）、乾燥番茄、礦物質（硫酸鋅、硫酸鐵、硫酸銅、氧化錳、亞硒酸鈉、碘酸鈣）、氯化膽鹼、乾燥菊苣根（菊苣多醣、果寡糖來源）、鯡魚油（以混合生育酚保存）、DL-甲硫氨酸、絲蘭萃取精華、L-抗壞血酸-2-聚磷酸鹽（維生素C活性來源）、鹽酸鹽葡萄糖胺、軟骨素、左旋肉鹼、肌醇、啤酒酵母萃取物、益生菌（腸球菌、嗜酸乳桿菌、黑麴菌、長枝木黴菌、枯草芽孢桿菌）。\r\n \r\n ## 保證成份分析\r\n - **粗蛋白質**（最低量）：23.00% \r\n - **粗脂肪**（最低量）：14.00% \r\n - **粗纖維**（最高量）：4.00% \r\n - **水分**（最高量）：10.00% \r\n - **灰分**（最高量）：7.50% \r\n - **鈣**（最低量）：0.50% \r\n - **磷**（最低量）：0.40% \r\n - **茄紅素**（最低量）：8 mg/kg \r\n - **Omega-3 脂肪酸**（最低量）：0.30% \r\n - **Omega-6 脂肪酸**（最低量）：1.50% \r\n - **葡萄糖胺**（最低量）：210 mg/kg \r\n - **軟骨素**（最低量）：85 mg/kg \r\n - **熱量**：3600 仟卡/公斤 \r\n \r\n ## 適用對象\r\n **成犬適用** \r\n \r\n ## 保存方式\r\n 避免放置潮濕處，避免放置太陽照射處。 \r\n \r\n ## 產地\r\n **美國** \r\n \r\n ## 備註\r\n - 快速轉換新食物可能引起寵物消化不良及腸胃不適，因此應以**七天以上的時間**逐漸轉換，讓寵物慢慢適應新食物。 \r\n - **優格寵物食譜**符合 **AAFCO（美國飼料管理協會）**所制定的營養標準。 \r\n - **無麩質低敏食譜** \r\n ', 120, 8, '2025-01-16 15:20:00', '2025-03-11 15:42:00', '上架', '/images/shop/WetFoodDog/wetFoodDog (11).jpg', 50, 0),
(43, 'MiiT有雞愛犬機能湯罐(鮮嫩雞丁鮮牛肉湯佐雞絲糙米)', '# 產品資訊\r\n \r\n ## 產品特色\r\n 1. **葡萄糖胺/軟骨素** - 幫助關節靈活，骨質保健 \r\n 2. **大顆粒** - 幫助潔牙 \r\n 3. **腸益菌/益菌生** - 整腸助消化及吸收 \r\n \r\n ## 優質成份\r\n 乾燥羊肉、乾燥雞肉、研磨糙米、研磨釀造米、研磨高粱、研磨玉米、珍珠大麥、雞脂（以混合生育酚保存）、玉米麩粉、乾燥甜菜根、天然調味料、乾燥鮭魚、食鹽、氯化鉀、乾燥蕃茄粕、藜麥、乾燥雞蛋、釀造乾燥酵母、研磨亞麻仁、維生素（維生素E、菸鹼酸（維生素B3）、硫胺素（維生素B1）、泛酸鈣（維生素B5）、維生素A、鹽酸吡哆醇（維生素B6）、維生素B2、維生素D3、維生素B12、葉酸、生物素）、乾燥番茄、礦物質（硫酸鋅、硫酸鐵、硫酸銅、氧化錳、亞硒酸鈉、碘酸鈣）、氯化膽鹼、乾燥菊苣根（菊苣多醣、果寡糖來源）、鯡魚油（以混合生育酚保存）、DL-甲硫氨酸、絲蘭萃取精華、L-抗壞血酸-2-聚磷酸鹽（維生素C活性來源）、鹽酸鹽葡萄糖胺、軟骨素、左旋肉鹼、肌醇、啤酒酵母萃取物、益生菌（腸球菌、嗜酸乳桿菌、黑麴菌、長枝木黴菌、枯草芽孢桿菌）。\r\n \r\n ## 保證成份分析\r\n - **粗蛋白質**（最低量）：23.00% \r\n - **粗脂肪**（最低量）：14.00% \r\n - **粗纖維**（最高量）：4.00% \r\n - **水分**（最高量）：10.00% \r\n - **灰分**（最高量）：7.50% \r\n - **鈣**（最低量）：0.50% \r\n - **磷**（最低量）：0.40% \r\n - **茄紅素**（最低量）：8 mg/kg \r\n - **Omega-3 脂肪酸**（最低量）：0.30% \r\n - **Omega-6 脂肪酸**（最低量）：1.50% \r\n - **葡萄糖胺**（最低量）：210 mg/kg \r\n - **軟骨素**（最低量）：85 mg/kg \r\n - **熱量**：3600 仟卡/公斤 \r\n \r\n ## 適用對象\r\n **成犬適用** \r\n \r\n ## 保存方式\r\n 避免放置潮濕處，避免放置太陽照射處。 \r\n \r\n ## 產地\r\n **美國** \r\n \r\n ## 備註\r\n - 快速轉換新食物可能引起寵物消化不良及腸胃不適，因此應以**七天以上的時間**逐漸轉換，讓寵物慢慢適應新食物。 \r\n - **優格寵物食譜**符合 **AAFCO（美國飼料管理協會）**所制定的營養標準。 \r\n - **無麩質低敏食譜** \r\n ', 60, 8, '2025-01-16 15:20:00', '2025-03-11 15:42:00', '上架', '/images/shop/WetFoodDog/wetFoodDog (12).jpg', 50, 0),
(44, 'NatureKE紐崔克犬罐/羊肉泥', '# 產品資訊\r\n \r\n ## 產品特色\r\n 1. **葡萄糖胺/軟骨素** - 幫助關節靈活，骨質保健 \r\n 2. **大顆粒** - 幫助潔牙 \r\n 3. **腸益菌/益菌生** - 整腸助消化及吸收 \r\n \r\n ## 優質成份\r\n 乾燥羊肉、乾燥雞肉、研磨糙米、研磨釀造米、研磨高粱、研磨玉米、珍珠大麥、雞脂（以混合生育酚保存）、玉米麩粉、乾燥甜菜根、天然調味料、乾燥鮭魚、食鹽、氯化鉀、乾燥蕃茄粕、藜麥、乾燥雞蛋、釀造乾燥酵母、研磨亞麻仁、維生素（維生素E、菸鹼酸（維生素B3）、硫胺素（維生素B1）、泛酸鈣（維生素B5）、維生素A、鹽酸吡哆醇（維生素B6）、維生素B2、維生素D3、維生素B12、葉酸、生物素）、乾燥番茄、礦物質（硫酸鋅、硫酸鐵、硫酸銅、氧化錳、亞硒酸鈉、碘酸鈣）、氯化膽鹼、乾燥菊苣根（菊苣多醣、果寡糖來源）、鯡魚油（以混合生育酚保存）、DL-甲硫氨酸、絲蘭萃取精華、L-抗壞血酸-2-聚磷酸鹽（維生素C活性來源）、鹽酸鹽葡萄糖胺、軟骨素、左旋肉鹼、肌醇、啤酒酵母萃取物、益生菌（腸球菌、嗜酸乳桿菌、黑麴菌、長枝木黴菌、枯草芽孢桿菌）。\r\n \r\n ## 保證成份分析\r\n - **粗蛋白質**（最低量）：23.00% \r\n - **粗脂肪**（最低量）：14.00% \r\n - **粗纖維**（最高量）：4.00% \r\n - **水分**（最高量）：10.00% \r\n - **灰分**（最高量）：7.50% \r\n - **鈣**（最低量）：0.50% \r\n - **磷**（最低量）：0.40% \r\n - **茄紅素**（最低量）：8 mg/kg \r\n - **Omega-3 脂肪酸**（最低量）：0.30% \r\n - **Omega-6 脂肪酸**（最低量）：1.50% \r\n - **葡萄糖胺**（最低量）：210 mg/kg \r\n - **軟骨素**（最低量）：85 mg/kg \r\n - **熱量**：3600 仟卡/公斤 \r\n \r\n ## 適用對象\r\n **成犬適用** \r\n \r\n ## 保存方式\r\n 避免放置潮濕處，避免放置太陽照射處。 \r\n \r\n ## 產地\r\n **美國** \r\n \r\n ## 備註\r\n - 快速轉換新食物可能引起寵物消化不良及腸胃不適，因此應以**七天以上的時間**逐漸轉換，讓寵物慢慢適應新食物。 \r\n - **優格寵物食譜**符合 **AAFCO（美國飼料管理協會）**所制定的營養標準。 \r\n - **無麩質低敏食譜** \r\n ', 70, 8, '2025-01-16 15:20:00', '2025-03-11 15:42:00', '上架', '/images/shop/WetFoodDog/wetFoodDog (2).jpg', 50, 0),
(45, 'NatureKE紐崔克犬罐/牛肉泥', '# 產品資訊\r\n \r\n ## 產品特色\r\n 1. **葡萄糖胺/軟骨素** - 幫助關節靈活，骨質保健 \r\n 2. **大顆粒** - 幫助潔牙 \r\n 3. **腸益菌/益菌生** - 整腸助消化及吸收 \r\n \r\n ## 優質成份\r\n 乾燥羊肉、乾燥雞肉、研磨糙米、研磨釀造米、研磨高粱、研磨玉米、珍珠大麥、雞脂（以混合生育酚保存）、玉米麩粉、乾燥甜菜根、天然調味料、乾燥鮭魚、食鹽、氯化鉀、乾燥蕃茄粕、藜麥、乾燥雞蛋、釀造乾燥酵母、研磨亞麻仁、維生素（維生素E、菸鹼酸（維生素B3）、硫胺素（維生素B1）、泛酸鈣（維生素B5）、維生素A、鹽酸吡哆醇（維生素B6）、維生素B2、維生素D3、維生素B12、葉酸、生物素）、乾燥番茄、礦物質（硫酸鋅、硫酸鐵、硫酸銅、氧化錳、亞硒酸鈉、碘酸鈣）、氯化膽鹼、乾燥菊苣根（菊苣多醣、果寡糖來源）、鯡魚油（以混合生育酚保存）、DL-甲硫氨酸、絲蘭萃取精華、L-抗壞血酸-2-聚磷酸鹽（維生素C活性來源）、鹽酸鹽葡萄糖胺、軟骨素、左旋肉鹼、肌醇、啤酒酵母萃取物、益生菌（腸球菌、嗜酸乳桿菌、黑麴菌、長枝木黴菌、枯草芽孢桿菌）。\r\n \r\n ## 保證成份分析\r\n - **粗蛋白質**（最低量）：23.00% \r\n - **粗脂肪**（最低量）：14.00% \r\n - **粗纖維**（最高量）：4.00% \r\n - **水分**（最高量）：10.00% \r\n - **灰分**（最高量）：7.50% \r\n - **鈣**（最低量）：0.50% \r\n - **磷**（最低量）：0.40% \r\n - **茄紅素**（最低量）：8 mg/kg \r\n - **Omega-3 脂肪酸**（最低量）：0.30% \r\n - **Omega-6 脂肪酸**（最低量）：1.50% \r\n - **葡萄糖胺**（最低量）：210 mg/kg \r\n - **軟骨素**（最低量）：85 mg/kg \r\n - **熱量**：3600 仟卡/公斤 \r\n \r\n ## 適用對象\r\n **成犬適用** \r\n \r\n ## 保存方式\r\n 避免放置潮濕處，避免放置太陽照射處。 \r\n \r\n ## 產地\r\n **美國** \r\n \r\n ## 備註\r\n - 快速轉換新食物可能引起寵物消化不良及腸胃不適，因此應以**七天以上的時間**逐漸轉換，讓寵物慢慢適應新食物。 \r\n - **優格寵物食譜**符合 **AAFCO（美國飼料管理協會）**所制定的營養標準。 \r\n - **無麩質低敏食譜** \r\n ', 80, 8, '2025-01-16 15:20:00', '2025-03-11 15:42:00', '上架', '/images/shop/WetFoodDog/wetFoodDog (3).jpg', 50, 0),
(46, 'NatureKE紐崔克犬罐/幼犬專用', '# 產品資訊\r\n \r\n ## 產品特色\r\n 1. **葡萄糖胺/軟骨素** - 幫助關節靈活，骨質保健 \r\n 2. **大顆粒** - 幫助潔牙 \r\n 3. **腸益菌/益菌生** - 整腸助消化及吸收 \r\n \r\n ## 優質成份\r\n 乾燥羊肉、乾燥雞肉、研磨糙米、研磨釀造米、研磨高粱、研磨玉米、珍珠大麥、雞脂（以混合生育酚保存）、玉米麩粉、乾燥甜菜根、天然調味料、乾燥鮭魚、食鹽、氯化鉀、乾燥蕃茄粕、藜麥、乾燥雞蛋、釀造乾燥酵母、研磨亞麻仁、維生素（維生素E、菸鹼酸（維生素B3）、硫胺素（維生素B1）、泛酸鈣（維生素B5）、維生素A、鹽酸吡哆醇（維生素B6）、維生素B2、維生素D3、維生素B12、葉酸、生物素）、乾燥番茄、礦物質（硫酸鋅、硫酸鐵、硫酸銅、氧化錳、亞硒酸鈉、碘酸鈣）、氯化膽鹼、乾燥菊苣根（菊苣多醣、果寡糖來源）、鯡魚油（以混合生育酚保存）、DL-甲硫氨酸、絲蘭萃取精華、L-抗壞血酸-2-聚磷酸鹽（維生素C活性來源）、鹽酸鹽葡萄糖胺、軟骨素、左旋肉鹼、肌醇、啤酒酵母萃取物、益生菌（腸球菌、嗜酸乳桿菌、黑麴菌、長枝木黴菌、枯草芽孢桿菌）。\r\n \r\n ## 保證成份分析\r\n - **粗蛋白質**（最低量）：23.00% \r\n - **粗脂肪**（最低量）：14.00% \r\n - **粗纖維**（最高量）：4.00% \r\n - **水分**（最高量）：10.00% \r\n - **灰分**（最高量）：7.50% \r\n - **鈣**（最低量）：0.50% \r\n - **磷**（最低量）：0.40% \r\n - **茄紅素**（最低量）：8 mg/kg \r\n - **Omega-3 脂肪酸**（最低量）：0.30% \r\n - **Omega-6 脂肪酸**（最低量）：1.50% \r\n - **葡萄糖胺**（最低量）：210 mg/kg \r\n - **軟骨素**（最低量）：85 mg/kg \r\n - **熱量**：3600 仟卡/公斤 \r\n \r\n ## 適用對象\r\n **成犬適用** \r\n \r\n ## 保存方式\r\n 避免放置潮濕處，避免放置太陽照射處。 \r\n \r\n ## 產地\r\n **美國** \r\n \r\n ## 備註\r\n - 快速轉換新食物可能引起寵物消化不良及腸胃不適，因此應以**七天以上的時間**逐漸轉換，讓寵物慢慢適應新食物。 \r\n - **優格寵物食譜**符合 **AAFCO（美國飼料管理協會）**所制定的營養標準。 \r\n - **無麩質低敏食譜** \r\n ', 90, 8, '2025-01-16 15:20:00', '2025-03-11 15:42:00', '上架', '/images/shop/WetFoodDog/wetFoodDog (4).jpg', 50, 0),
(47, 'Vi.Chi維齊 益力膳犬餐罐(雞肉南瓜)', '# 產品資訊\r\n \r\n ## 產品特色\r\n 1. **葡萄糖胺/軟骨素** - 幫助關節靈活，骨質保健 \r\n 2. **大顆粒** - 幫助潔牙 \r\n 3. **腸益菌/益菌生** - 整腸助消化及吸收 \r\n \r\n ## 優質成份\r\n 乾燥羊肉、乾燥雞肉、研磨糙米、研磨釀造米、研磨高粱、研磨玉米、珍珠大麥、雞脂（以混合生育酚保存）、玉米麩粉、乾燥甜菜根、天然調味料、乾燥鮭魚、食鹽、氯化鉀、乾燥蕃茄粕、藜麥、乾燥雞蛋、釀造乾燥酵母、研磨亞麻仁、維生素（維生素E、菸鹼酸（維生素B3）、硫胺素（維生素B1）、泛酸鈣（維生素B5）、維生素A、鹽酸吡哆醇（維生素B6）、維生素B2、維生素D3、維生素B12、葉酸、生物素）、乾燥番茄、礦物質（硫酸鋅、硫酸鐵、硫酸銅、氧化錳、亞硒酸鈉、碘酸鈣）、氯化膽鹼、乾燥菊苣根（菊苣多醣、果寡糖來源）、鯡魚油（以混合生育酚保存）、DL-甲硫氨酸、絲蘭萃取精華、L-抗壞血酸-2-聚磷酸鹽（維生素C活性來源）、鹽酸鹽葡萄糖胺、軟骨素、左旋肉鹼、肌醇、啤酒酵母萃取物、益生菌（腸球菌、嗜酸乳桿菌、黑麴菌、長枝木黴菌、枯草芽孢桿菌）。\r\n \r\n ## 保證成份分析\r\n - **粗蛋白質**（最低量）：23.00% \r\n - **粗脂肪**（最低量）：14.00% \r\n - **粗纖維**（最高量）：4.00% \r\n - **水分**（最高量）：10.00% \r\n - **灰分**（最高量）：7.50% \r\n - **鈣**（最低量）：0.50% \r\n - **磷**（最低量）：0.40% \r\n - **茄紅素**（最低量）：8 mg/kg \r\n - **Omega-3 脂肪酸**（最低量）：0.30% \r\n - **Omega-6 脂肪酸**（最低量）：1.50% \r\n - **葡萄糖胺**（最低量）：210 mg/kg \r\n - **軟骨素**（最低量）：85 mg/kg \r\n - **熱量**：3600 仟卡/公斤 \r\n \r\n ## 適用對象\r\n **成犬適用** \r\n \r\n ## 保存方式\r\n 避免放置潮濕處，避免放置太陽照射處。 \r\n \r\n ## 產地\r\n **美國** \r\n \r\n ## 備註\r\n - 快速轉換新食物可能引起寵物消化不良及腸胃不適，因此應以**七天以上的時間**逐漸轉換，讓寵物慢慢適應新食物。 \r\n - **優格寵物食譜**符合 **AAFCO（美國飼料管理協會）**所制定的營養標準。 \r\n - **無麩質低敏食譜** \r\n ', 100, 8, '2025-01-16 15:20:00', '2025-03-11 15:42:00', '上架', '/images/shop/WetFoodDog/wetFoodDog (5).jpg', 50, 0),
(48, 'Vi.Chi維齊 益力膳犬餐罐(雞肉)', '# 產品資訊\r\n \r\n ## 產品特色\r\n 1. **葡萄糖胺/軟骨素** - 幫助關節靈活，骨質保健 \r\n 2. **大顆粒** - 幫助潔牙 \r\n 3. **腸益菌/益菌生** - 整腸助消化及吸收 \r\n \r\n ## 優質成份\r\n 乾燥羊肉、乾燥雞肉、研磨糙米、研磨釀造米、研磨高粱、研磨玉米、珍珠大麥、雞脂（以混合生育酚保存）、玉米麩粉、乾燥甜菜根、天然調味料、乾燥鮭魚、食鹽、氯化鉀、乾燥蕃茄粕、藜麥、乾燥雞蛋、釀造乾燥酵母、研磨亞麻仁、維生素（維生素E、菸鹼酸（維生素B3）、硫胺素（維生素B1）、泛酸鈣（維生素B5）、維生素A、鹽酸吡哆醇（維生素B6）、維生素B2、維生素D3、維生素B12、葉酸、生物素）、乾燥番茄、礦物質（硫酸鋅、硫酸鐵、硫酸銅、氧化錳、亞硒酸鈉、碘酸鈣）、氯化膽鹼、乾燥菊苣根（菊苣多醣、果寡糖來源）、鯡魚油（以混合生育酚保存）、DL-甲硫氨酸、絲蘭萃取精華、L-抗壞血酸-2-聚磷酸鹽（維生素C活性來源）、鹽酸鹽葡萄糖胺、軟骨素、左旋肉鹼、肌醇、啤酒酵母萃取物、益生菌（腸球菌、嗜酸乳桿菌、黑麴菌、長枝木黴菌、枯草芽孢桿菌）。\r\n \r\n ## 保證成份分析\r\n - **粗蛋白質**（最低量）：23.00% \r\n - **粗脂肪**（最低量）：14.00% \r\n - **粗纖維**（最高量）：4.00% \r\n - **水分**（最高量）：10.00% \r\n - **灰分**（最高量）：7.50% \r\n - **鈣**（最低量）：0.50% \r\n - **磷**（最低量）：0.40% \r\n - **茄紅素**（最低量）：8 mg/kg \r\n - **Omega-3 脂肪酸**（最低量）：0.30% \r\n - **Omega-6 脂肪酸**（最低量）：1.50% \r\n - **葡萄糖胺**（最低量）：210 mg/kg \r\n - **軟骨素**（最低量）：85 mg/kg \r\n - **熱量**：3600 仟卡/公斤 \r\n \r\n ## 適用對象\r\n **成犬適用** \r\n \r\n ## 保存方式\r\n 避免放置潮濕處，避免放置太陽照射處。 \r\n \r\n ## 產地\r\n **美國** \r\n \r\n ## 備註\r\n - 快速轉換新食物可能引起寵物消化不良及腸胃不適，因此應以**七天以上的時間**逐漸轉換，讓寵物慢慢適應新食物。 \r\n - **優格寵物食譜**符合 **AAFCO（美國飼料管理協會）**所制定的營養標準。 \r\n - **無麩質低敏食譜** \r\n ', 110, 8, '2025-01-16 15:20:00', '2025-03-11 15:42:00', '上架', '/images/shop/WetFoodDog/wetFoodDog (6).jpg', 50, 0),
(49, '狗狗說Tasty!犬用主食罐(四種鮮魚×鷹嘴豆)', '# 產品資訊\r\n \r\n ## 產品特色\r\n 1. **葡萄糖胺/軟骨素** - 幫助關節靈活，骨質保健 \r\n 2. **大顆粒** - 幫助潔牙 \r\n 3. **腸益菌/益菌生** - 整腸助消化及吸收 \r\n \r\n ## 優質成份\r\n 乾燥羊肉、乾燥雞肉、研磨糙米、研磨釀造米、研磨高粱、研磨玉米、珍珠大麥、雞脂（以混合生育酚保存）、玉米麩粉、乾燥甜菜根、天然調味料、乾燥鮭魚、食鹽、氯化鉀、乾燥蕃茄粕、藜麥、乾燥雞蛋、釀造乾燥酵母、研磨亞麻仁、維生素（維生素E、菸鹼酸（維生素B3）、硫胺素（維生素B1）、泛酸鈣（維生素B5）、維生素A、鹽酸吡哆醇（維生素B6）、維生素B2、維生素D3、維生素B12、葉酸、生物素）、乾燥番茄、礦物質（硫酸鋅、硫酸鐵、硫酸銅、氧化錳、亞硒酸鈉、碘酸鈣）、氯化膽鹼、乾燥菊苣根（菊苣多醣、果寡糖來源）、鯡魚油（以混合生育酚保存）、DL-甲硫氨酸、絲蘭萃取精華、L-抗壞血酸-2-聚磷酸鹽（維生素C活性來源）、鹽酸鹽葡萄糖胺、軟骨素、左旋肉鹼、肌醇、啤酒酵母萃取物、益生菌（腸球菌、嗜酸乳桿菌、黑麴菌、長枝木黴菌、枯草芽孢桿菌）。\r\n \r\n ## 保證成份分析\r\n - **粗蛋白質**（最低量）：23.00% \r\n - **粗脂肪**（最低量）：14.00% \r\n - **粗纖維**（最高量）：4.00% \r\n - **水分**（最高量）：10.00% \r\n - **灰分**（最高量）：7.50% \r\n - **鈣**（最低量）：0.50% \r\n - **磷**（最低量）：0.40% \r\n - **茄紅素**（最低量）：8 mg/kg \r\n - **Omega-3 脂肪酸**（最低量）：0.30% \r\n - **Omega-6 脂肪酸**（最低量）：1.50% \r\n - **葡萄糖胺**（最低量）：210 mg/kg \r\n - **軟骨素**（最低量）：85 mg/kg \r\n - **熱量**：3600 仟卡/公斤 \r\n \r\n ## 適用對象\r\n **成犬適用** \r\n \r\n ## 保存方式\r\n 避免放置潮濕處，避免放置太陽照射處。 \r\n \r\n ## 產地\r\n **美國** \r\n \r\n ## 備註\r\n - 快速轉換新食物可能引起寵物消化不良及腸胃不適，因此應以**七天以上的時間**逐漸轉換，讓寵物慢慢適應新食物。 \r\n - **優格寵物食譜**符合 **AAFCO（美國飼料管理協會）**所制定的營養標準。 \r\n - **無麩質低敏食譜** \r\n ', 120, 8, '2025-01-16 15:20:00', '2025-03-11 15:42:00', '上架', '/images/shop/WetFoodDog/wetFoodDog (7).jpg', 50, 0),
(50, '狗狗說Tasty!犬用主食罐(純鮮牛×南瓜)', '# 產品資訊\r\n \r\n ## 產品特色\r\n 1. **葡萄糖胺/軟骨素** - 幫助關節靈活，骨質保健 \r\n 2. **大顆粒** - 幫助潔牙 \r\n 3. **腸益菌/益菌生** - 整腸助消化及吸收 \r\n \r\n ## 優質成份\r\n 乾燥羊肉、乾燥雞肉、研磨糙米、研磨釀造米、研磨高粱、研磨玉米、珍珠大麥、雞脂（以混合生育酚保存）、玉米麩粉、乾燥甜菜根、天然調味料、乾燥鮭魚、食鹽、氯化鉀、乾燥蕃茄粕、藜麥、乾燥雞蛋、釀造乾燥酵母、研磨亞麻仁、維生素（維生素E、菸鹼酸（維生素B3）、硫胺素（維生素B1）、泛酸鈣（維生素B5）、維生素A、鹽酸吡哆醇（維生素B6）、維生素B2、維生素D3、維生素B12、葉酸、生物素）、乾燥番茄、礦物質（硫酸鋅、硫酸鐵、硫酸銅、氧化錳、亞硒酸鈉、碘酸鈣）、氯化膽鹼、乾燥菊苣根（菊苣多醣、果寡糖來源）、鯡魚油（以混合生育酚保存）、DL-甲硫氨酸、絲蘭萃取精華、L-抗壞血酸-2-聚磷酸鹽（維生素C活性來源）、鹽酸鹽葡萄糖胺、軟骨素、左旋肉鹼、肌醇、啤酒酵母萃取物、益生菌（腸球菌、嗜酸乳桿菌、黑麴菌、長枝木黴菌、枯草芽孢桿菌）。\r\n \r\n ## 保證成份分析\r\n - **粗蛋白質**（最低量）：23.00% \r\n - **粗脂肪**（最低量）：14.00% \r\n - **粗纖維**（最高量）：4.00% \r\n - **水分**（最高量）：10.00% \r\n - **灰分**（最高量）：7.50% \r\n - **鈣**（最低量）：0.50% \r\n - **磷**（最低量）：0.40% \r\n - **茄紅素**（最低量）：8 mg/kg \r\n - **Omega-3 脂肪酸**（最低量）：0.30% \r\n - **Omega-6 脂肪酸**（最低量）：1.50% \r\n - **葡萄糖胺**（最低量）：210 mg/kg \r\n - **軟骨素**（最低量）：85 mg/kg \r\n - **熱量**：3600 仟卡/公斤 \r\n \r\n ## 適用對象\r\n **成犬適用** \r\n \r\n ## 保存方式\r\n 避免放置潮濕處，避免放置太陽照射處。 \r\n \r\n ## 產地\r\n **美國** \r\n \r\n ## 備註\r\n - 快速轉換新食物可能引起寵物消化不良及腸胃不適，因此應以**七天以上的時間**逐漸轉換，讓寵物慢慢適應新食物。 \r\n - **優格寵物食譜**符合 **AAFCO（美國飼料管理協會）**所制定的營養標準。 \r\n - **無麩質低敏食譜** \r\n ', 130, 8, '2025-01-16 15:20:00', '2025-03-11 15:42:00', '上架', '/images/shop/WetFoodDog/wetFoodDog (8).jpg', 50, 0),
(51, '狗狗說Tasty!犬用主食罐(純鮮雞×天然綠蕉粉)', '# 產品資訊\r\n \r\n ## 產品特色\r\n 1. **葡萄糖胺/軟骨素** - 幫助關節靈活，骨質保健 \r\n 2. **大顆粒** - 幫助潔牙 \r\n 3. **腸益菌/益菌生** - 整腸助消化及吸收 \r\n \r\n ## 優質成份\r\n 乾燥羊肉、乾燥雞肉、研磨糙米、研磨釀造米、研磨高粱、研磨玉米、珍珠大麥、雞脂（以混合生育酚保存）、玉米麩粉、乾燥甜菜根、天然調味料、乾燥鮭魚、食鹽、氯化鉀、乾燥蕃茄粕、藜麥、乾燥雞蛋、釀造乾燥酵母、研磨亞麻仁、維生素（維生素E、菸鹼酸（維生素B3）、硫胺素（維生素B1）、泛酸鈣（維生素B5）、維生素A、鹽酸吡哆醇（維生素B6）、維生素B2、維生素D3、維生素B12、葉酸、生物素）、乾燥番茄、礦物質（硫酸鋅、硫酸鐵、硫酸銅、氧化錳、亞硒酸鈉、碘酸鈣）、氯化膽鹼、乾燥菊苣根（菊苣多醣、果寡糖來源）、鯡魚油（以混合生育酚保存）、DL-甲硫氨酸、絲蘭萃取精華、L-抗壞血酸-2-聚磷酸鹽（維生素C活性來源）、鹽酸鹽葡萄糖胺、軟骨素、左旋肉鹼、肌醇、啤酒酵母萃取物、益生菌（腸球菌、嗜酸乳桿菌、黑麴菌、長枝木黴菌、枯草芽孢桿菌）。\r\n \r\n ## 保證成份分析\r\n - **粗蛋白質**（最低量）：23.00% \r\n - **粗脂肪**（最低量）：14.00% \r\n - **粗纖維**（最高量）：4.00% \r\n - **水分**（最高量）：10.00% \r\n - **灰分**（最高量）：7.50% \r\n - **鈣**（最低量）：0.50% \r\n - **磷**（最低量）：0.40% \r\n - **茄紅素**（最低量）：8 mg/kg \r\n - **Omega-3 脂肪酸**（最低量）：0.30% \r\n - **Omega-6 脂肪酸**（最低量）：1.50% \r\n - **葡萄糖胺**（最低量）：210 mg/kg \r\n - **軟骨素**（最低量）：85 mg/kg \r\n - **熱量**：3600 仟卡/公斤 \r\n \r\n ## 適用對象\r\n **成犬適用** \r\n \r\n ## 保存方式\r\n 避免放置潮濕處，避免放置太陽照射處。 \r\n \r\n ## 產地\r\n **美國** \r\n \r\n ## 備註\r\n - 快速轉換新食物可能引起寵物消化不良及腸胃不適，因此應以**七天以上的時間**逐漸轉換，讓寵物慢慢適應新食物。 \r\n - **優格寵物食譜**符合 **AAFCO（美國飼料管理協會）**所制定的營養標準。 \r\n - **無麩質低敏食譜** \r\n ', 140, 8, '2025-01-16 15:20:00', '2025-03-11 15:42:00', '上架', '/images/shop/WetFoodDog/wetFoodDog (9).jpg', 50, 0);

-- --------------------------------------------------------

--
-- 資料表結構 `product_img`
--

CREATE TABLE `product_img` (
  `product_id` int NOT NULL,
  `product_img1` varchar(255) CHARACTER SET utf8mb4 COLLATE utf8mb4_general_ci NOT NULL,
  `product_img2` varchar(255) CHARACTER SET utf8mb4 COLLATE utf8mb4_general_ci DEFAULT NULL,
  `product_img3` varchar(255) CHARACTER SET utf8mb4 COLLATE utf8mb4_general_ci DEFAULT NULL,
  `product_img4` varchar(255) CHARACTER SET utf8mb4 COLLATE utf8mb4_general_ci DEFAULT NULL
) ENGINE=InnoDB DEFAULT CHARSET=utf8mb4 COLLATE=utf8mb4_general_ci;

-- --------------------------------------------------------

--
-- 資料表結構 `product_like`
--

CREATE TABLE `product_like` (
  `user_id` int NOT NULL,
  `product_id` int NOT NULL,
  `created_at` datetime NOT NULL DEFAULT CURRENT_TIMESTAMP
) ENGINE=InnoDB DEFAULT CHARSET=utf8mb4 COLLATE=utf8mb4_0900_ai_ci;

--
-- 傾印資料表的資料 `product_like`
--

INSERT INTO `product_like` (`user_id`, `product_id`, `created_at`) VALUES
(1, 1, '2025-03-26 11:40:35');

-- --------------------------------------------------------

--
-- 資料表結構 `product_reviews`
--

CREATE TABLE `product_reviews` (
  `review_id` int NOT NULL,
  `order_item_id` int NOT NULL,
  `user_id` int DEFAULT NULL,
  `product_id` int DEFAULT NULL,
  `variant_id` int DEFAULT NULL,
  `rating` int NOT NULL,
  `review_text` text CHARACTER SET utf8mb4 COLLATE utf8mb4_general_ci,
  `created_at` datetime NOT NULL DEFAULT CURRENT_TIMESTAMP
) ENGINE=InnoDB DEFAULT CHARSET=utf8mb4 COLLATE=utf8mb4_general_ci;

--
-- 傾印資料表的資料 `product_reviews`
--

INSERT INTO `product_reviews` (`review_id`, `order_item_id`, `user_id`, `product_id`, `variant_id`, `rating`, `review_text`, `created_at`) VALUES
(1, 1, 1, 1, 1, 5, '狗狗很喜歡這款乾糧，品質很好！', '2025-03-10 10:00:00'),
(2, 11, 3, 1, 1, 4, '味道不錯，狗狗吃得很開心，但希望包裝可以改進。', '2025-03-10 10:05:00'),
(3, 21, 5, 1, 1, 3, '一般般，狗狗吃得還行，但比預期中貴了一點。', '2025-03-10 10:10:00');

-- --------------------------------------------------------

--
-- 資料表結構 `product_variants`
--

CREATE TABLE `product_variants` (
  `variant_id` int NOT NULL,
  `product_id` int NOT NULL,
  `variant_name` varchar(255) CHARACTER SET utf8mb4 COLLATE utf8mb4_general_ci NOT NULL,
  `price` int NOT NULL,
  `stock_quantity` int NOT NULL DEFAULT '0',
  `variant_status` varchar(20) CHARACTER SET utf8mb4 COLLATE utf8mb4_general_ci DEFAULT NULL,
  `image_url` varchar(255) CHARACTER SET utf8mb4 COLLATE utf8mb4_general_ci DEFAULT NULL,
  `is_deleted` tinyint(1) DEFAULT '0',
  `created_at` datetime NOT NULL DEFAULT CURRENT_TIMESTAMP,
  `updated_at` datetime NOT NULL DEFAULT CURRENT_TIMESTAMP ON UPDATE CURRENT_TIMESTAMP
) ENGINE=InnoDB DEFAULT CHARSET=utf8mb4 COLLATE=utf8mb4_general_ci;

--
-- 傾印資料表的資料 `product_variants`
--

INSERT INTO `product_variants` (`variant_id`, `product_id`, `variant_name`, `price`, `stock_quantity`, `variant_status`, `image_url`, `is_deleted`, `created_at`, `updated_at`) VALUES
(1, 1, '7kg', 1200, 14, NULL, '', 0, '2025-01-16 03:08:30', '2025-03-28 04:11:39'),
(2, 2, '7kg', 1205, 19, NULL, '', 0, '2025-01-16 03:08:30', '2025-03-28 04:11:39'),
(3, 3, '7kg', 1210, 37, NULL, '', 0, '2025-01-16 03:08:30', '2025-03-28 04:11:39'),
(4, 4, '7kg', 1215, 29, NULL, '', 0, '2025-01-16 03:08:30', '2025-03-28 04:11:39'),
(5, 5, '7kg', 1220, 22, NULL, '', 0, '2025-01-16 03:08:30', '2025-03-28 09:56:53'),
(6, 6, '7kg', 1225, 20, NULL, '', 0, '2025-01-16 03:08:30', '2025-03-11 15:42:59'),
(7, 7, '7kg', 1230, 10, NULL, '', 0, '2025-01-16 03:08:30', '2025-03-11 15:42:59'),
(8, 8, '7kg', 1235, 15, NULL, '', 0, '2025-01-16 03:08:30', '2025-03-11 15:42:59'),
(9, 9, '7kg', 1240, 10, NULL, '', 0, '2025-01-16 03:08:30', '2025-03-11 15:42:59'),
(10, 10, '7kg', 1245, 12, NULL, '', 0, '2025-01-16 03:08:30', '2025-03-11 15:42:59'),
(11, 11, '7kg', 1250, 5, NULL, '', 0, '2025-01-16 13:28:02', '2025-03-11 15:42:59'),
(12, 12, '7kg', 1255, 10, NULL, '', 0, '2025-01-16 15:21:16', '2025-03-11 15:42:59'),
(13, 13, '7kg', 1260, 50, NULL, '', 0, '2025-01-17 15:21:16', '2025-03-12 15:42:59'),
(14, 14, '7kg', 1265, 50, NULL, '', 0, '2025-01-18 15:21:16', '2025-03-13 15:42:59'),
(15, 15, '7kg', 1270, 50, NULL, '', 0, '2025-01-19 15:21:16', '2025-03-14 15:42:59'),
(16, 16, '7kg', 1275, 50, NULL, '', 0, '2025-01-20 15:21:16', '2025-03-15 15:42:59'),
(17, 17, '7kg', 1280, 50, NULL, '', 0, '2025-01-21 15:21:16', '2025-03-16 15:42:59'),
(18, 18, '7kg', 1285, 50, NULL, '', 0, '2025-01-22 15:21:16', '2025-03-17 15:42:59'),
(19, 19, '7kg', 1290, 50, NULL, '', 0, '2025-01-23 15:21:16', '2025-03-18 15:42:59'),
(20, 20, '7kg', 1295, 50, NULL, '', 0, '2025-01-24 15:21:16', '2025-03-19 15:42:59'),
(21, 21, '7kg', 1300, 50, NULL, '', 0, '2025-01-25 15:21:16', '2025-03-20 15:42:59'),
(22, 22, '7kg', 1305, 50, NULL, '', 0, '2025-01-26 15:21:16', '2025-03-21 15:42:59'),
(23, 23, '7kg', 1310, 50, NULL, '', 0, '2025-01-27 15:21:16', '2025-03-22 15:42:59'),
(24, 24, '7kg', 1315, 50, NULL, '', 0, '2025-01-28 15:21:16', '2025-03-23 15:42:59'),
(25, 25, '7kg', 1320, 50, NULL, '', 0, '2025-01-29 15:21:16', '2025-03-24 15:42:59'),
(26, 26, '150g', 80, 30, NULL, '', 0, '2025-01-30 15:21:16', '2025-03-25 15:42:59'),
(27, 27, '150g', 90, 30, NULL, '', 0, '2025-01-31 15:21:16', '2025-03-26 15:42:59'),
(28, 28, '150g', 100, 30, NULL, '', 0, '2025-02-01 15:21:16', '2025-03-27 15:42:59'),
(29, 29, '150g', 110, 30, NULL, '', 0, '2025-02-02 15:21:16', '2025-03-28 15:42:59'),
(30, 30, '150g', 120, 30, NULL, '', 0, '2025-02-03 15:21:16', '2025-03-29 15:42:59'),
(31, 31, '150g', 130, 30, NULL, '', 0, '2025-02-04 15:21:16', '2025-04-30 15:42:59'),
(32, 32, '150g', 140, 30, NULL, '', 0, '2025-02-05 15:21:16', '2025-05-01 15:42:59'),
(33, 33, '150g', 150, 30, NULL, '', 0, '2025-02-06 15:21:16', '2025-05-02 15:42:59'),
(34, 34, '150g', 160, 30, NULL, '', 0, '2025-02-07 15:21:16', '2025-05-03 15:42:59'),
(35, 35, '150g', 170, 30, NULL, '', 0, '2025-02-08 15:21:16', '2025-05-04 15:42:59'),
(36, 36, '150g', 180, 30, NULL, '', 0, '2025-02-09 15:21:16', '2025-05-05 15:42:59'),
(37, 37, '150g', 190, 30, NULL, '', 0, '2025-02-10 15:21:16', '2025-05-06 15:42:59'),
(38, 38, '150g', 200, 30, NULL, '', 0, '2025-02-11 15:21:16', '2025-05-07 15:42:59'),
(39, 39, '150g', 210, 30, NULL, '', 0, '2025-02-12 15:21:16', '2025-05-08 15:42:59'),
(40, 40, '150g', 220, 30, NULL, '', 0, '2025-02-13 15:21:16', '2025-05-09 15:42:59'),
(41, 41, '150g', 230, 30, NULL, '', 0, '2025-02-14 15:21:16', '2025-05-10 15:42:59'),
(42, 42, '150g', 240, 30, NULL, '', 0, '2025-02-15 15:21:16', '2025-05-11 15:42:59'),
(43, 43, '150g', 250, 30, NULL, '', 0, '2025-02-16 15:21:16', '2025-05-12 15:42:59'),
(44, 44, '150g', 260, 30, NULL, '', 0, '2025-02-17 15:21:16', '2025-05-13 15:42:59'),
(45, 45, '150g', 270, 30, NULL, '', 0, '2025-02-18 15:21:16', '2025-05-14 15:42:59'),
(46, 46, '150g', 280, 30, NULL, '', 0, '2025-02-19 15:21:16', '2025-05-15 15:42:59'),
(47, 47, '150g', 290, 30, NULL, '', 0, '2025-02-20 15:21:16', '2025-05-16 15:42:59'),
(48, 48, '150g', 300, 30, NULL, '', 0, '2025-02-21 15:21:16', '2025-05-17 15:42:59'),
(49, 49, '150g', 310, 30, NULL, '', 0, '2025-02-22 15:21:16', '2025-05-18 15:42:59'),
(50, 50, '150g', 320, 30, NULL, '', 0, '2025-02-23 15:21:16', '2025-05-19 15:42:59'),
(51, 51, '150g', 330, 30, NULL, '', 0, '2025-02-24 15:21:16', '2025-05-20 15:42:59'),
(52, 1, '15kg', 2500, 60, NULL, '', 0, '2025-02-25 15:21:16', '2025-05-21 15:42:59'),
(53, 2, '15kg', 2505, 60, NULL, '', 0, '2025-02-26 15:21:16', '2025-05-22 15:42:59'),
(54, 3, '15kg', 2510, 60, NULL, '', 0, '2025-02-27 15:21:16', '2025-05-23 15:42:59'),
(55, 4, '15kg', 2515, 60, NULL, '', 0, '2025-02-28 15:21:16', '2025-05-24 15:42:59'),
(56, 5, '15kg', 2520, 60, NULL, '', 0, '2025-03-01 15:21:16', '2025-05-25 15:42:59'),
(57, 6, '15kg', 2525, 60, NULL, '', 0, '2025-03-02 15:21:16', '2025-05-26 15:42:59'),
(58, 7, '15kg', 2530, 60, NULL, '', 0, '2025-03-03 15:21:16', '2025-05-27 15:42:59'),
(59, 8, '15kg', 2535, 60, NULL, '', 0, '2025-03-04 15:21:16', '2025-05-28 15:42:59'),
(60, 9, '15kg', 2540, 60, NULL, '', 0, '2025-03-05 15:21:16', '2025-05-29 15:42:59'),
(61, 10, '15kg', 2545, 60, NULL, '', 0, '2025-03-06 15:21:16', '2025-05-30 15:42:59'),
(62, 11, '15kg', 2550, 60, NULL, '', 0, '2025-03-07 15:21:16', '2025-05-31 15:42:59'),
(63, 12, '15kg', 2555, 60, NULL, '', 0, '2025-03-08 15:21:16', '2025-06-01 15:42:59'),
(64, 13, '15kg', 2560, 60, NULL, '', 0, '2025-03-09 15:21:16', '2025-06-02 15:42:59'),
(65, 14, '15kg', 2565, 60, NULL, '', 0, '2025-03-10 15:21:16', '2025-06-03 15:42:59'),
(66, 15, '15kg', 2570, 60, NULL, '', 0, '2025-03-11 15:21:16', '2025-06-04 15:42:59'),
(67, 16, '15kg', 2575, 60, NULL, '', 0, '2025-03-12 15:21:16', '2025-06-05 15:42:59'),
(68, 17, '15kg', 2580, 60, NULL, '', 0, '2025-03-13 15:21:16', '2025-06-06 15:42:59'),
(69, 18, '15kg', 2585, 60, NULL, '', 0, '2025-03-14 15:21:16', '2025-06-07 15:42:59'),
(70, 19, '15kg', 2590, 60, NULL, '', 0, '2025-03-15 15:21:16', '2025-06-08 15:42:59'),
(71, 20, '15kg', 2595, 60, NULL, '', 0, '2025-03-16 15:21:16', '2025-06-09 15:42:59'),
(72, 21, '15kg', 2600, 60, NULL, '', 0, '2025-03-17 15:21:16', '2025-06-10 15:42:59'),
(73, 22, '15kg', 2605, 60, NULL, '', 0, '2025-03-18 15:21:16', '2025-06-11 15:42:59'),
(74, 23, '15kg', 2610, 60, NULL, '', 0, '2025-03-19 15:21:16', '2025-06-12 15:42:59'),
(75, 24, '15kg', 2615, 60, NULL, '', 0, '2025-03-20 15:21:16', '2025-06-13 15:42:59'),
(76, 25, '15kg', 2620, 60, NULL, '', 0, '2025-03-21 15:21:16', '2025-06-14 15:42:59'),
(77, 26, '200g', 100, 20, NULL, '', 0, '2025-03-22 15:21:16', '2025-06-15 15:42:59'),
(78, 27, '200g', 110, 20, NULL, '', 0, '2025-03-23 15:21:16', '2025-06-16 15:42:59'),
(79, 28, '200g', 120, 20, NULL, '', 0, '2025-03-24 15:21:16', '2025-06-17 15:42:59'),
(80, 29, '200g', 130, 20, NULL, '', 0, '2025-03-25 15:21:16', '2025-06-18 15:42:59'),
(81, 30, '200g', 140, 20, NULL, '', 0, '2025-03-26 15:21:16', '2025-06-19 15:42:59'),
(82, 31, '200g', 150, 20, NULL, '', 0, '2025-03-27 15:21:16', '2025-06-20 15:42:59'),
(83, 32, '200g', 160, 20, NULL, '', 0, '2025-03-28 15:21:16', '2025-06-21 15:42:59'),
(84, 33, '200g', 170, 20, NULL, '', 0, '2025-03-29 15:21:16', '2025-06-22 15:42:59'),
(85, 34, '200g', 180, 20, NULL, '', 0, '2025-03-30 15:21:16', '2025-06-23 15:42:59'),
(86, 35, '200g', 190, 20, NULL, '', 0, '2025-03-31 15:21:16', '2025-06-24 15:42:59'),
(87, 36, '200g', 200, 20, NULL, '', 0, '2025-04-01 15:21:16', '2025-06-25 15:42:59'),
(88, 37, '200g', 210, 20, NULL, '', 0, '2025-04-02 15:21:16', '2025-06-26 15:42:59'),
(89, 38, '200g', 220, 20, NULL, '', 0, '2025-04-03 15:21:16', '2025-06-27 15:42:59'),
(90, 39, '200g', 230, 20, NULL, '', 0, '2025-04-04 15:21:16', '2025-06-28 15:42:59'),
(91, 40, '200g', 240, 20, NULL, '', 0, '2025-04-05 15:21:16', '2025-06-29 15:42:59'),
(92, 41, '200g', 250, 20, NULL, '', 0, '2025-04-06 15:21:16', '2025-06-30 15:42:59'),
(93, 42, '200g', 260, 20, NULL, '', 0, '2025-04-07 15:21:16', '2025-07-01 15:42:59'),
(94, 43, '200g', 270, 20, NULL, '', 0, '2025-04-08 15:21:16', '2025-07-02 15:42:59'),
(95, 44, '200g', 280, 20, NULL, '', 0, '2025-04-09 15:21:16', '2025-07-03 15:42:59'),
(96, 45, '200g', 290, 20, NULL, '', 0, '2025-04-10 15:21:16', '2025-07-04 15:42:59'),
(97, 46, '200g', 300, 20, NULL, '', 0, '2025-04-11 15:21:16', '2025-07-05 15:42:59'),
(98, 47, '200g', 310, 20, NULL, '', 0, '2025-04-12 15:21:16', '2025-07-06 15:42:59'),
(99, 48, '200g', 320, 20, NULL, '', 0, '2025-04-13 15:21:16', '2025-07-07 15:42:59'),
(100, 49, '200g', 330, 20, NULL, '', 0, '2025-04-14 15:21:16', '2025-07-08 15:42:59'),
(101, 50, '200g', 340, 20, NULL, '', 0, '2025-04-15 15:21:16', '2025-07-09 15:42:59'),
(102, 51, '200g', 350, 20, NULL, '', 0, '2025-04-16 15:21:16', '2025-07-10 15:42:59'),
(103, 4, '20kg', 3000, 20, NULL, '', 0, '2025-04-17 15:21:16', '2025-07-11 15:42:59'),
(104, 5, '20kg', 3005, 0, NULL, '', 0, '2025-04-18 15:21:16', '2025-07-12 15:42:59'),
(105, 6, '20kg', 3010, 20, NULL, '', 0, '2025-04-19 15:21:16', '2025-07-13 15:42:59'),
(106, 7, '20kg', 3015, 20, NULL, '', 0, '2025-04-20 15:21:16', '2025-07-14 15:42:59'),
(107, 8, '20kg', 3020, 20, NULL, '', 0, '2025-04-21 15:21:16', '2025-07-15 15:42:59'),
(108, 9, '20kg', 3025, 20, NULL, '', 0, '2025-04-22 15:21:16', '2025-07-16 15:42:59'),
(109, 10, '20kg', 3030, 20, NULL, '', 0, '2025-04-23 15:21:16', '2025-07-17 15:42:59'),
(110, 11, '20kg', 3035, 20, NULL, '', 0, '2025-04-24 15:21:16', '2025-07-18 15:42:59'),
(111, 12, '20kg', 3040, 20, NULL, '', 0, '2025-04-25 15:21:16', '2025-07-19 15:42:59'),
(112, 13, '20kg', 3045, 20, NULL, '', 0, '2025-04-26 15:21:16', '2025-07-20 15:42:59'),
(113, 14, '20kg', 3050, 20, NULL, '', 0, '2025-04-27 15:21:16', '2025-07-21 15:42:59'),
(114, 15, '20kg', 3055, 20, NULL, '', 0, '2025-04-28 15:21:16', '2025-07-22 15:42:59'),
(115, 16, '20kg', 3060, 20, NULL, '', 0, '2025-04-29 15:21:16', '2025-07-23 15:42:59'),
(116, 17, '20kg', 3065, 20, NULL, '', 0, '2025-04-30 15:21:16', '2025-07-24 15:42:59'),
(117, 18, '20kg', 3070, 20, NULL, '', 0, '2025-05-01 15:21:16', '2025-07-25 15:42:59'),
(118, 19, '20kg', 3075, 20, NULL, '', 0, '2025-05-02 15:21:16', '2025-07-26 15:42:59'),
(119, 20, '20kg', 3080, 20, NULL, '', 0, '2025-05-03 15:21:16', '2025-07-27 15:42:59'),
(120, 21, '20kg', 3085, 20, NULL, '', 0, '2025-05-04 15:21:16', '2025-07-28 15:42:59'),
(121, 22, '20kg', 3090, 20, NULL, '', 0, '2025-05-05 15:21:16', '2025-07-29 15:42:59'),
(122, 23, '20kg', 3095, 20, NULL, '', 0, '2025-05-06 15:21:16', '2025-07-30 15:42:59'),
(123, 24, '20kg', 3100, 20, NULL, '', 0, '2025-05-07 15:21:16', '2025-07-31 15:42:59'),
(124, 25, '20kg', 3105, 20, NULL, '', 0, '2025-05-08 15:21:16', '2025-08-01 15:42:59'),
(125, 26, '250g', 150, 50, NULL, '', 0, '2025-05-09 15:21:16', '2025-08-02 15:42:59'),
(126, 27, '700g', 160, 50, NULL, '', 0, '2025-05-10 15:21:16', '2025-07-03 15:42:59'),
(127, 28, '700g', 150, 50, NULL, '', 0, '2025-05-11 15:21:16', '2025-07-04 15:42:59'),
(128, 29, '700g', 140, 50, NULL, '', 0, '2025-05-12 15:21:16', '2025-07-05 15:42:59'),
(129, 30, '700g', 130, 50, NULL, '', 0, '2025-05-13 15:21:16', '2025-07-06 15:42:59');

-- --------------------------------------------------------

--
-- 資料表結構 `promotions`
--

CREATE TABLE `promotions` (
  `promotion_id` int NOT NULL,
  `promotion_name` varchar(255) CHARACTER SET utf8mb4 COLLATE utf8mb4_general_ci NOT NULL,
  `promotion_description` text CHARACTER SET utf8mb4 COLLATE utf8mb4_general_ci,
  `start_date` date NOT NULL,
  `end_date` date DEFAULT NULL,
  `discount_percentage` int NOT NULL,
  `updated_at` datetime NOT NULL DEFAULT CURRENT_TIMESTAMP ON UPDATE CURRENT_TIMESTAMP,
  `photo` varchar(255) CHARACTER SET utf8mb4 COLLATE utf8mb4_general_ci DEFAULT NULL
) ENGINE=InnoDB DEFAULT CHARSET=utf8mb4 COLLATE=utf8mb4_general_ci;

--
-- 傾印資料表的資料 `promotions`
--

INSERT INTO `promotions` (`promotion_id`, `promotion_name`, `promotion_description`, `start_date`, `end_date`, `discount_percentage`, `updated_at`, `photo`) VALUES
(1, '夏季寵物用品大促', '全館寵物食品、零食、日常用品享受高達30%折扣', '2025-05-31', '2025-06-30', 30, '2025-03-24 13:52:53', 'https://encrypted-tbn0.gstatic.com/images?q=tbn:ANd9GcSXwEQcai8Shnw_B0c_NCiP_HGPNduDrkNtfQ&s'),
(2, '寵物美容護理優惠', '寵物美容產品限時買一送一，包括洗毛精、護毛素等', '2025-07-01', '2025-07-15', 50, '2025-03-11 15:42:59', NULL),
(3, '新品飼料優惠', '全新上市的寵物乾糧和罐頭享受首次購買20%折扣', '2025-08-01', '2025-08-31', 20, '2025-03-11 15:42:59', NULL),
(4, '寵物用品滿額折扣', '全館消費滿500元可享受額外10%折扣，適用於所有寵物商品', '2025-01-01', '2025-09-30', 10, '2025-03-31 13:21:28', NULL),
(5, '雙11寵物狂歡節', '雙11期間所有寵物商品享有30%折扣，限時搶購', '2025-01-01', '2025-11-11', 30, '2025-03-31 13:21:28', NULL),
(7, '寵物零食優惠週', '寵物零食專屬折扣，最高可享15%優惠', '2025-01-01', '2025-12-07', 15, '2025-03-11 15:42:59', NULL);

-- --------------------------------------------------------

--
-- 資料表結構 `promotion_products`
--

CREATE TABLE `promotion_products` (
  `promotion_product_id` int NOT NULL,
  `promotion_id` int NOT NULL,
  `product_id` int DEFAULT NULL,
  `variant_id` int DEFAULT NULL,
  `category_id` int DEFAULT NULL
) ENGINE=InnoDB DEFAULT CHARSET=utf8mb4 COLLATE=utf8mb4_general_ci;

--
-- 傾印資料表的資料 `promotion_products`
--

INSERT INTO `promotion_products` (`promotion_product_id`, `promotion_id`, `product_id`, `variant_id`, `category_id`) VALUES
(4, 4, 1, NULL, NULL),
(5, 4, 2, NULL, NULL),
(6, 4, 3, NULL, NULL),
(7, 4, 4, NULL, NULL),
(8, 4, 5, NULL, NULL),
(9, 4, 12, NULL, NULL),
(10, 4, 13, NULL, NULL),
(11, 4, 14, NULL, NULL),
(12, 4, 15, NULL, NULL),
(13, 4, 16, NULL, NULL),
(14, 4, 17, NULL, NULL),
(15, 4, 18, NULL, NULL),
(16, 4, 19, NULL, NULL),
(17, 5, 26, NULL, NULL),
(18, 5, 27, NULL, NULL),
(22, 5, 28, NULL, NULL),
(23, 5, 29, NULL, NULL),
(24, 5, 30, NULL, NULL),
(25, 5, 31, NULL, NULL),
(26, 5, 35, NULL, NULL),
(27, 7, 36, NULL, NULL),
(28, 7, 37, NULL, NULL),
(29, 7, 38, NULL, NULL),
(30, 7, 39, NULL, NULL);

-- --------------------------------------------------------

--
-- 資料表結構 `receipts`
--

CREATE TABLE `receipts` (
  `id` int NOT NULL,
  `donation_id` int NOT NULL,
  `receipt_name` varchar(80) CHARACTER SET utf8mb4 COLLATE utf8mb4_general_ci DEFAULT NULL,
  `receipt_phone` varchar(10) CHARACTER SET utf8mb4 COLLATE utf8mb4_general_ci DEFAULT NULL,
  `receipt_address` varchar(250) CHARACTER SET utf8mb4 COLLATE utf8mb4_general_ci DEFAULT NULL
) ENGINE=InnoDB DEFAULT CHARSET=utf8mb4 COLLATE=utf8mb4_general_ci;

-- --------------------------------------------------------

--
-- 資料表結構 `refunds`
--

CREATE TABLE `refunds` (
  `refund_id` int NOT NULL,
  `order_id` varchar(30) CHARACTER SET utf8mb4 COLLATE utf8mb4_general_ci NOT NULL,
  `refund_amount` int NOT NULL,
  `refund_reason` text CHARACTER SET utf8mb4 COLLATE utf8mb4_general_ci NOT NULL,
  `refund_status` varchar(20) CHARACTER SET utf8mb4 COLLATE utf8mb4_general_ci NOT NULL,
  `processed_at` datetime NOT NULL,
  `payment_method` varchar(255) CHARACTER SET utf8mb4 COLLATE utf8mb4_general_ci NOT NULL,
  `notes` text CHARACTER SET utf8mb4 COLLATE utf8mb4_general_ci
) ENGINE=InnoDB DEFAULT CHARSET=utf8mb4 COLLATE=utf8mb4_general_ci;

-- --------------------------------------------------------

--
-- 資料表結構 `reports`
--

CREATE TABLE `reports` (
  `id` int NOT NULL,
  `target_table` enum('post','comment') CHARACTER SET utf8mb4 COLLATE utf8mb4_general_ci NOT NULL,
  `target_id` int NOT NULL,
  `reporter_id` int NOT NULL,
  `reason` text CHARACTER SET utf8mb4 COLLATE utf8mb4_general_ci NOT NULL,
  `status` enum('待審核','審核通過','審核駁回') CHARACTER SET utf8mb4 COLLATE utf8mb4_general_ci DEFAULT '待審核',
  `created_at` timestamp NULL DEFAULT CURRENT_TIMESTAMP
) ENGINE=InnoDB DEFAULT CHARSET=utf8mb4 COLLATE=utf8mb4_general_ci;

--
-- 傾印資料表的資料 `reports`
--

INSERT INTO `reports` (`id`, `target_table`, `target_id`, `reporter_id`, `reason`, `status`, `created_at`) VALUES
(1, 'post', 37, 1, '這篇內容疑似違規', '待審核', '2025-01-15 17:28:49'),
(2, 'comment', 240, 14, '這篇內容疑似違規', '待審核', '2025-01-15 17:28:49'),
(3, 'comment', 165, 3, '這篇內容疑似違規', '待審核', '2025-01-15 17:28:49'),
(4, 'comment', 100, 8, '這篇內容疑似違規', '待審核', '2025-01-15 17:28:49'),
(5, 'post', 137, 5, '這篇內容疑似違規', '待審核', '2025-01-15 17:28:49'),
(6, 'post', 188, 19, '這篇內容疑似違規', '待審核', '2025-01-15 17:28:49'),
(7, 'comment', 384, 6, '這篇內容疑似違規', '待審核', '2025-01-15 17:28:49'),
(8, 'post', 167, 14, '這篇內容疑似違規', '待審核', '2025-01-15 17:28:49'),
(9, 'comment', 303, 6, '這篇內容疑似違規', '待審核', '2025-01-15 17:28:49'),
(10, 'post', 67, 13, '這篇內容疑似違規', '待審核', '2025-01-15 17:28:49'),
(11, 'comment', 467, 7, '這篇內容疑似違規', '待審核', '2025-01-15 17:28:49'),
(16, 'comment', 305, 3, '這篇內容疑似違規', '待審核', '2025-01-15 17:28:49'),
(17, 'comment', 413, 7, '這篇內容疑似違規', '待審核', '2025-01-15 17:28:49'),
(20, 'comment', 233, 3, '這篇內容疑似違規', '待審核', '2025-01-15 17:28:49');

-- --------------------------------------------------------

--
-- 資料表結構 `return_order`
--

CREATE TABLE `return_order` (
  `return_id` int NOT NULL,
  `order_id` varchar(30) CHARACTER SET utf8mb4 COLLATE utf8mb4_general_ci NOT NULL,
  `return_date` datetime NOT NULL DEFAULT CURRENT_TIMESTAMP,
  `return_status` varchar(25) CHARACTER SET utf8mb4 COLLATE utf8mb4_general_ci NOT NULL,
  `reason` text CHARACTER SET utf8mb4 COLLATE utf8mb4_general_ci NOT NULL,
  `refund_amount` int DEFAULT NULL,
  `refund_status` varchar(20) CHARACTER SET utf8mb4 COLLATE utf8mb4_general_ci NOT NULL,
  `refund_processed_at` datetime DEFAULT NULL,
  `notes` text CHARACTER SET utf8mb4 COLLATE utf8mb4_general_ci
) ENGINE=InnoDB DEFAULT CHARSET=utf8mb4 COLLATE=utf8mb4_general_ci;

-- --------------------------------------------------------

--
-- 資料表結構 `shopping_cart`
--

CREATE TABLE `shopping_cart` (
  `id` int NOT NULL,
  `user_id` int DEFAULT NULL,
  `product_id` int DEFAULT NULL,
  `variant_id` int DEFAULT NULL,
  `quantity` int DEFAULT '1',
  `update_at` datetime NOT NULL DEFAULT CURRENT_TIMESTAMP ON UPDATE CURRENT_TIMESTAMP
) ENGINE=InnoDB DEFAULT CHARSET=utf8mb4 COLLATE=utf8mb4_0900_ai_ci;

--
-- 傾印資料表的資料 `shopping_cart`
--

INSERT INTO `shopping_cart` (`id`, `user_id`, `product_id`, `variant_id`, `quantity`, `update_at`) VALUES
(1, 1, 1, 1, 2, '2025-03-17 07:36:53'),
(2, 1, 2, 2, 1, '2025-03-17 07:36:53'),
(3, 1, 3, 3, 3, '2025-03-17 07:36:53'),
(4, 1, 4, 4, 1, '2025-03-17 07:36:53'),
(5, 1, 5, 5, 2, '2025-03-17 07:36:53');

-- --------------------------------------------------------

--
-- 資料表結構 `users`
--

CREATE TABLE `users` (
  `user_id` int NOT NULL,
  `user_email` varchar(255) NOT NULL,
  `user_password` varchar(255) NOT NULL,
  `user_name` varchar(255) NOT NULL,
  `user_number` varchar(255) NOT NULL,
  `user_address` varchar(255) NOT NULL,
  `user_birthday` date DEFAULT NULL,
  `user_level` varchar(255) DEFAULT NULL,
  `profile_picture` varchar(255) DEFAULT NULL,
  `user_status` varchar(255) DEFAULT NULL,
  `user_nickname` varchar(10) DEFAULT NULL,
  `created_at` timestamp NULL DEFAULT NULL,
  `firebase_uid` varchar(255) DEFAULT NULL,
  `has_additional_info` tinyint(1) NOT NULL DEFAULT '0',
  `google_email` varchar(255) DEFAULT NULL
) ENGINE=InnoDB DEFAULT CHARSET=utf8mb4 COLLATE=utf8mb4_0900_ai_ci;

--
-- 傾印資料表的資料 `users`
--

INSERT INTO `users` (`user_id`, `user_email`, `user_password`, `user_name`, `user_number`, `user_address`, `user_birthday`, `user_level`, `profile_picture`, `user_status`, `user_nickname`, `created_at`, `firebase_uid`, `has_additional_info`, `google_email`) VALUES
(1, 'song1@gmail.com', 'a12345', '宋會喬', '0911222333', '台南市永康區南台街一號', '2005-01-24', '愛心小天使', NULL, '正常', NULL, '2024-12-31 16:00:00', NULL, 0, NULL),
(2, 'chin2@gmail.com', 'a12345', '金城', '0987123456', '台南市永康區南台街123號', '2004-12-17', '乾爹乾媽', NULL, '正常', NULL, '2025-01-01 16:00:00', NULL, 0, NULL),
(3, 'chang3@example.com', 'a12345', '張三', '0933123456', '台北市中正區忠孝東路一段1號', '2004-05-10', '乾爹乾媽', NULL, '正常', NULL, '2025-01-02 16:00:00', NULL, 0, NULL),
(4, 'lee4@example.com', 'a12345', '李四', '0966987654', '台中市西屯區台灣大道三段301號', '2003-07-20', '愛心小天使', NULL, '正常', NULL, '2025-01-03 16:00:00', NULL, 0, NULL),
(5, 'wang5@example.com', 'a12345', '王五', '0955567890', '高雄市苓雅區中正一路1號', '2002-11-01', '愛心小天使', NULL, '正常', NULL, '2025-01-04 16:00:00', NULL, 0, NULL),
(6, 'zhao6@example.com', 'a12345', '趙六', '0922876543', '新北市板橋區中山路一段1號', '2005-02-15', '乾爹乾媽', NULL, '正常', NULL, '2025-01-05 16:00:00', NULL, 0, NULL),
(7, 'liu7@example.com', 'a12345', '劉七', '0977432109', '桃園市桃園區復興路1號', '2004-04-28', '乾爹乾媽', NULL, '正常', NULL, '2025-01-06 16:00:00', NULL, 0, NULL),
(8, 'cheng8@example.com', 'a12345', '陳八', '0988012345', '台南市東區大學路1號', '2003-09-05', '乾爹乾媽', NULL, '禁言', NULL, '2025-01-07 16:00:00', NULL, 0, NULL),
(9, 'lin9@example.com', 'a12345', '林九', '0919654321', '花蓮縣花蓮市中山路一段1號', '2002-06-12', '愛心小天使', NULL, '正常', NULL, '2025-01-08 16:00:00', NULL, 0, NULL),
(10, 'shun10@gmail.com', 'a12345', '孫美', '0945678678', '台北市大安區有錢路888號', '2004-09-22', '愛心小天使', NULL, '禁言', NULL, '2025-01-09 16:00:00', NULL, 0, NULL),
(11, 'lee11@yahoo.com', 'a12345', '李浩', '0912789456', '台南市永康區南台街1號', '2004-03-04', '乾爹乾媽', NULL, '禁言', NULL, '2025-01-10 16:00:00', NULL, 0, NULL),
(12, 'liu12@gmail.com', 'a12345', '劉修', '0911223345', '台南市永康區南台街1號', '2004-06-25', '愛心小天使', NULL, '禁言', NULL, '2025-01-11 16:00:00', NULL, 0, NULL),
(13, 'wang13@yahoo.com', 'a12345', '王綺', '0922334454', '台南市永康區南台街1號', '2004-08-30', '愛心小天使', NULL, '正常', NULL, '2025-01-12 16:00:00', NULL, 0, NULL),
(14, 'kang14@yahoo.com', 'a12345', '康婷', '0945678910', '台南市永康區南台街1號', '2003-11-22', '乾爹乾媽', NULL, '禁言', NULL, '2025-01-13 16:00:00', NULL, 0, NULL),
(15, 'lin15@yahoo.com', 'a12345', '林冠', '0911147258', '台南市永康區南台街100號', '2005-01-12', '愛心小天使', NULL, '禁言', NULL, '2025-01-14 16:00:00', NULL, 0, NULL),
(16, 'chou10@example.com', 'a12345', '周時', '0930123789', '宜蘭縣宜蘭市中山路二段1號', '2004-10-18', '愛心小天使', NULL, '正常', NULL, '2025-01-15 16:00:00', NULL, 0, NULL),
(17, 'woo11@example.com', 'a12345', '吳壹', '0960987321', '屏東縣屏東市自由路1號', '2003-03-25', '乾爹乾媽', NULL, '禁言', NULL, '2025-01-16 16:00:00', NULL, 0, NULL),
(18, 'cheng12@example.com', 'a12345', '鄭貳', '0950567109', '基隆市仁愛區仁一路1號', '2002-08-02', '乾爹乾媽', NULL, '禁言', NULL, '2025-01-17 16:00:00', NULL, 0, NULL),
(19, 'sung13@example.com', 'a12345', '孫參', '0920876432', '嘉義市西區中山路1號', '2005-04-09', '乾爹乾媽', NULL, '禁言', NULL, '2025-01-18 16:00:00', NULL, 0, NULL);

-- --------------------------------------------------------

--
-- 資料表結構 `user_questionnaire`
--

CREATE TABLE `user_questionnaire` (
  `id` int NOT NULL,
  `user_id` int DEFAULT NULL,
  `living_environment` varchar(50) NOT NULL,
  `activity_level` varchar(50) NOT NULL,
  `experience_level` varchar(50) NOT NULL,
  `time_available` varchar(50) NOT NULL,
  `preferred_size` varchar(50) NOT NULL,
  `preferred_age` varchar(50) NOT NULL,
  `preferred_traits` text,
  `allergies` tinyint(1) DEFAULT '0',
  `has_children` tinyint(1) DEFAULT '0',
  `has_other_pets` tinyint(1) DEFAULT '0',
  `created_at` timestamp NULL DEFAULT CURRENT_TIMESTAMP,
  `updated_at` timestamp NULL DEFAULT CURRENT_TIMESTAMP ON UPDATE CURRENT_TIMESTAMP
) ENGINE=InnoDB DEFAULT CHARSET=utf8mb4 COLLATE=utf8mb4_0900_ai_ci;

-- --------------------------------------------------------

--
-- 資料表結構 `user_sessions`
--

CREATE TABLE `user_sessions` (
  `user_id` int NOT NULL,
  `ip_address` varchar(255) NOT NULL,
  `login_time` datetime DEFAULT CURRENT_TIMESTAMP,
  `logout_time` datetime DEFAULT NULL
) ENGINE=InnoDB DEFAULT CHARSET=utf8mb4 COLLATE=utf8mb4_0900_ai_ci;

--
-- 已傾印資料表的索引
--

--
-- 資料表索引 `admin_operation_logs`
--
ALTER TABLE `admin_operation_logs`
  ADD PRIMARY KEY (`id`),
  ADD KEY `idx_admin_id` (`admin_id`),
  ADD KEY `idx_created_at` (`created_at`),
  ADD KEY `idx_action_type` (`action_type`),
  ADD KEY `idx_module` (`module`);

--
-- 資料表索引 `bank_transfer_details`
--
ALTER TABLE `bank_transfer_details`
  ADD PRIMARY KEY (`id`),
  ADD KEY `bank_transfer_details_ibfk_1` (`donation_id`);

--
-- 資料表索引 `bans`
--
ALTER TABLE `bans`
  ADD PRIMARY KEY (`id`),
  ADD KEY `user_id` (`user_id`),
  ADD KEY `banned_by` (`banned_by`);

--
-- 資料表索引 `bookmarks`
--
ALTER TABLE `bookmarks`
  ADD PRIMARY KEY (`id`),
  ADD KEY `user_id` (`user_id`),
  ADD KEY `post_id` (`post_id`);

--
-- 資料表索引 `cases`
--
ALTER TABLE `cases`
  ADD PRIMARY KEY (`id`);

--
-- 資料表索引 `case_images`
--
ALTER TABLE `case_images`
  ADD PRIMARY KEY (`id`),
  ADD KEY `case_id` (`case_id`);

--
-- 資料表索引 `categories`
--
ALTER TABLE `categories`
  ADD PRIMARY KEY (`category_id`),
  ADD KEY `parent_id` (`parent_id`);

--
-- 資料表索引 `chat_messages`
--
ALTER TABLE `chat_messages`
  ADD PRIMARY KEY (`id`),
  ADD KEY `room_id` (`room_id`),
  ADD KEY `user_id` (`user_id`),
  ADD KEY `reply_to` (`reply_to`);

--
-- 資料表索引 `chat_rooms`
--
ALTER TABLE `chat_rooms`
  ADD PRIMARY KEY (`id`);

--
-- 資料表索引 `chat_users`
--
ALTER TABLE `chat_users`
  ADD PRIMARY KEY (`id`),
  ADD KEY `user_id` (`user_id`),
  ADD KEY `room_id` (`room_id`);

--
-- 資料表索引 `comments`
--
ALTER TABLE `comments`
  ADD PRIMARY KEY (`id`),
  ADD KEY `post_id` (`post_id`),
  ADD KEY `user_id` (`user_id`);

--
-- 資料表索引 `donations`
--
ALTER TABLE `donations`
  ADD PRIMARY KEY (`id`),
  ADD UNIQUE KEY `trade_no` (`trade_no`),
  ADD KEY `pet_id` (`pet_id`),
  ADD KEY `user_id` (`user_id`);

--
-- 資料表索引 `expenses`
--
ALTER TABLE `expenses`
  ADD PRIMARY KEY (`id`),
  ADD KEY `refund_id` (`refund_id`),
  ADD KEY `created_by` (`created_by`);

--
-- 資料表索引 `follows`
--
ALTER TABLE `follows`
  ADD PRIMARY KEY (`id`),
  ADD KEY `following_user_id` (`following_user_id`),
  ADD KEY `followed_user_id` (`followed_user_id`);

--
-- 資料表索引 `forum_articles`
--
ALTER TABLE `forum_articles`
  ADD PRIMARY KEY (`id`),
  ADD KEY `user_id` (`user_id`);

--
-- 資料表索引 `forum_article_favorites`
--
ALTER TABLE `forum_article_favorites`
  ADD PRIMARY KEY (`id`),
  ADD UNIQUE KEY `unique_favorite` (`user_id`,`article_id`),
  ADD KEY `article_id` (`article_id`);

--
-- 資料表索引 `forum_article_likes`
--
ALTER TABLE `forum_article_likes`
  ADD PRIMARY KEY (`id`),
  ADD UNIQUE KEY `unique_like` (`user_id`,`article_id`),
  ADD KEY `article_id` (`article_id`);

--
-- 資料表索引 `forum_categories`
--
ALTER TABLE `forum_categories`
  ADD PRIMARY KEY (`id`),
  ADD UNIQUE KEY `slug` (`slug`),
  ADD KEY `parent_id` (`parent_id`);

--
-- 資料表索引 `forum_comments`
--
ALTER TABLE `forum_comments`
  ADD PRIMARY KEY (`id`),
  ADD KEY `post_id` (`post_id`),
  ADD KEY `user_id` (`user_id`);

--
-- 資料表索引 `forum_likes`
--
ALTER TABLE `forum_likes`
  ADD PRIMARY KEY (`id`),
  ADD UNIQUE KEY `unique_like` (`post_id`,`user_id`),
  ADD KEY `user_id` (`user_id`);

--
-- 資料表索引 `forum_posts`
--
ALTER TABLE `forum_posts`
  ADD PRIMARY KEY (`id`),
  ADD KEY `user_id` (`user_id`),
  ADD KEY `category_id` (`category_id`);

--
-- 資料表索引 `forum_post_tags`
--
ALTER TABLE `forum_post_tags`
  ADD PRIMARY KEY (`post_id`,`tag_id`),
  ADD KEY `tag_id` (`tag_id`);

--
-- 資料表索引 `forum_tags`
--
ALTER TABLE `forum_tags`
  ADD PRIMARY KEY (`id`),
  ADD UNIQUE KEY `slug` (`slug`);

--
-- 資料表索引 `manager`
--
ALTER TABLE `manager`
  ADD PRIMARY KEY (`id`),
  ADD UNIQUE KEY `manager_account` (`manager_account`),
  ADD UNIQUE KEY `manager_account_2` (`manager_account`);

--
-- 資料表索引 `media_article`
--
ALTER TABLE `media_article`
  ADD PRIMARY KEY (`id`),
  ADD KEY `article_id` (`article_id`),
  ADD KEY `media_id` (`media_id`);

--
-- 資料表索引 `media_chat`
--
ALTER TABLE `media_chat`
  ADD PRIMARY KEY (`id`),
  ADD KEY `message_id` (`message_id`),
  ADD KEY `media_id` (`media_id`);

--
-- 資料表索引 `media_uploads`
--
ALTER TABLE `media_uploads`
  ADD PRIMARY KEY (`id`),
  ADD KEY `user_id` (`user_id`);

--
-- 資料表索引 `notifications`
--
ALTER TABLE `notifications`
  ADD PRIMARY KEY (`id`),
  ADD KEY `user_id_index` (`user_id`),
  ADD KEY `type_index` (`type`),
  ADD KEY `is_read_index` (`is_read`);

--
-- 資料表索引 `orders`
--
ALTER TABLE `orders`
  ADD PRIMARY KEY (`order_id`);

--
-- 資料表索引 `order_items`
--
ALTER TABLE `order_items`
  ADD PRIMARY KEY (`order_item_id`),
  ADD KEY `order_id` (`order_id`),
  ADD KEY `product_id` (`product_id`),
  ADD KEY `variant_id` (`variant_id`);

--
-- 資料表索引 `password_reset_tokens`
--
ALTER TABLE `password_reset_tokens`
  ADD PRIMARY KEY (`id`),
  ADD UNIQUE KEY `email_unique` (`email`);

--
-- 資料表索引 `pets`
--
ALTER TABLE `pets`
  ADD PRIMARY KEY (`id`),
  ADD UNIQUE KEY `chip_number` (`chip_number`),
  ADD KEY `store_id` (`store_id`);

--
-- 資料表索引 `pets_like`
--
ALTER TABLE `pets_like`
  ADD PRIMARY KEY (`user_id`,`pet_id`),
  ADD KEY `pet_id` (`pet_id`);

--
-- 資料表索引 `pets_recent_activities`
--
ALTER TABLE `pets_recent_activities`
  ADD PRIMARY KEY (`id`),
  ADD KEY `pet_id` (`pet_id`);

--
-- 資料表索引 `pet_appointment`
--
ALTER TABLE `pet_appointment`
  ADD PRIMARY KEY (`id`),
  ADD KEY `user_id` (`user_id`),
  ADD KEY `pet_id` (`pet_id`),
  ADD KEY `store_id` (`store_id`);

--
-- 資料表索引 `pet_photos`
--
ALTER TABLE `pet_photos`
  ADD PRIMARY KEY (`id`),
  ADD KEY `pet_id` (`pet_id`);

--
-- 資料表索引 `pet_recommendation`
--
ALTER TABLE `pet_recommendation`
  ADD PRIMARY KEY (`id`),
  ADD KEY `fk_recommendation_user` (`user_id`),
  ADD KEY `fk_recommendation_pet` (`pet_id`);

--
-- 資料表索引 `pet_store`
--
ALTER TABLE `pet_store`
  ADD PRIMARY KEY (`id`);

--
-- 資料表索引 `pet_trait`
--
ALTER TABLE `pet_trait`
  ADD PRIMARY KEY (`pet_id`,`trait_id`),
  ADD KEY `trait_id` (`trait_id`);

--
-- 資料表索引 `pet_trait_list`
--
ALTER TABLE `pet_trait_list`
  ADD PRIMARY KEY (`id`);

--
-- 資料表索引 `posts`
--
ALTER TABLE `posts`
  ADD PRIMARY KEY (`id`),
  ADD KEY `user_id` (`user_id`);

--
-- 資料表索引 `posts_likes`
--
ALTER TABLE `posts_likes`
  ADD PRIMARY KEY (`id`),
  ADD KEY `post_id` (`post_id`),
  ADD KEY `user_id` (`user_id`);

--
-- 資料表索引 `products`
--
ALTER TABLE `products`
  ADD PRIMARY KEY (`product_id`),
  ADD KEY `category_id` (`category_id`);

--
-- 資料表索引 `product_img`
--
ALTER TABLE `product_img`
  ADD PRIMARY KEY (`product_id`);

--
-- 資料表索引 `product_like`
--
ALTER TABLE `product_like`
  ADD PRIMARY KEY (`user_id`,`product_id`);

--
-- 資料表索引 `product_reviews`
--
ALTER TABLE `product_reviews`
  ADD PRIMARY KEY (`review_id`),
  ADD KEY `order_item_id` (`order_item_id`),
  ADD KEY `product_id` (`product_id`),
  ADD KEY `variant_id` (`variant_id`);

--
-- 資料表索引 `product_variants`
--
ALTER TABLE `product_variants`
  ADD PRIMARY KEY (`variant_id`),
  ADD KEY `product_id` (`product_id`);

--
-- 資料表索引 `promotions`
--
ALTER TABLE `promotions`
  ADD PRIMARY KEY (`promotion_id`);

--
-- 資料表索引 `promotion_products`
--
ALTER TABLE `promotion_products`
  ADD PRIMARY KEY (`promotion_product_id`),
  ADD KEY `promotion_id` (`promotion_id`),
  ADD KEY `product_id` (`product_id`),
  ADD KEY `variant_id` (`variant_id`),
  ADD KEY `category_id` (`category_id`);

--
-- 資料表索引 `receipts`
--
ALTER TABLE `receipts`
  ADD PRIMARY KEY (`id`),
  ADD KEY `receipts_ibfk_1` (`donation_id`);

--
-- 資料表索引 `refunds`
--
ALTER TABLE `refunds`
  ADD PRIMARY KEY (`refund_id`),
  ADD KEY `order_id` (`order_id`);

--
-- 資料表索引 `reports`
--
ALTER TABLE `reports`
  ADD PRIMARY KEY (`id`),
  ADD KEY `reporter_id` (`reporter_id`);

--
-- 資料表索引 `return_order`
--
ALTER TABLE `return_order`
  ADD PRIMARY KEY (`return_id`),
  ADD KEY `order_id` (`order_id`);

--
-- 資料表索引 `shopping_cart`
--
ALTER TABLE `shopping_cart`
  ADD PRIMARY KEY (`id`),
  ADD KEY `user_id` (`user_id`),
  ADD KEY `product_id` (`product_id`),
  ADD KEY `variant_id` (`variant_id`);

--
-- 資料表索引 `users`
--
ALTER TABLE `users`
  ADD PRIMARY KEY (`user_id`),
  ADD UNIQUE KEY `user_email` (`user_email`),
  ADD UNIQUE KEY `firebase_uid` (`firebase_uid`),
  ADD UNIQUE KEY `google_email` (`google_email`);

--
-- 資料表索引 `user_questionnaire`
--
ALTER TABLE `user_questionnaire`
  ADD PRIMARY KEY (`id`),
  ADD KEY `fk_questionnaire_user` (`user_id`);

--
-- 資料表索引 `user_sessions`
--
ALTER TABLE `user_sessions`
  ADD PRIMARY KEY (`user_id`);

--
-- 在傾印的資料表使用自動遞增(AUTO_INCREMENT)
--

--
-- 使用資料表自動遞增(AUTO_INCREMENT) `admin_operation_logs`
--
ALTER TABLE `admin_operation_logs`
  MODIFY `id` int NOT NULL AUTO_INCREMENT, AUTO_INCREMENT=31;

--
-- 使用資料表自動遞增(AUTO_INCREMENT) `bank_transfer_details`
--
ALTER TABLE `bank_transfer_details`
  MODIFY `id` int NOT NULL AUTO_INCREMENT, AUTO_INCREMENT=14;

--
-- 使用資料表自動遞增(AUTO_INCREMENT) `bans`
--
ALTER TABLE `bans`
  MODIFY `id` int NOT NULL AUTO_INCREMENT, AUTO_INCREMENT=21;

--
-- 使用資料表自動遞增(AUTO_INCREMENT) `bookmarks`
--
ALTER TABLE `bookmarks`
  MODIFY `id` int NOT NULL AUTO_INCREMENT, AUTO_INCREMENT=21;

--
-- 使用資料表自動遞增(AUTO_INCREMENT) `cases`
--
ALTER TABLE `cases`
  MODIFY `id` int NOT NULL AUTO_INCREMENT, AUTO_INCREMENT=9;

--
-- 使用資料表自動遞增(AUTO_INCREMENT) `case_images`
--
ALTER TABLE `case_images`
  MODIFY `id` int NOT NULL AUTO_INCREMENT, AUTO_INCREMENT=22;

--
-- 使用資料表自動遞增(AUTO_INCREMENT) `categories`
--
ALTER TABLE `categories`
  MODIFY `category_id` int NOT NULL AUTO_INCREMENT, AUTO_INCREMENT=16;

--
-- 使用資料表自動遞增(AUTO_INCREMENT) `chat_messages`
--
ALTER TABLE `chat_messages`
  MODIFY `id` int NOT NULL AUTO_INCREMENT;

--
-- 使用資料表自動遞增(AUTO_INCREMENT) `chat_rooms`
--
ALTER TABLE `chat_rooms`
  MODIFY `id` int NOT NULL AUTO_INCREMENT;

--
-- 使用資料表自動遞增(AUTO_INCREMENT) `chat_users`
--
ALTER TABLE `chat_users`
  MODIFY `id` int NOT NULL AUTO_INCREMENT;

--
-- 使用資料表自動遞增(AUTO_INCREMENT) `comments`
--
ALTER TABLE `comments`
  MODIFY `id` int NOT NULL AUTO_INCREMENT, AUTO_INCREMENT=501;

--
-- 使用資料表自動遞增(AUTO_INCREMENT) `donations`
--
ALTER TABLE `donations`
  MODIFY `id` int NOT NULL AUTO_INCREMENT, AUTO_INCREMENT=1137;

--
-- 使用資料表自動遞增(AUTO_INCREMENT) `expenses`
--
ALTER TABLE `expenses`
  MODIFY `id` int NOT NULL AUTO_INCREMENT, AUTO_INCREMENT=13;

--
-- 使用資料表自動遞增(AUTO_INCREMENT) `follows`
--
ALTER TABLE `follows`
  MODIFY `id` int NOT NULL AUTO_INCREMENT, AUTO_INCREMENT=51;

--
-- 使用資料表自動遞增(AUTO_INCREMENT) `forum_articles`
--
ALTER TABLE `forum_articles`
  MODIFY `id` int NOT NULL AUTO_INCREMENT;

--
-- 使用資料表自動遞增(AUTO_INCREMENT) `forum_article_favorites`
--
ALTER TABLE `forum_article_favorites`
  MODIFY `id` int NOT NULL AUTO_INCREMENT;

--
-- 使用資料表自動遞增(AUTO_INCREMENT) `forum_article_likes`
--
ALTER TABLE `forum_article_likes`
  MODIFY `id` int NOT NULL AUTO_INCREMENT;

--
-- 使用資料表自動遞增(AUTO_INCREMENT) `forum_categories`
--
ALTER TABLE `forum_categories`
  MODIFY `id` int NOT NULL AUTO_INCREMENT, AUTO_INCREMENT=6;

--
-- 使用資料表自動遞增(AUTO_INCREMENT) `forum_comments`
--
ALTER TABLE `forum_comments`
  MODIFY `id` int NOT NULL AUTO_INCREMENT, AUTO_INCREMENT=3;

--
-- 使用資料表自動遞增(AUTO_INCREMENT) `forum_likes`
--
ALTER TABLE `forum_likes`
  MODIFY `id` int NOT NULL AUTO_INCREMENT, AUTO_INCREMENT=3;

--
-- 使用資料表自動遞增(AUTO_INCREMENT) `forum_posts`
--
ALTER TABLE `forum_posts`
  MODIFY `id` int NOT NULL AUTO_INCREMENT, AUTO_INCREMENT=11;

--
-- 使用資料表自動遞增(AUTO_INCREMENT) `forum_tags`
--
ALTER TABLE `forum_tags`
  MODIFY `id` int NOT NULL AUTO_INCREMENT, AUTO_INCREMENT=7;

--
-- 使用資料表自動遞增(AUTO_INCREMENT) `manager`
--
ALTER TABLE `manager`
  MODIFY `id` int NOT NULL AUTO_INCREMENT, AUTO_INCREMENT=22;

--
-- 使用資料表自動遞增(AUTO_INCREMENT) `media_article`
--
ALTER TABLE `media_article`
  MODIFY `id` int NOT NULL AUTO_INCREMENT;

--
-- 使用資料表自動遞增(AUTO_INCREMENT) `media_chat`
--
ALTER TABLE `media_chat`
  MODIFY `id` int NOT NULL AUTO_INCREMENT;

--
-- 使用資料表自動遞增(AUTO_INCREMENT) `media_uploads`
--
ALTER TABLE `media_uploads`
  MODIFY `id` int NOT NULL AUTO_INCREMENT;

--
-- 使用資料表自動遞增(AUTO_INCREMENT) `notifications`
--
ALTER TABLE `notifications`
  MODIFY `id` int NOT NULL AUTO_INCREMENT, AUTO_INCREMENT=41;

--
-- 使用資料表自動遞增(AUTO_INCREMENT) `order_items`
--
ALTER TABLE `order_items`
  MODIFY `order_item_id` int NOT NULL AUTO_INCREMENT, AUTO_INCREMENT=26;

--
-- 使用資料表自動遞增(AUTO_INCREMENT) `password_reset_tokens`
--
ALTER TABLE `password_reset_tokens`
  MODIFY `id` int UNSIGNED NOT NULL AUTO_INCREMENT;

--
-- 使用資料表自動遞增(AUTO_INCREMENT) `pets`
--
ALTER TABLE `pets`
  MODIFY `id` int NOT NULL AUTO_INCREMENT, AUTO_INCREMENT=124;

--
-- 使用資料表自動遞增(AUTO_INCREMENT) `pets_recent_activities`
--
ALTER TABLE `pets_recent_activities`
  MODIFY `id` int NOT NULL AUTO_INCREMENT;

--
-- 使用資料表自動遞增(AUTO_INCREMENT) `pet_appointment`
--
ALTER TABLE `pet_appointment`
  MODIFY `id` int NOT NULL AUTO_INCREMENT, AUTO_INCREMENT=28;

--
-- 使用資料表自動遞增(AUTO_INCREMENT) `pet_photos`
--
ALTER TABLE `pet_photos`
  MODIFY `id` int NOT NULL AUTO_INCREMENT, AUTO_INCREMENT=349;

--
-- 使用資料表自動遞增(AUTO_INCREMENT) `pet_recommendation`
--
ALTER TABLE `pet_recommendation`
  MODIFY `id` int NOT NULL AUTO_INCREMENT;

--
-- 使用資料表自動遞增(AUTO_INCREMENT) `pet_store`
--
ALTER TABLE `pet_store`
  MODIFY `id` int NOT NULL AUTO_INCREMENT, AUTO_INCREMENT=21;

--
-- 使用資料表自動遞增(AUTO_INCREMENT) `pet_trait_list`
--
ALTER TABLE `pet_trait_list`
  MODIFY `id` int NOT NULL AUTO_INCREMENT, AUTO_INCREMENT=35;

--
-- 使用資料表自動遞增(AUTO_INCREMENT) `posts`
--
ALTER TABLE `posts`
  MODIFY `id` int NOT NULL AUTO_INCREMENT, AUTO_INCREMENT=201;

--
-- 使用資料表自動遞增(AUTO_INCREMENT) `posts_likes`
--
ALTER TABLE `posts_likes`
  MODIFY `id` int NOT NULL AUTO_INCREMENT, AUTO_INCREMENT=51;

--
-- 使用資料表自動遞增(AUTO_INCREMENT) `products`
--
ALTER TABLE `products`
  MODIFY `product_id` int NOT NULL AUTO_INCREMENT, AUTO_INCREMENT=52;

--
-- 使用資料表自動遞增(AUTO_INCREMENT) `product_reviews`
--
ALTER TABLE `product_reviews`
  MODIFY `review_id` int NOT NULL AUTO_INCREMENT, AUTO_INCREMENT=4;

--
-- 使用資料表自動遞增(AUTO_INCREMENT) `product_variants`
--
ALTER TABLE `product_variants`
  MODIFY `variant_id` int NOT NULL AUTO_INCREMENT, AUTO_INCREMENT=130;

--
-- 使用資料表自動遞增(AUTO_INCREMENT) `promotions`
--
ALTER TABLE `promotions`
  MODIFY `promotion_id` int NOT NULL AUTO_INCREMENT, AUTO_INCREMENT=8;

--
-- 使用資料表自動遞增(AUTO_INCREMENT) `promotion_products`
--
ALTER TABLE `promotion_products`
  MODIFY `promotion_product_id` int NOT NULL AUTO_INCREMENT, AUTO_INCREMENT=31;

--
-- 使用資料表自動遞增(AUTO_INCREMENT) `receipts`
--
ALTER TABLE `receipts`
  MODIFY `id` int NOT NULL AUTO_INCREMENT, AUTO_INCREMENT=14;

--
-- 使用資料表自動遞增(AUTO_INCREMENT) `refunds`
--
ALTER TABLE `refunds`
  MODIFY `refund_id` int NOT NULL AUTO_INCREMENT;

--
-- 使用資料表自動遞增(AUTO_INCREMENT) `reports`
--
ALTER TABLE `reports`
  MODIFY `id` int NOT NULL AUTO_INCREMENT, AUTO_INCREMENT=21;

--
-- 使用資料表自動遞增(AUTO_INCREMENT) `return_order`
--
ALTER TABLE `return_order`
  MODIFY `return_id` int NOT NULL AUTO_INCREMENT;

--
-- 使用資料表自動遞增(AUTO_INCREMENT) `shopping_cart`
--
ALTER TABLE `shopping_cart`
  MODIFY `id` int NOT NULL AUTO_INCREMENT, AUTO_INCREMENT=6;

--
-- 使用資料表自動遞增(AUTO_INCREMENT) `users`
--
ALTER TABLE `users`
  MODIFY `user_id` int NOT NULL AUTO_INCREMENT, AUTO_INCREMENT=21;

--
-- 使用資料表自動遞增(AUTO_INCREMENT) `user_questionnaire`
--
ALTER TABLE `user_questionnaire`
  MODIFY `id` int NOT NULL AUTO_INCREMENT;

--
-- 已傾印資料表的限制式
--

--
-- 資料表的限制式 `admin_operation_logs`
--
ALTER TABLE `admin_operation_logs`
  ADD CONSTRAINT `fk_admin_logs_admin_id` FOREIGN KEY (`admin_id`) REFERENCES `manager` (`id`) ON DELETE RESTRICT ON UPDATE CASCADE;

--
-- 資料表的限制式 `bank_transfer_details`
--
ALTER TABLE `bank_transfer_details`
  ADD CONSTRAINT `bank_transfer_details_ibfk_1` FOREIGN KEY (`donation_id`) REFERENCES `donations` (`id`) ON DELETE CASCADE;

--
-- 資料表的限制式 `bans`
--
ALTER TABLE `bans`
  ADD CONSTRAINT `bans_ibfk_1` FOREIGN KEY (`user_id`) REFERENCES `users` (`user_id`) ON DELETE CASCADE,
  ADD CONSTRAINT `bans_ibfk_2` FOREIGN KEY (`banned_by`) REFERENCES `users` (`user_id`) ON DELETE CASCADE;

--
-- 資料表的限制式 `bookmarks`
--
ALTER TABLE `bookmarks`
  ADD CONSTRAINT `bookmarks_ibfk_1` FOREIGN KEY (`user_id`) REFERENCES `users` (`user_id`) ON DELETE CASCADE,
  ADD CONSTRAINT `bookmarks_ibfk_2` FOREIGN KEY (`post_id`) REFERENCES `posts` (`id`) ON DELETE CASCADE;

--
-- 資料表的限制式 `case_images`
--
ALTER TABLE `case_images`
  ADD CONSTRAINT `case_images_ibfk_1` FOREIGN KEY (`case_id`) REFERENCES `cases` (`id`) ON DELETE CASCADE;

--
-- 資料表的限制式 `categories`
--
ALTER TABLE `categories`
  ADD CONSTRAINT `categories_ibfk_1` FOREIGN KEY (`parent_id`) REFERENCES `categories` (`category_id`);

--
-- 資料表的限制式 `chat_messages`
--
ALTER TABLE `chat_messages`
  ADD CONSTRAINT `chat_messages_ibfk_1` FOREIGN KEY (`room_id`) REFERENCES `chat_rooms` (`id`) ON DELETE CASCADE,
  ADD CONSTRAINT `chat_messages_ibfk_2` FOREIGN KEY (`user_id`) REFERENCES `users` (`user_id`) ON DELETE CASCADE,
  ADD CONSTRAINT `chat_messages_ibfk_3` FOREIGN KEY (`reply_to`) REFERENCES `chat_messages` (`id`) ON DELETE SET NULL;

--
-- 資料表的限制式 `chat_users`
--
ALTER TABLE `chat_users`
  ADD CONSTRAINT `chat_users_ibfk_1` FOREIGN KEY (`user_id`) REFERENCES `users` (`user_id`) ON DELETE CASCADE,
  ADD CONSTRAINT `chat_users_ibfk_2` FOREIGN KEY (`room_id`) REFERENCES `chat_rooms` (`id`) ON DELETE CASCADE;

--
-- 資料表的限制式 `comments`
--
ALTER TABLE `comments`
  ADD CONSTRAINT `comments_ibfk_1` FOREIGN KEY (`post_id`) REFERENCES `posts` (`id`) ON DELETE CASCADE,
  ADD CONSTRAINT `comments_ibfk_2` FOREIGN KEY (`user_id`) REFERENCES `users` (`user_id`) ON DELETE CASCADE;

--
-- 資料表的限制式 `donations`
--
ALTER TABLE `donations`
  ADD CONSTRAINT `donations_ibfk_1` FOREIGN KEY (`pet_id`) REFERENCES `pets` (`id`),
  ADD CONSTRAINT `donations_ibfk_2` FOREIGN KEY (`user_id`) REFERENCES `users` (`user_id`);

--
-- 資料表的限制式 `expenses`
--
ALTER TABLE `expenses`
  ADD CONSTRAINT `expenses_ibfk_1` FOREIGN KEY (`refund_id`) REFERENCES `refunds` (`refund_id`),
  ADD CONSTRAINT `expenses_ibfk_2` FOREIGN KEY (`created_by`) REFERENCES `manager` (`id`);

--
-- 資料表的限制式 `follows`
--
ALTER TABLE `follows`
  ADD CONSTRAINT `follows_ibfk_1` FOREIGN KEY (`following_user_id`) REFERENCES `users` (`user_id`) ON DELETE CASCADE,
  ADD CONSTRAINT `follows_ibfk_2` FOREIGN KEY (`followed_user_id`) REFERENCES `users` (`user_id`) ON DELETE CASCADE;

--
-- 資料表的限制式 `forum_articles`
--
ALTER TABLE `forum_articles`
  ADD CONSTRAINT `forum_articles_ibfk_1` FOREIGN KEY (`user_id`) REFERENCES `users` (`user_id`) ON DELETE CASCADE;

--
-- 資料表的限制式 `forum_article_favorites`
--
ALTER TABLE `forum_article_favorites`
  ADD CONSTRAINT `forum_article_favorites_ibfk_1` FOREIGN KEY (`user_id`) REFERENCES `users` (`user_id`) ON DELETE CASCADE,
  ADD CONSTRAINT `forum_article_favorites_ibfk_2` FOREIGN KEY (`article_id`) REFERENCES `forum_articles` (`id`) ON DELETE CASCADE;

--
-- 資料表的限制式 `forum_article_likes`
--
ALTER TABLE `forum_article_likes`
  ADD CONSTRAINT `forum_article_likes_ibfk_1` FOREIGN KEY (`user_id`) REFERENCES `users` (`user_id`) ON DELETE CASCADE,
  ADD CONSTRAINT `forum_article_likes_ibfk_2` FOREIGN KEY (`article_id`) REFERENCES `forum_articles` (`id`) ON DELETE CASCADE;

--
-- 資料表的限制式 `forum_categories`
--
ALTER TABLE `forum_categories`
  ADD CONSTRAINT `forum_categories_ibfk_1` FOREIGN KEY (`parent_id`) REFERENCES `forum_categories` (`id`) ON DELETE SET NULL;

--
-- 資料表的限制式 `forum_comments`
--
ALTER TABLE `forum_comments`
  ADD CONSTRAINT `forum_comments_ibfk_1` FOREIGN KEY (`post_id`) REFERENCES `forum_posts` (`id`) ON DELETE CASCADE,
  ADD CONSTRAINT `forum_comments_ibfk_2` FOREIGN KEY (`user_id`) REFERENCES `users` (`user_id`) ON DELETE CASCADE;

--
-- 資料表的限制式 `forum_likes`
--
ALTER TABLE `forum_likes`
  ADD CONSTRAINT `forum_likes_ibfk_1` FOREIGN KEY (`post_id`) REFERENCES `forum_posts` (`id`) ON DELETE CASCADE,
  ADD CONSTRAINT `forum_likes_ibfk_2` FOREIGN KEY (`user_id`) REFERENCES `users` (`user_id`) ON DELETE CASCADE;

--
-- 資料表的限制式 `forum_posts`
--
ALTER TABLE `forum_posts`
  ADD CONSTRAINT `forum_posts_ibfk_1` FOREIGN KEY (`user_id`) REFERENCES `users` (`user_id`) ON DELETE CASCADE,
  ADD CONSTRAINT `forum_posts_ibfk_2` FOREIGN KEY (`category_id`) REFERENCES `forum_categories` (`id`) ON DELETE CASCADE;

--
-- 資料表的限制式 `forum_post_tags`
--
ALTER TABLE `forum_post_tags`
  ADD CONSTRAINT `forum_post_tags_ibfk_1` FOREIGN KEY (`post_id`) REFERENCES `forum_posts` (`id`) ON DELETE CASCADE,
  ADD CONSTRAINT `forum_post_tags_ibfk_2` FOREIGN KEY (`tag_id`) REFERENCES `forum_tags` (`id`) ON DELETE CASCADE;

--
-- 資料表的限制式 `media_article`
--
ALTER TABLE `media_article`
  ADD CONSTRAINT `media_article_ibfk_1` FOREIGN KEY (`article_id`) REFERENCES `forum_articles` (`id`) ON DELETE CASCADE,
  ADD CONSTRAINT `media_article_ibfk_2` FOREIGN KEY (`media_id`) REFERENCES `media_uploads` (`id`) ON DELETE CASCADE;

--
-- 資料表的限制式 `media_chat`
--
ALTER TABLE `media_chat`
  ADD CONSTRAINT `media_chat_ibfk_1` FOREIGN KEY (`message_id`) REFERENCES `chat_messages` (`id`) ON DELETE CASCADE,
  ADD CONSTRAINT `media_chat_ibfk_2` FOREIGN KEY (`media_id`) REFERENCES `media_uploads` (`id`) ON DELETE CASCADE;

--
-- 資料表的限制式 `media_uploads`
--
ALTER TABLE `media_uploads`
  ADD CONSTRAINT `media_uploads_ibfk_1` FOREIGN KEY (`user_id`) REFERENCES `users` (`user_id`) ON DELETE CASCADE;

--
-- 資料表的限制式 `order_items`
--
ALTER TABLE `order_items`
  ADD CONSTRAINT `order_items_ibfk_1` FOREIGN KEY (`order_id`) REFERENCES `orders` (`order_id`) ON DELETE CASCADE,
  ADD CONSTRAINT `order_items_ibfk_2` FOREIGN KEY (`product_id`) REFERENCES `products` (`product_id`),
  ADD CONSTRAINT `order_items_ibfk_3` FOREIGN KEY (`variant_id`) REFERENCES `product_variants` (`variant_id`);

--
-- 資料表的限制式 `pets`
--
ALTER TABLE `pets`
  ADD CONSTRAINT `pets_ibfk_1` FOREIGN KEY (`store_id`) REFERENCES `pet_store` (`id`);

--
-- 資料表的限制式 `pets_like`
--
ALTER TABLE `pets_like`
  ADD CONSTRAINT `pets_like_ibfk_1` FOREIGN KEY (`user_id`) REFERENCES `users` (`user_id`),
  ADD CONSTRAINT `pets_like_ibfk_2` FOREIGN KEY (`pet_id`) REFERENCES `pets` (`id`);

--
-- 資料表的限制式 `pets_recent_activities`
--
ALTER TABLE `pets_recent_activities`
  ADD CONSTRAINT `pets_recent_activities_ibfk_1` FOREIGN KEY (`pet_id`) REFERENCES `pets` (`id`);

--
-- 資料表的限制式 `pet_appointment`
--
ALTER TABLE `pet_appointment`
  ADD CONSTRAINT `pet_appointment_ibfk_1` FOREIGN KEY (`user_id`) REFERENCES `users` (`user_id`),
  ADD CONSTRAINT `pet_appointment_ibfk_2` FOREIGN KEY (`pet_id`) REFERENCES `pets` (`id`),
  ADD CONSTRAINT `pet_appointment_ibfk_3` FOREIGN KEY (`store_id`) REFERENCES `pet_store` (`id`);

--
-- 資料表的限制式 `pet_photos`
--
ALTER TABLE `pet_photos`
  ADD CONSTRAINT `fk_pet_photos_pet_id` FOREIGN KEY (`pet_id`) REFERENCES `pets` (`id`) ON DELETE CASCADE,
  ADD CONSTRAINT `pet_photos_ibfk_1` FOREIGN KEY (`pet_id`) REFERENCES `pets` (`id`) ON DELETE CASCADE;

--
-- 資料表的限制式 `pet_recommendation`
--
ALTER TABLE `pet_recommendation`
  ADD CONSTRAINT `fk_recommendation_pet` FOREIGN KEY (`pet_id`) REFERENCES `pets` (`id`) ON DELETE CASCADE,
  ADD CONSTRAINT `fk_recommendation_user` FOREIGN KEY (`user_id`) REFERENCES `users` (`user_id`) ON DELETE CASCADE;

--
-- 資料表的限制式 `pet_trait`
--
ALTER TABLE `pet_trait`
  ADD CONSTRAINT `pet_trait_ibfk_1` FOREIGN KEY (`pet_id`) REFERENCES `pets` (`id`),
  ADD CONSTRAINT `pet_trait_ibfk_2` FOREIGN KEY (`trait_id`) REFERENCES `pet_trait_list` (`id`);

--
-- 資料表的限制式 `posts`
--
ALTER TABLE `posts`
  ADD CONSTRAINT `posts_ibfk_1` FOREIGN KEY (`user_id`) REFERENCES `users` (`user_id`) ON DELETE CASCADE;

--
-- 資料表的限制式 `posts_likes`
--
ALTER TABLE `posts_likes`
  ADD CONSTRAINT `posts_likes_ibfk_1` FOREIGN KEY (`post_id`) REFERENCES `posts` (`id`) ON DELETE CASCADE,
  ADD CONSTRAINT `posts_likes_ibfk_2` FOREIGN KEY (`user_id`) REFERENCES `users` (`user_id`) ON DELETE CASCADE;

--
-- 資料表的限制式 `products`
--
ALTER TABLE `products`
  ADD CONSTRAINT `products_ibfk_1` FOREIGN KEY (`category_id`) REFERENCES `categories` (`category_id`);

--
-- 資料表的限制式 `product_reviews`
--
ALTER TABLE `product_reviews`
  ADD CONSTRAINT `product_reviews_ibfk_1` FOREIGN KEY (`order_item_id`) REFERENCES `order_items` (`order_item_id`) ON DELETE CASCADE,
  ADD CONSTRAINT `product_reviews_ibfk_2` FOREIGN KEY (`product_id`) REFERENCES `products` (`product_id`),
  ADD CONSTRAINT `product_reviews_ibfk_3` FOREIGN KEY (`variant_id`) REFERENCES `product_variants` (`variant_id`);

--
-- 資料表的限制式 `product_variants`
--
ALTER TABLE `product_variants`
  ADD CONSTRAINT `product_variants_ibfk_1` FOREIGN KEY (`product_id`) REFERENCES `products` (`product_id`) ON DELETE CASCADE;

--
-- 資料表的限制式 `promotion_products`
--
ALTER TABLE `promotion_products`
  ADD CONSTRAINT `promotion_products_ibfk_1` FOREIGN KEY (`promotion_id`) REFERENCES `promotions` (`promotion_id`) ON DELETE CASCADE,
  ADD CONSTRAINT `promotion_products_ibfk_2` FOREIGN KEY (`product_id`) REFERENCES `products` (`product_id`),
  ADD CONSTRAINT `promotion_products_ibfk_3` FOREIGN KEY (`variant_id`) REFERENCES `product_variants` (`variant_id`),
  ADD CONSTRAINT `promotion_products_ibfk_4` FOREIGN KEY (`category_id`) REFERENCES `categories` (`category_id`);

--
-- 資料表的限制式 `receipts`
--
ALTER TABLE `receipts`
  ADD CONSTRAINT `receipts_ibfk_1` FOREIGN KEY (`donation_id`) REFERENCES `donations` (`id`) ON DELETE CASCADE;

--
-- 資料表的限制式 `refunds`
--
ALTER TABLE `refunds`
  ADD CONSTRAINT `refunds_ibfk_1` FOREIGN KEY (`order_id`) REFERENCES `orders` (`order_id`) ON DELETE CASCADE;

--
-- 資料表的限制式 `reports`
--
ALTER TABLE `reports`
  ADD CONSTRAINT `reports_ibfk_1` FOREIGN KEY (`reporter_id`) REFERENCES `users` (`user_id`) ON DELETE CASCADE;

--
-- 資料表的限制式 `return_order`
--
ALTER TABLE `return_order`
  ADD CONSTRAINT `return_order_ibfk_1` FOREIGN KEY (`order_id`) REFERENCES `orders` (`order_id`) ON DELETE CASCADE;

--
-- 資料表的限制式 `shopping_cart`
--
ALTER TABLE `shopping_cart`
  ADD CONSTRAINT `shopping_cart_ibfk_1` FOREIGN KEY (`user_id`) REFERENCES `users` (`user_id`),
  ADD CONSTRAINT `shopping_cart_ibfk_2` FOREIGN KEY (`product_id`) REFERENCES `products` (`product_id`),
  ADD CONSTRAINT `shopping_cart_ibfk_3` FOREIGN KEY (`variant_id`) REFERENCES `product_variants` (`variant_id`);

--
-- 資料表的限制式 `user_questionnaire`
--
ALTER TABLE `user_questionnaire`
  ADD CONSTRAINT `fk_questionnaire_user` FOREIGN KEY (`user_id`) REFERENCES `users` (`user_id`) ON DELETE SET NULL;

--
-- 資料表的限制式 `user_sessions`
--
ALTER TABLE `user_sessions`
  ADD CONSTRAINT `user_sessions_ibfk_1` FOREIGN KEY (`user_id`) REFERENCES `users` (`user_id`);
COMMIT;

/*!40101 SET CHARACTER_SET_CLIENT=@OLD_CHARACTER_SET_CLIENT */;
/*!40101 SET CHARACTER_SET_RESULTS=@OLD_CHARACTER_SET_RESULTS */;
/*!40101 SET COLLATION_CONNECTION=@OLD_COLLATION_CONNECTION */;